ID,p_Action,p_Adventure,p_Animation,p_Biography,p_Comedy,p_Crime,p_Documentary,p_Drama,p_Family,p_Fantasy,p_Film-Noir,p_History,p_Horror,p_Music,p_Musical,p_Mystery,p_News,p_Romance,p_Sci-Fi,p_Short,p_Sport,p_Thriller,p_War,p_Western
1,0.040094577,0.07091757,0.009422598,0.014923844,0.38683173,0.08045693,0.0010211418,0.6269847,0.06719282,0.203556,0.009819368,0.009923049,0.17661044,0.01075827,0.01900152,0.16447741,2.5734931e-05,0.3671231,0.07516058,0.005948391,0.0016380278,0.23467727,0.005972198,0.002744737
4,0.25695372,0.034990083,0.00025439373,0.026026305,0.18858497,0.55135417,0.003104085,0.81774914,0.0041690604,0.0034963787,0.024590978,0.014093636,0.009112875,0.0025110121,0.0020499872,0.07397861,7.944692e-05,0.123347685,0.010428432,0.0011316441,0.01244358,0.4356839,0.013793691,0.017554121
5,0.12725928,0.016018748,0.00031287436,0.028178714,0.20962216,0.5607055,0.0050497493,0.76293385,0.0034743324,0.008849717,0.049173485,0.011641875,0.047764793,0.0060499734,0.0038229453,0.22839884,0.0001289375,0.16690978,0.028047359,0.0019398826,0.0039163763,0.5919143,0.0073703877,0.004393039
6,0.18342258,0.117722884,0.0033986515,0.044802725,0.16967097,0.14676137,0.009402506,0.7493712,0.015435252,0.04420516,0.01886139,0.05642625,0.099142306,0.004710618,0.0062375455,0.14938019,0.00027263764,0.22349426,0.111252196,0.0034494328,0.0051518315,0.4313807,0.122228585,0.011606516
7,0.014974309,0.0139720645,0.0027078292,0.0016866407,0.19404079,0.052657522,0.00061429804,0.13324615,0.015151868,0.14114185,0.00087742094,0.00049409695,0.94574374,0.006881753,0.0036776492,0.30170324,5.6946797e-06,0.036477968,0.147592,0.0031460836,6.317272e-05,0.5066231,5.98527e-05,0.00010019318
9,0.30240837,0.31550318,0.022112105,0.097303554,0.18379205,0.08373975,0.027378045,0.66532445,0.074804045,0.05398642,0.009300407,0.12693769,0.028359935,0.024293186,0.022318387,0.03929375,0.00095201214,0.18292494,0.04952518,0.012393341,0.055686776,0.14590041,0.20734349,0.10144855
11,0.06294809,0.06756148,0.022690265,0.096499465,0.4441974,0.037789162,0.21261832,0.47829163,0.092731155,0.022313042,0.00081067113,0.027016312,0.0108795455,0.15000501,0.0312082,0.012679023,0.000670626,0.12406219,0.033909652,0.01885345,0.28426707,0.03879347,0.015152737,0.007703145
13,0.38552123,0.020899205,0.0002686065,0.0043957513,0.5577265,0.76775706,0.00051272614,0.47979885,0.006669897,0.0030694474,0.013092657,0.0015608885,0.008129859,0.0032069264,0.0030766872,0.08620802,1.4384041e-05,0.08503862,0.008720489,0.0021881566,0.010907984,0.48710936,0.0009382501,0.0035996363
16,0.005356824,0.011957148,0.00034975805,0.01549734,0.43892044,0.032833807,6.1896135e-05,0.82186717,0.009926699,0.016143115,0.006336024,0.0063985167,0.0027482205,0.009838242,0.015206499,0.017334003,1.5675645e-06,0.7044138,0.0017452841,0.0007896594,0.0011356436,0.040759232,0.002654423,0.0015323106
21,0.0055726753,0.01843191,0.0017368068,0.0057717226,0.8034238,0.01702398,9.648579e-05,0.5021535,0.042106993,0.02033263,0.00034780722,0.0013299332,0.0009056942,0.026011307,0.025110925,0.0025905531,6.187343e-07,0.5821619,0.0016897804,0.0028400794,0.006102283,0.008327749,0.0001639308,0.0009519854
22,0.021788813,0.12787358,0.044849046,0.010758288,0.4291057,0.016277919,0.0005225858,0.58312476,0.19705085,0.45716035,0.0017650904,0.008634499,0.12463957,0.012126703,0.026723824,0.059781574,8.48309e-06,0.45188788,0.09209772,0.007680816,0.0011520901,0.06995674,0.0027759837,0.0015191032
24,0.17331201,0.018855527,0.00036554993,0.003989897,0.53143454,0.4815994,0.00027305415,0.45849457,0.0069482913,0.016182179,0.018926622,0.0012691821,0.083166,0.00476239,0.0056849583,0.21629669,1.0266794e-05,0.23529631,0.04100701,0.0020208394,0.0020436037,0.59508175,0.0012277628,0.0007311633
25,0.31036434,0.26642266,0.011494809,0.006069837,0.5870243,0.342286,0.00022232879,0.3325076,0.098308235,0.07437769,0.006930727,0.006429016,0.025886787,0.0064065126,0.017695032,0.03690322,1.4921283e-05,0.13522246,0.013801651,0.009160697,0.0056155697,0.18321387,0.002379177,0.14270076
32,0.004338343,0.004810353,0.00050139887,0.012533784,0.8205294,0.028192857,0.00026525228,0.41655964,0.011481054,0.0048183626,0.0021173107,0.0015512162,0.00074148295,0.11278128,0.08103984,0.007825628,2.2095774e-06,0.7117224,0.00086458883,0.0028954756,0.010830687,0.016807469,0.00055975706,0.00025633958
38,0.008024089,0.009391405,0.0010797903,0.0048113666,0.7130525,0.037086926,0.0003353041,0.5463921,0.03094039,0.056799643,0.0009723702,0.0005464048,0.06519275,0.014401849,0.007065631,0.02774039,1.1777056e-06,0.39764768,0.03694329,0.0017046989,0.0031392346,0.093693905,0.00014151615,0.00018112929
40,0.41552475,0.022148365,0.00010124882,0.005455747,0.30249873,0.80456764,0.00024752558,0.62877,0.0029532323,0.0019431806,0.021070134,0.0022168397,0.004937205,0.0012441664,0.001613366,0.07349302,9.710922e-06,0.07191773,0.0037376105,0.0009353079,0.0044097775,0.54552066,0.0010058201,0.011889838
54,0.0126811005,0.029118728,0.009948534,0.0011838429,0.8742546,0.02578528,6.6470566e-05,0.15912956,0.11270017,0.14106636,0.0003041922,0.00022098234,0.05834727,0.019314893,0.030145695,0.018668955,7.101634e-07,0.41188404,0.03726249,0.006553896,0.0027035384,0.045794293,2.6263699e-05,0.000112382106
55,0.015167581,0.016018657,0.0024235237,0.00324242,0.18738635,0.065635,0.00064222416,0.30360058,0.01768286,0.16535404,0.0019666315,0.0008982534,0.9076986,0.0057866983,0.0033578307,0.29314932,6.0022526e-06,0.064248234,0.11953066,0.002643835,9.093628e-05,0.49435535,0.00019964612,0.00026460818
60,0.05885367,0.13968778,0.061974637,0.0024665655,0.72159445,0.039966363,0.00054733467,0.14095883,0.27965823,0.27203798,0.0003150036,0.0009664753,0.24061722,0.020902283,0.02733641,0.03152321,7.4516906e-06,0.12545832,0.11097066,0.016711619,0.007348268,0.09008489,0.00016489872,0.0016140022
64,0.014009988,0.014340568,0.0016612965,0.006287268,0.76624596,0.0714209,0.00027370913,0.49979302,0.028192628,0.04931203,0.0035101736,0.0015111559,0.026779953,0.01988532,0.020585941,0.0435236,3.3605932e-06,0.5532931,0.021209942,0.0040133744,0.0028928188,0.10521381,0.0006068259,0.0003765487
72,0.022343805,0.015039846,0.008170074,0.10831229,0.20833403,0.054141343,0.76200444,0.30363387,0.013593423,0.005738463,0.00041120662,0.04415583,0.011557349,0.13519469,0.009171689,0.02135884,0.0025490113,0.026515564,0.02020395,0.020756582,0.033729356,0.055896424,0.0058325687,0.0019958988
74,0.058393255,0.021205194,0.0011530833,0.003657773,0.70504093,0.22185966,0.00018366195,0.4192475,0.026043914,0.043376666,0.0066823303,0.000951625,0.090300776,0.012337164,0.013214194,0.10991859,4.3188043e-06,0.34738678,0.0355903,0.0030611544,0.0034699761,0.29842326,0.0005152212,0.0007339707
77,0.3992811,0.021561764,0.0008584709,0.010460643,0.27016747,0.7511517,0.00903582,0.45097297,0.0068952776,0.008639933,0.015395765,0.0038525956,0.07457993,0.005749372,0.0024170752,0.2387895,0.00016514953,0.043793634,0.054922782,0.0041987156,0.0073236525,0.6590508,0.0016769157,0.0024273263
78,0.049987376,0.033911735,0.0024985515,0.013566047,0.6585415,0.1365631,0.00094896846,0.59108925,0.031948302,0.04055471,0.007871004,0.0054993024,0.027829112,0.01984784,0.01959234,0.061864235,1.871712e-05,0.45138502,0.032844715,0.004734827,0.012092864,0.17926215,0.0049397945,0.0022618081
89,0.11029456,0.34025946,0.026973652,0.04202247,0.23213823,0.015216099,0.00095529086,0.69330734,0.09180865,0.16027372,0.0043471777,0.13699478,0.010038315,0.008150425,0.042272195,0.028690385,6.905595e-05,0.58252597,0.033435777,0.0069780573,0.0037749186,0.05833886,0.17471516,0.014209482
94,0.0025094934,0.01361749,0.0022003404,0.009089489,0.584952,0.009758561,0.00011333743,0.686826,0.031379357,0.10900181,0.001526875,0.003037568,0.016870627,0.014119818,0.018648097,0.022428786,9.991e-07,0.72311413,0.012978018,0.0018038411,0.0004914585,0.031254172,0.0008099677,0.00020269626
97,0.028432412,0.029471599,0.004004325,0.0033808704,0.17045963,0.08189255,0.00054049643,0.2954215,0.024981596,0.2276928,0.0037290673,0.001435561,0.89137304,0.0046173763,0.0051405677,0.3428004,9.702526e-06,0.07266306,0.10337085,0.0034851658,6.992129e-05,0.52125186,0.00035463477,0.000621357
98,0.2736881,0.20800614,0.014145961,0.010037936,0.6842947,0.22524823,0.0011018272,0.35452867,0.14066932,0.053328797,0.003204941,0.00596093,0.027934412,0.018967297,0.021080859,0.02297672,3.49189e-05,0.14725192,0.035244502,0.009278465,0.07348445,0.13157088,0.003326537,0.054049022
105,0.4115247,0.041506473,0.0006937892,0.010343556,0.43834335,0.6359436,0.0018712565,0.57792115,0.009552075,0.0072978814,0.017771995,0.0049810787,0.021329425,0.0045096856,0.004011405,0.11486604,5.4288023e-05,0.1176186,0.033075664,0.0030237713,0.01965608,0.55800354,0.00626091,0.00636105
115,0.02312392,0.013952462,0.0004851138,0.02986237,0.17685801,0.20776248,0.0019796726,0.8062055,0.0071122707,0.04146747,0.043147262,0.009282723,0.20684855,0.007739196,0.0056996294,0.28396028,4.761681e-05,0.2767472,0.032419626,0.0013290441,0.00093931233,0.45459002,0.00423741,0.0025718454
116,0.10309859,0.09804861,0.014664963,0.017783519,0.41803616,0.089635715,0.009556822,0.50866544,0.07871046,0.14204653,0.003438218,0.008831391,0.36362264,0.017225381,0.010607343,0.113334425,7.7921846e-05,0.15396501,0.23506431,0.009001668,0.0108406525,0.30543363,0.008535964,0.0044326647
117,0.4377425,0.20416959,0.0111986,0.001253907,0.31573477,0.08953305,0.00058621285,0.12476655,0.05569633,0.11963364,0.00046872644,0.0011940292,0.5802382,0.0034848712,0.004610259,0.104185596,9.423628e-06,0.039467767,0.4565978,0.0030831893,0.0022738639,0.47133556,0.0012974291,0.0009921063
125,0.33540004,0.08237825,0.003181092,0.007008071,0.55636346,0.55876815,0.0009802913,0.41811147,0.033935945,0.031364504,0.014016497,0.0037624978,0.057528835,0.0062520513,0.008652247,0.13021491,4.23039e-05,0.11532102,0.03176915,0.0076645403,0.008686105,0.4444033,0.002853549,0.013679958
126,0.6451059,0.047706522,0.00028770833,0.0039198864,0.33953834,0.7552419,0.00041794416,0.4933451,0.0044584847,0.0051353932,0.01473179,0.0025955455,0.016816225,0.0009781701,0.0016727842,0.11983705,1.6959346e-05,0.07136939,0.033407215,0.0013271192,0.0037479447,0.7216721,0.00319541,0.0050205546
130,0.09679131,0.17694588,0.038800593,0.011743444,0.37020603,0.050519865,0.0022594729,0.45909244,0.16252378,0.3271154,0.0030174316,0.010390329,0.39132726,0.012596545,0.01939133,0.121511735,4.381473e-05,0.20670483,0.20270047,0.010994572,0.0039064502,0.23174414,0.008334056,0.004390766
133,0.34893972,0.018461784,8.272846e-05,0.0051188897,0.12499227,0.73193026,0.0004188036,0.64375067,0.0009126185,0.0068323393,0.03384918,0.0028747283,0.048826627,0.00039548168,0.000695292,0.3199943,1.3578072e-05,0.08147235,0.036600724,0.00067047484,0.00014474888,0.8328233,0.0020006988,0.0014143635
137,0.13949466,0.0525611,0.006718685,0.021213783,0.71750414,0.17619096,0.012837566,0.418771,0.096179835,0.016881982,0.001548727,0.003953537,0.012101481,0.05801865,0.018303609,0.015648937,8.498802e-05,0.13432999,0.023988346,0.009071306,0.39944786,0.08460917,0.0016058832,0.008149097
138,0.56024647,0.16335045,0.005855407,0.008206693,0.41926414,0.5427992,0.0019791564,0.37550312,0.032434728,0.04424362,0.015150588,0.0077997167,0.094437644,0.0038995985,0.007952393,0.18637264,0.000112720714,0.09837695,0.108670995,0.007905376,0.007803847,0.6124443,0.011847403,0.01474032
140,0.015655393,0.025376456,0.004941053,0.007951002,0.7826613,0.055646222,0.0004677129,0.46103224,0.053721108,0.07117189,0.0026182053,0.0023737722,0.02351374,0.028397545,0.031497657,0.03466802,6.1006526e-06,0.5468586,0.023182036,0.0077481274,0.0045519345,0.06945559,0.00090800243,0.00062667095
141,0.68229276,0.13172707,0.0012773066,0.0037047442,0.31288058,0.6097342,0.0004170145,0.42194942,0.011477823,0.023959156,0.009824432,0.0038491713,0.05619454,0.0008626439,0.0023103158,0.13507856,2.0331867e-05,0.06891773,0.09158028,0.002288538,0.0019495051,0.71678275,0.006231046,0.011425684
145,0.10128203,0.08749039,0.009964338,0.04854474,0.24670124,0.077383466,0.051650424,0.60973024,0.036669318,0.08804583,0.005219542,0.03310317,0.3049618,0.016703952,0.007197395,0.15086249,0.00047960551,0.14650331,0.34787685,0.007903974,0.011203101,0.34102815,0.046650764,0.0037055537
147,0.007497942,0.015172445,0.004807142,0.008228164,0.7778075,0.032238014,0.0008424339,0.3873568,0.053446032,0.08244644,0.0015540703,0.0011330576,0.0664431,0.041132767,0.026366131,0.033842042,6.306997e-06,0.4652496,0.0327636,0.00695834,0.0060598417,0.0694209,0.00028390854,0.000285638
148,0.007420737,0.013385919,0.0018720219,0.02591128,0.49442396,0.048938833,0.0015730155,0.7577296,0.030472573,0.052450247,0.006872165,0.005262612,0.030596403,0.032606177,0.01731664,0.047548305,1.6165211e-05,0.47600845,0.015313478,0.0034765452,0.0042841034,0.07953297,0.0021825077,0.0013691488
153,0.10660603,0.32754627,0.085181564,0.00021725525,0.35037363,0.004329419,3.24381e-05,0.048841327,0.35216796,0.68478715,1.1026992e-05,0.00028089705,0.548778,0.0014955834,0.009442669,0.022013573,2.9717796e-07,0.049895097,0.39213493,0.002958955,0.00010253101,0.076345414,1.9035706e-05,0.0001330786
154,0.041058738,0.056555755,0.00488839,0.016885249,0.34598845,0.1489863,0.0006720918,0.619114,0.044991843,0.12212653,0.023357362,0.009733728,0.14447942,0.012710549,0.01953935,0.186748,2.9414727e-05,0.32897252,0.022531062,0.005114581,0.0016098552,0.26323757,0.0037025958,0.007529112
155,0.022745503,0.015228978,0.0014885257,0.061695695,0.32035387,0.14811766,0.0167015,0.80616826,0.020432893,0.019539215,0.012395838,0.015030716,0.033028513,0.04785774,0.012277346,0.06002115,0.00017596793,0.23772292,0.01906876,0.0034142467,0.03061229,0.14926621,0.0073511726,0.0070829513
158,0.65673643,0.4624596,0.017863138,0.0011470409,0.111393616,0.010240659,0.0021057082,0.06494066,0.044660423,0.13304256,1.9258603e-05,0.0034769727,0.3930711,0.001592311,0.0018416564,0.034308735,1.4333855e-05,0.017001487,0.88986206,0.0014807874,0.0015336514,0.3250668,0.0022024696,0.0002596811
159,0.27725658,0.030640142,0.0007899589,0.010127969,0.46144193,0.6030108,0.0024471856,0.5546644,0.0114487,0.011609093,0.016487632,0.00373407,0.03801982,0.007471548,0.004941267,0.12780441,4.786666e-05,0.11077342,0.028702373,0.00396221,0.011650782,0.49099633,0.002740529,0.0068916115
161,0.12447837,0.05536726,0.0029018377,0.0022597471,0.16268377,0.10984781,0.00088049,0.21708828,0.015985524,0.08949594,0.0010532787,0.0012451909,0.7911142,0.0031898238,0.0019466978,0.18792406,8.591938e-06,0.026552847,0.2098243,0.002141036,0.00023996127,0.54077125,0.00056764565,0.00096934097
162,0.008220529,0.011046522,0.0010168793,0.0061277277,0.714869,0.046016045,0.0001439585,0.5961699,0.022168016,0.05046861,0.0026864342,0.001383423,0.018733073,0.014993269,0.015377936,0.03352535,1.4939558e-06,0.6096313,0.017427796,0.0020116782,0.0018535639,0.08221499,0.0004592525,0.00027787883
163,0.059820287,0.019112404,0.0011341403,0.016755462,0.6970444,0.115087226,0.0036195267,0.5533483,0.029657332,0.006008552,0.0017483874,0.0027923272,0.0043397928,0.040496994,0.013398337,0.010647066,2.6842648e-05,0.25245264,0.00998057,0.0027992774,0.20418236,0.06781664,0.0018766642,0.0023669018
182,0.088376164,0.021649767,0.00055706466,0.0033450108,0.58622515,0.33094567,0.00014041596,0.45885783,0.011649492,0.025201812,0.009542065,0.0011319137,0.061838545,0.004222407,0.006521884,0.13192731,3.380229e-06,0.25523362,0.02154815,0.0022047393,0.0010828823,0.39606214,0.00059362326,0.0010276337
187,0.013915602,0.022270344,0.005670777,0.008031515,0.81408054,0.0836801,0.0006159246,0.3306269,0.067644484,0.056712035,0.0028725872,0.0015837823,0.03285164,0.04671007,0.039491296,0.035873428,9.04478e-06,0.3880487,0.009029291,0.014203038,0.006774221,0.06752347,0.00029971264,0.0012299019
189,0.19824122,0.025716998,0.0004509537,0.0027125299,0.5608821,0.47960594,0.00014377455,0.46695518,0.014252636,0.021991698,0.00855663,0.00070601626,0.06699913,0.0036858318,0.004178498,0.12022309,4.386309e-06,0.15876105,0.029302206,0.0018765863,0.0029031027,0.4762881,0.00040962035,0.0017731737
190,0.16690151,0.055367857,0.0036224101,0.0035437762,0.7445731,0.20287295,0.0007242375,0.35337344,0.06049182,0.04652066,0.0022961076,0.0011530519,0.07674547,0.013796377,0.009955661,0.04880771,1.3546513e-05,0.2087972,0.1062435,0.004236907,0.030472327,0.2484555,0.0009837305,0.0017324843
193,0.005579962,0.011042064,0.0003791906,0.049087696,0.21400651,0.049390595,0.0006957319,0.90985596,0.01221718,0.016562145,0.013088067,0.012930602,0.011311531,0.020569013,0.00971104,0.029840158,1.6400087e-05,0.46047837,0.0029595979,0.00064903294,0.004524018,0.05748837,0.0052548596,0.0063737147
194,0.07733452,0.04043015,0.0033002896,0.010316204,0.5811695,0.18053654,0.0017540841,0.5479913,0.039564516,0.06674156,0.0074669137,0.0034698774,0.16416626,0.0130445445,0.010536666,0.12267455,2.4990955e-05,0.26081392,0.09770102,0.005047931,0.008074478,0.3215651,0.0033539997,0.0019275766
197,0.000331965,0.0010082264,9.174081e-05,0.000315015,0.9371726,0.005595876,4.2219168e-07,0.3001107,0.009345678,0.021726405,8.737701e-05,2.2388633e-05,0.0011688782,0.0073736394,0.013921572,0.0025658805,2.0813926e-09,0.85044664,0.0010275142,0.0003991912,6.6250155e-05,0.007286749,8.316359e-07,1.944266e-06
201,0.30429623,0.029789358,0.00026598087,0.008136499,0.26674956,0.6950004,0.00053021655,0.6091693,0.003454536,0.008933837,0.055308264,0.0048365956,0.034893673,0.0018863219,0.0037117205,0.26185447,3.069745e-05,0.16705875,0.018868482,0.0018112744,0.0013030733,0.7026268,0.0037176516,0.0048436513
202,0.07329309,0.08834402,0.010985896,0.0017064159,0.9323561,0.39067382,2.093381e-05,0.11293124,0.1563683,0.04573249,0.005265659,0.0010020308,0.0034829574,0.023081949,0.092553146,0.027123576,2.2670445e-06,0.3297383,0.0013247973,0.021911552,0.003408244,0.049137123,5.9515536e-05,0.010941098
204,0.47581947,0.5711291,0.0058024637,0.032223836,0.08580972,0.10105836,0.00043449833,0.64561987,0.026735367,0.02688734,0.012142399,0.13054073,0.008106342,0.0019961996,0.0088884765,0.012211957,5.727006e-05,0.13575241,0.0044797338,0.0022433673,0.0032643976,0.14563638,0.2067771,0.74774206
206,0.014109985,0.008045657,0.0005380589,0.009879609,0.48234424,0.12968415,0.0006716807,0.66865104,0.012860853,0.052053325,0.009963443,0.0014556784,0.20102884,0.012489046,0.006843554,0.17501087,6.190734e-06,0.3561038,0.050998226,0.0015127265,0.0014257693,0.34149984,0.00075674616,0.00033872685
207,0.09483744,0.06655573,0.014817199,0.030802278,0.62637293,0.23285311,0.020718692,0.4706948,0.092350975,0.059959777,0.007831735,0.010065522,0.06919563,0.05421986,0.024634892,0.07089376,0.0002826316,0.16875404,0.05062265,0.023592928,0.067857295,0.18327786,0.004482682,0.014788624
213,0.063283294,0.17656617,0.04491211,0.028427353,0.3944173,0.027484119,0.0047979713,0.6308569,0.15300225,0.29857787,0.003246892,0.0297198,0.07859932,0.018803688,0.02874696,0.05951779,9.050288e-05,0.40401256,0.19079551,0.012320987,0.0075724274,0.10430724,0.019808441,0.004458191
224,0.03204216,0.020908168,0.0007447686,0.019499714,0.40524128,0.13156055,0.0014928267,0.7853602,0.014802659,0.026504982,0.007844532,0.005989595,0.032340787,0.008366018,0.005353657,0.05613225,1.611156e-05,0.31554496,0.024797944,0.0016980689,0.005262517,0.18851094,0.0033001923,0.0033921823
225,0.3850908,0.23279776,0.0061921976,0.02940074,0.25697652,0.17084561,0.0044639767,0.6389154,0.021837559,0.027395757,0.013263542,0.060455043,0.023593333,0.0031665028,0.008255829,0.07861656,0.0001662056,0.22859585,0.060194742,0.006207428,0.007590646,0.37381956,0.2281337,0.02166243
226,0.22736034,0.020889869,0.00034096316,0.0016257492,0.7784349,0.57172644,5.2849417e-05,0.33185124,0.017215881,0.0074223666,0.0052034114,0.00042508208,0.009226309,0.0066614393,0.007125759,0.042972375,2.355362e-06,0.18240759,0.008812845,0.0016282278,0.012662857,0.27373287,0.000110967405,0.0017199083
232,0.3503409,0.32628703,0.041758426,0.018514745,0.3912975,0.084028505,0.0069877394,0.46338177,0.13950922,0.21223436,0.0040494525,0.02705824,0.21178477,0.0116289,0.017683754,0.0943563,0.00016682417,0.19496766,0.36820674,0.012468943,0.019769574,0.30741626,0.0544522,0.013242708
234,0.0692559,0.032993615,0.0036696051,0.013282526,0.759603,0.19878106,0.002567922,0.42337617,0.043571383,0.029928252,0.008929565,0.003493831,0.043821868,0.039834622,0.026212843,0.068426885,4.239727e-05,0.33125716,0.030967394,0.009590813,0.03261591,0.18517043,0.002844488,0.002401717
235,0.14095347,0.015605432,0.0011397331,0.016189978,0.48340237,0.6451585,0.012124384,0.47417378,0.009972449,0.010427207,0.03012617,0.0045275353,0.051822532,0.015036349,0.0065950174,0.24083678,0.00023875789,0.10889236,0.028571714,0.00802002,0.010518372,0.49211717,0.0019944897,0.0020982428
236,0.19676411,0.20207314,0.02261041,0.014077299,0.26083246,0.03916356,0.01143403,0.40192822,0.07662762,0.19119741,0.0012538211,0.016636573,0.32509875,0.007916267,0.008923166,0.10778353,0.00010260994,0.1276215,0.5295388,0.007045161,0.0051465216,0.30604118,0.017134836,0.001874586
249,0.34641045,0.15224765,0.017989974,0.04154348,0.5558256,0.21344809,0.027246522,0.44213212,0.13217391,0.020899814,0.0027959903,0.014559437,0.02223507,0.058674764,0.022368548,0.02367104,0.00046468232,0.099212006,0.06785694,0.009814264,0.67176217,0.1353085,0.015985472,0.023894563
255,0.22135134,0.18931203,0.0151254,0.021562679,0.3042646,0.04206981,0.01578917,0.49631807,0.04398344,0.11966531,0.002001217,0.032451253,0.123224795,0.006637244,0.008324705,0.083192244,0.00020551574,0.23198403,0.53800505,0.0068273875,0.007754263,0.28436756,0.05981244,0.0016813714
258,0.35577053,0.039700676,0.00059858005,0.009137588,0.38285866,0.6115885,0.0014234663,0.5942035,0.008934378,0.010598454,0.018658051,0.0039386144,0.03866398,0.003466285,0.003393592,0.1382862,3.793372e-05,0.10998992,0.03091642,0.0026775752,0.008413661,0.5657135,0.0037380864,0.0068888934
260,0.36974356,0.16951396,0.0060870005,0.086231805,0.15295784,0.13356507,0.05680357,0.71124357,0.016507363,0.016478373,0.009408425,0.13610366,0.0256794,0.010901746,0.008778897,0.06743296,0.0014075676,0.17446586,0.10518774,0.0070687197,0.036051527,0.32098702,0.42526725,0.01714723
262,0.1710009,0.18927893,0.036087133,0.012370815,0.7209884,0.15231505,0.0021985713,0.3584029,0.19439512,0.13288215,0.004466874,0.0075551067,0.08866147,0.030842682,0.035802826,0.056783807,5.710318e-05,0.236631,0.07164632,0.021554673,0.03950535,0.15608545,0.006103006,0.01722823
264,0.104382865,0.068872154,0.01398586,0.10829572,0.46329743,0.06335061,0.14479437,0.48494035,0.10998893,0.006027737,0.00072706555,0.020718988,0.0026911474,0.17091452,0.035847567,0.0055055805,0.00060053176,0.09082497,0.009375284,0.009015575,0.8284593,0.02316411,0.009856482,0.011948183
269,0.012174746,0.005971966,0.00027355028,0.003241497,0.7994369,0.06357029,9.660474e-05,0.47502044,0.009893197,0.0135335745,0.0017977153,0.000573225,0.007996539,0.012705978,0.01117587,0.021621866,7.967145e-07,0.5794472,0.011168417,0.0011309393,0.003159399,0.09488102,0.00028970363,0.00010464671
271,0.01880308,0.012449295,0.0006713943,0.00972628,0.7423414,0.08847228,0.00027035282,0.5318739,0.012906103,0.010545336,0.0054045236,0.002886257,0.0035718752,0.024074892,0.026064254,0.023651725,3.7550335e-06,0.58878183,0.004411156,0.002807474,0.006252969,0.076960534,0.0018838492,0.00077719265
276,0.46993548,0.66522294,0.030942563,0.023571096,0.13661991,0.039789144,0.00057088665,0.5695966,0.10359048,0.16186666,0.0042770165,0.110433675,0.02134889,0.002849719,0.015472614,0.02268515,5.5984026e-05,0.22024852,0.03569355,0.0050562,0.0032543994,0.12788114,0.16075325,0.2143545
277,0.01248282,0.007823407,0.00069400907,0.0039976574,0.5940851,0.10777334,0.0001531195,0.49930492,0.015714386,0.06595048,0.0064597884,0.00066072267,0.25246197,0.013258948,0.010443984,0.1652034,2.113757e-06,0.4091067,0.039207235,0.0018882207,0.00077227433,0.3076151,0.00026116244,0.00014936239
281,0.02628085,0.035347067,0.00460189,0.0160953,0.48832557,0.07705713,0.001657051,0.67437696,0.04723032,0.12386789,0.007223118,0.0056369165,0.12054354,0.016493471,0.014970441,0.11727491,1.9883288e-05,0.41346434,0.08416886,0.004280346,0.0039701518,0.21040739,0.0036333688,0.0013236277
282,0.013685138,0.019622313,0.0009757106,0.013093484,0.43018627,0.07711952,0.00017446131,0.7445677,0.015936425,0.06663517,0.014643035,0.00608593,0.031595096,0.0076747527,0.01488545,0.10480571,4.495687e-06,0.62145257,0.017637355,0.0015922679,0.0007323191,0.17968364,0.0025754296,0.0010988393
285,0.03830486,0.059563126,0.009931363,0.009661234,0.68104446,0.09821005,0.0006188249,0.5143633,0.09162275,0.12178079,0.0048563876,0.004202182,0.03685846,0.023016868,0.031011762,0.063592054,1.1461093e-05,0.45723292,0.04057729,0.007924368,0.0065862075,0.117764704,0.0016121666,0.0021283124
294,0.35055628,0.030070595,0.0006017992,0.006141252,0.46992835,0.70123327,0.0009916859,0.4764775,0.011499832,0.009919457,0.01763187,0.0019674029,0.046096534,0.005841592,0.0046817246,0.12830295,3.3832846e-05,0.08234077,0.021114826,0.003561588,0.010368941,0.5170659,0.0010151047,0.008812662
301,0.05615198,0.024509706,0.0024294874,0.021525513,0.73410183,0.075187415,0.006120344,0.45443717,0.05438201,0.007809495,0.00089457125,0.0027036425,0.004819083,0.07541805,0.020883786,0.007327619,3.4453366e-05,0.22025964,0.009804214,0.0041501676,0.40297455,0.04260813,0.0013399025,0.0026928321
302,0.11618604,0.07688413,0.0051575904,0.04076932,0.2804335,0.1884092,0.011348717,0.72218084,0.028355429,0.07458878,0.022914523,0.02834144,0.17048433,0.0122560905,0.011323104,0.20279856,0.0002823152,0.257872,0.14374319,0.006186399,0.00911123,0.4279813,0.038413603,0.008235054
306,0.29067892,0.03754992,0.0005788655,0.008734709,0.4816792,0.49936008,0.0014334853,0.5913644,0.008026887,0.009480629,0.015123412,0.004257287,0.022827573,0.0031394123,0.0033758357,0.120288394,3.0401721e-05,0.16970737,0.04332164,0.0024921077,0.008419666,0.54818463,0.008011164,0.0028612416
317,0.044641893,0.022147989,0.0030181762,0.01971724,0.7664457,0.108676635,0.008311788,0.41700324,0.03401657,0.008839049,0.0021601086,0.0044479067,0.0040156925,0.06421078,0.029858751,0.013470689,4.2209682e-05,0.27753308,0.008171442,0.010123586,0.0721387,0.054700743,0.0023040967,0.0025349031
329,0.40294206,0.09019246,0.0030189082,0.0036270064,0.5573244,0.54164225,0.00026690017,0.3289755,0.03660104,0.046126317,0.012861034,0.0022064266,0.10620308,0.0050984644,0.010194889,0.1782246,2.0560154e-05,0.13811277,0.053372312,0.0048607797,0.005559291,0.5435074,0.0022543736,0.005923458
331,0.05950475,0.041649923,0.0044107684,0.0032117544,0.19259712,0.07303575,0.0015635763,0.22972727,0.022901839,0.12799141,0.0011872894,0.0014392192,0.8457979,0.005381793,0.0033001045,0.22048694,1.3556231e-05,0.041288607,0.23643702,0.003223189,0.0003336358,0.49116614,0.0005077963,0.00050594244
338,0.08760284,0.07029157,0.0046001235,0.02893247,0.5005455,0.13178247,0.0033730534,0.69779086,0.043475375,0.04595444,0.010503028,0.017064366,0.04046583,0.021125257,0.017447444,0.061988417,7.8931094e-05,0.3711702,0.046174984,0.005818128,0.029160857,0.18963651,0.022945024,0.009822786
340,0.04619952,0.06772241,0.0044986014,0.12709332,0.12929733,0.043136243,0.037422776,0.8262949,0.017874535,0.024395417,0.011598063,0.15356486,0.042837065,0.019799758,0.012452033,0.06996973,0.0011917442,0.26968494,0.03385747,0.0044895005,0.010313099,0.134495,0.3414771,0.007812181
341,0.004454161,0.0063227024,0.0008912809,0.0007667621,0.936435,0.019446054,1.5853326e-05,0.19376352,0.036295176,0.027811952,0.00014545063,8.255084e-05,0.003829707,0.017483506,0.022466173,0.0041135456,1.0040576e-07,0.60394466,0.005196209,0.0024809677,0.0023232463,0.017013874,6.644307e-06,3.698494e-05
342,0.0004137505,0.002362963,0.00049172866,0.009475042,0.7276501,0.0033094136,9.1561655e-05,0.647064,0.012352826,0.02504158,0.00041120898,0.0008289593,0.0015113705,0.042028546,0.028180469,0.004355867,3.244849e-07,0.8147984,0.0022217284,0.0010674491,0.0007563662,0.007199335,0.00015466099,2.8215773e-05
345,0.15151314,0.11472044,0.009371995,0.01436162,0.2534529,0.15407492,0.0031724279,0.5185758,0.048434637,0.17132553,0.010162605,0.010933711,0.47184795,0.0076690163,0.009226536,0.22477776,7.6469194e-05,0.13858055,0.15236785,0.006424957,0.002063315,0.46951288,0.009801941,0.009009893
352,0.17038077,0.5170433,0.12651263,0.0134468125,0.30933985,0.026767815,0.00080907333,0.43283653,0.3483946,0.5080352,0.0017795245,0.029515877,0.07556722,0.007489122,0.030646201,0.038830757,3.1893025e-05,0.22881481,0.07602457,0.016703056,0.0019847031,0.07426606,0.011079086,0.03806855
355,0.190438,0.07230155,0.0032363723,0.098824255,0.15847261,0.08111846,0.15678778,0.6965491,0.007597887,0.00545864,0.003914299,0.12885576,0.011279366,0.013724519,0.00578375,0.041385088,0.0015999736,0.14147398,0.059018645,0.00637941,0.02574023,0.1892188,0.45962563,0.0038127734
358,0.06535518,0.020574335,0.0031055314,0.08868447,0.14118376,0.3436316,0.26912555,0.56084514,0.006015202,0.013618874,0.01831264,0.066364154,0.06756999,0.027802981,0.0066454005,0.21815678,0.004505256,0.06414105,0.06283609,0.013661318,0.0049338075,0.40585718,0.021336215,0.004904319
359,0.06372674,0.035253104,0.0037814982,0.017706763,0.3862835,0.15673332,0.009628344,0.52667385,0.025045032,0.068803445,0.007813859,0.0061964104,0.42915875,0.014779602,0.006688376,0.20654473,0.00010160552,0.15427354,0.1988619,0.005819155,0.0052893115,0.43674213,0.00578669,0.0016103152
362,0.02689943,0.024509173,0.0012566636,0.019631065,0.4514696,0.13263129,0.0006529093,0.74781084,0.019037623,0.04533483,0.018868169,0.0080286935,0.03571668,0.013654368,0.015467714,0.1014372,1.5660611e-05,0.5019829,0.021231338,0.0025431279,0.0033126331,0.21055102,0.0047194283,0.0029211561
364,0.12098774,0.21379991,0.05494868,0.042652495,0.4302497,0.053872827,0.015611674,0.55619943,0.1869995,0.20715387,0.004990037,0.03493411,0.15846863,0.035281327,0.032317508,0.07829453,0.0003065697,0.24599642,0.15579599,0.022305015,0.030050512,0.15117824,0.045022167,0.013557002
365,0.09833018,0.062017407,0.012011702,0.025335358,0.76074636,0.08470151,0.013352722,0.34154356,0.15947574,0.013596768,0.00052201556,0.0031989382,0.0050330255,0.10318983,0.02910472,0.0053554066,8.737593e-05,0.1284175,0.015398418,0.00868644,0.7418522,0.03064444,0.0011086324,0.007345621
374,0.17492613,0.023706282,0.00047049174,0.010547802,0.22395542,0.5898458,0.0012845694,0.58106923,0.0041926354,0.022305189,0.051868606,0.005301787,0.13842043,0.0025807398,0.003810611,0.40142,5.944151e-05,0.14834137,0.045820795,0.0025149903,0.00060137006,0.7335971,0.00326018,0.0022672983
382,0.29550868,0.07465265,0.0015106336,0.044362314,0.2008464,0.3708136,0.01682889,0.77682304,0.0072472165,0.0135696335,0.02641036,0.041204553,0.02826625,0.004037752,0.004241343,0.1424728,0.00044864157,0.19731256,0.09954491,0.0037876177,0.011666101,0.53507304,0.08803513,0.008954781
384,0.07630262,0.01892838,0.00091107114,0.041614216,0.2448366,0.46289784,0.013333443,0.7392771,0.007168854,0.01831065,0.04992334,0.017920732,0.08797946,0.014215922,0.0074419775,0.25560352,0.0003546231,0.18226533,0.041139185,0.0041358215,0.0053900587,0.5095389,0.009909112,0.005835365
386,0.057175905,0.04127436,0.0016807463,0.017238656,0.46454656,0.16556455,0.0012035473,0.739964,0.033605587,0.031964652,0.0062862695,0.0061812885,0.025899863,0.008238528,0.006345394,0.04071913,1.5080848e-05,0.23838466,0.019477023,0.0027177124,0.01208747,0.1606761,0.0029535762,0.010212057
390,0.66154706,0.73675555,0.09978337,0.001842335,0.326381,0.025380082,0.00021768655,0.118748434,0.26294658,0.4461248,0.0002332368,0.009724292,0.1324443,0.0017982655,0.014443161,0.031119572,1.1047401e-05,0.09448302,0.43898678,0.0056584007,0.0017852333,0.17839423,0.008148078,0.006447167
391,0.64134145,0.012401467,6.598232e-05,0.0008484844,0.47129843,0.92556953,6.0059505e-05,0.28044444,0.0024094197,0.0016318487,0.0156907,0.00026867236,0.00891605,0.0006661339,0.001171554,0.16384044,4.365156e-06,0.03464171,0.0069391145,0.0007946126,0.0012233765,0.73581153,0.00011818959,0.00091310247
392,0.47365555,0.1122005,0.0012808524,0.013015588,0.16090184,0.4289217,0.0024695834,0.61561716,0.005938304,0.023837581,0.018432701,0.016147638,0.07431657,0.00107936,0.002286815,0.2189483,7.814195e-05,0.11664563,0.14905593,0.0023442025,0.0015340553,0.7293378,0.031112941,0.006473774
395,0.30619156,0.1034176,0.006092484,0.0045483992,0.6646117,0.3971556,0.0006740682,0.33703503,0.05912309,0.04930886,0.007172446,0.0026561946,0.0872118,0.008220276,0.011293553,0.10913106,2.8720533e-05,0.1512769,0.068169005,0.0079415515,0.013649706,0.38564247,0.0029639576,0.005751755
396,0.2273683,0.19060679,0.011375597,0.022260698,0.36585853,0.13914974,0.003982467,0.58925503,0.0758692,0.08571732,0.007376889,0.0185711,0.18135929,0.0132053,0.011984887,0.07537114,9.8441815e-05,0.15909421,0.091931075,0.0070819557,0.023756795,0.27725175,0.03188671,0.040502988
404,0.16939613,0.012228627,0.0001905145,0.0025677267,0.2030826,0.6783383,0.00017696994,0.3972778,0.0028531596,0.021925367,0.027378848,0.0007710246,0.34131512,0.001456799,0.0019432767,0.44428596,8.824363e-06,0.06472197,0.02355662,0.0015616072,7.570337e-05,0.78743315,0.00022176772,0.0010266119
405,0.728976,0.0711987,0.00039939387,0.0053471173,0.21157119,0.7388264,0.0006567096,0.53665936,0.0036944465,0.0052909926,0.015714165,0.0051680524,0.01660324,0.00060408574,0.0012808224,0.1252212,2.82137e-05,0.059997838,0.047312,0.0011598924,0.0033420855,0.7706697,0.009019197,0.0061255703
406,0.07022628,0.033675253,0.002121319,0.074165136,0.11230089,0.33964598,0.035065353,0.770712,0.009460459,0.03238353,0.05067982,0.052978266,0.13420704,0.014276866,0.007656395,0.2561834,0.0013453568,0.13559915,0.05011892,0.005292375,0.003375776,0.46979868,0.024136925,0.016911164
412,0.31566668,0.20802015,0.010861709,0.0074573494,0.2576,0.062184323,0.003199419,0.39162222,0.045820482,0.14026181,0.0015001191,0.009992979,0.3022264,0.00404619,0.0052694418,0.10617966,4.9204064e-05,0.13285132,0.5862664,0.002896024,0.005056303,0.41512296,0.01621081,0.0017955294
417,0.011093358,0.019800933,0.002188694,0.0025876523,0.5424576,0.042140376,9.197714e-05,0.56814754,0.046059586,0.16287719,0.0008701277,0.0005945921,0.21520464,0.004887511,0.00446514,0.057679366,4.9592063e-07,0.2882861,0.06449746,0.0011871487,0.0005303131,0.14953221,0.00012658547,0.0002920907
419,0.08975663,0.03754513,0.0018701685,0.0060490356,0.31699252,0.22650647,0.0006234347,0.53494143,0.022161292,0.09116632,0.009546789,0.002113327,0.37909502,0.004871082,0.0054401103,0.25509706,1.1143682e-05,0.1609106,0.09801189,0.0024112677,0.0008799218,0.53501356,0.0015486048,0.0015604309
423,0.21574132,0.26580518,0.044609673,0.009764437,0.8096937,0.22798009,0.0008867672,0.23359185,0.26169485,0.11179748,0.0047467453,0.006124064,0.04027718,0.036835678,0.0539381,0.037948176,4.4802167e-05,0.20575732,0.03006955,0.026012642,0.057823714,0.10977181,0.0027058716,0.05318189
436,0.08285876,0.27348846,0.034628477,0.078572944,0.22671406,0.02471605,0.0042857327,0.74081016,0.13174663,0.1273969,0.008537797,0.13404164,0.02615094,0.022245273,0.04605621,0.04212086,0.0002733925,0.4305345,0.023112576,0.011189854,0.012515179,0.061630297,0.19903223,0.027886543
441,0.25326547,0.26304367,0.019402679,0.015966306,0.36953267,0.10256179,0.0020949673,0.5549191,0.08920909,0.163638,0.0051288484,0.023987811,0.10259276,0.0055301245,0.012477689,0.08175882,5.524505e-05,0.22729933,0.15082465,0.008017465,0.0070457584,0.27941754,0.034232266,0.018627968
442,0.079761654,0.033024304,0.0023953402,0.028228253,0.6269245,0.19165015,0.0044278814,0.6112495,0.045684636,0.0107434,0.0050333957,0.0056018867,0.006708602,0.050406136,0.02125561,0.024340972,6.277733e-05,0.25371093,0.010340653,0.005038035,0.19180045,0.09443136,0.003400889,0.007234647
448,0.06082903,0.061699755,0.0065892837,0.016771205,0.6839061,0.09299669,0.0023044813,0.5444322,0.090248555,0.044505715,0.0023998544,0.0046351356,0.023180746,0.033834226,0.01818783,0.021718644,2.7337052e-05,0.2745892,0.027237212,0.006687995,0.0700867,0.07860985,0.002609809,0.007420305
454,0.27877516,0.058942452,0.0012309942,0.033800825,0.29820237,0.41255724,0.007774634,0.76241535,0.016223552,0.008241202,0.014755279,0.016877063,0.021685189,0.009942473,0.0052178362,0.059577875,0.00017416877,0.1337767,0.028798139,0.0027024392,0.08162145,0.3441789,0.022833308,0.023455417
458,0.40660495,0.07698612,0.0034674972,0.008806262,0.5863087,0.56832343,0.0027771955,0.43437192,0.03841989,0.02117286,0.008546225,0.0039261263,0.033507902,0.008268489,0.0067161303,0.08314392,7.212836e-05,0.093756266,0.058294814,0.006757709,0.037539177,0.38598877,0.002582158,0.009807094
459,0.23252024,0.01735964,0.00019241382,0.009426248,0.16472317,0.6623202,0.0011198027,0.63716966,0.0018861531,0.011315659,0.043189023,0.004500236,0.08369961,0.0014025711,0.0017313771,0.37288725,3.6090096e-05,0.11206301,0.04611225,0.0012928034,0.0004122102,0.78754365,0.0030687968,0.0014491059
460,0.028870352,0.04328809,0.0033997418,0.028542692,0.49689448,0.049147762,0.0016108035,0.692284,0.029332729,0.038474943,0.0060477196,0.019198084,0.01708542,0.018375464,0.022669984,0.037669998,2.5851645e-05,0.5071941,0.017029272,0.00460768,0.0060605374,0.088175245,0.020783655,0.003177133
466,0.14611414,0.00783159,8.3429346e-05,0.008801036,0.29183146,0.8224095,0.00029685715,0.5550922,0.0011959078,0.0043517468,0.20209391,0.00410019,0.019006185,0.0032655413,0.007955354,0.50420606,2.8977935e-05,0.272816,0.005537774,0.0017018965,0.000305149,0.76417637,0.0014495637,0.0011301812
470,0.038129933,0.03236585,0.0028656092,0.0053688423,0.79767674,0.12191604,0.00025020944,0.43225697,0.052245338,0.046115134,0.0032083045,0.0015449359,0.016791385,0.01671716,0.01970408,0.03313902,4.67473e-06,0.41562346,0.017589591,0.0054604476,0.008187117,0.10084746,0.0005989402,0.001515673
475,0.43050638,0.5408906,0.019986967,0.016759263,0.29810554,0.12485072,0.0003140656,0.44136083,0.08107031,0.07838737,0.008209771,0.056754183,0.012331621,0.004277767,0.02447601,0.02896883,3.1332096e-05,0.24452294,0.013959201,0.006375687,0.0050665806,0.1618219,0.058495943,0.24320462
481,0.6211841,0.22399436,0.007925233,0.013092576,0.33145455,0.43876266,0.005020133,0.42848676,0.033932913,0.049048584,0.011252124,0.0154789,0.07388075,0.0035288215,0.00645686,0.14092974,0.00022817923,0.09128481,0.17516257,0.008813107,0.011231246,0.5925834,0.027937954,0.022140017
482,0.6769382,0.14357875,0.0012693482,0.005277338,0.27808306,0.52899086,0.00070593314,0.45037666,0.009069918,0.018288687,0.010241002,0.0067807217,0.048288435,0.00091831794,0.0023820957,0.12821898,2.9139133e-05,0.083830886,0.10771613,0.0021950407,0.002515714,0.7162998,0.015091179,0.009543254
488,0.00030472598,0.0006842594,6.393435e-05,0.0007487515,0.9140488,0.0033363358,3.3931417e-06,0.38203153,0.00867475,0.008508515,3.5282115e-05,2.3006818e-05,0.00054544373,0.013811891,0.008603638,0.000873091,5.5657736e-09,0.7453697,0.0008063106,0.00029116176,0.0007185765,0.004151439,8.519602e-07,3.2994174e-06
490,0.35152072,0.12456077,0.0036634055,0.0056071384,0.094784014,0.07219601,0.0093757585,0.219831,0.008533504,0.039259363,0.00069415296,0.007034308,0.46815884,0.0020318658,0.0011785513,0.16134724,7.09624e-05,0.025473332,0.63751286,0.002245158,0.0010116198,0.59636223,0.0068390276,0.00042374068
502,0.0025343385,0.0056621395,0.0009004904,0.0031092244,0.80458283,0.02083773,6.0177834e-05,0.4672183,0.02690001,0.054005098,0.00069548463,0.0003225912,0.020461358,0.017944751,0.014455207,0.016204871,3.1443585e-07,0.5812857,0.008971885,0.0018490613,0.0009809068,0.040109277,4.328501e-05,7.756584e-05
504,0.008802126,0.012882926,0.0015348486,0.017146572,0.7015219,0.020810505,0.0014939302,0.5990088,0.035903975,0.01835829,0.0005907839,0.0019812747,0.0044935863,0.048252095,0.016111368,0.006113935,6.1566793e-06,0.43031257,0.008555466,0.0024015722,0.035753667,0.021774273,0.00069359154,0.00069254986
512,0.2267219,0.038229607,0.0017021096,0.004039207,0.61949265,0.43422008,0.00065615866,0.3763094,0.030192694,0.030838663,0.008853465,0.00111155,0.14839056,0.010913073,0.008001037,0.13811384,1.8853849e-05,0.13703367,0.058791198,0.004437561,0.012230625,0.44498602,0.0009020331,0.0025587904
514,0.021532426,0.014165119,0.0018144232,0.018220738,0.65023905,0.16462067,0.0018857457,0.5477126,0.024772694,0.037200913,0.017092291,0.0035487688,0.07194345,0.049798753,0.02702162,0.114694975,3.273556e-05,0.4125226,0.023005558,0.006731235,0.008964976,0.20973432,0.0017915325,0.001458191
515,0.005285404,0.0059777005,0.0002992589,0.003792592,0.7561209,0.04778349,2.3358107e-05,0.5695993,0.009602611,0.02147206,0.003038553,0.0009988516,0.0056722774,0.01072069,0.017863924,0.025832662,3.6379555e-07,0.72503805,0.0042506997,0.0011123461,0.0006141696,0.064092495,0.00027899857,0.00014231482
521,0.16372444,0.051983055,0.002907052,0.0015148723,0.8165296,0.38950282,7.362531e-05,0.23654401,0.06761047,0.038513016,0.0037953807,0.00047858775,0.048778087,0.010212177,0.013300814,0.050535325,3.848222e-06,0.15700187,0.016957052,0.006009609,0.009267068,0.20606497,0.00014877634,0.0036834653
522,0.33008274,0.046944324,0.0008243732,0.01635396,0.4203589,0.5778977,0.00297029,0.6173121,0.008373402,0.0055207103,0.020772053,0.010177899,0.01279995,0.004307958,0.0047286563,0.10534557,7.5546945e-05,0.13993926,0.016240774,0.003700869,0.014481152,0.47318348,0.015971377,0.008642601
523,0.26039812,0.13696295,0.006864652,0.014431701,0.5896418,0.15361318,0.0025338759,0.47134593,0.045639396,0.032316435,0.004345923,0.014694628,0.037740096,0.012382,0.014659633,0.043966804,5.4403747e-05,0.2489239,0.06896699,0.0064691594,0.037150428,0.24474674,0.042922024,0.010477439
525,0.0010781303,0.0027861095,0.0006254731,0.009851182,0.8317978,0.009099175,0.00018576592,0.4166281,0.013095386,0.010113873,0.00071223156,0.0007226574,0.0010736468,0.10959393,0.06373989,0.0051100003,9.875694e-07,0.7468129,0.0010966694,0.0026745552,0.004148278,0.009296432,0.00015056884,5.9344096e-05
526,0.3683277,0.030105906,0.00034538042,0.0054876525,0.36776876,0.7354162,0.0005902756,0.51311934,0.005109866,0.008298969,0.028218292,0.0025460096,0.030180953,0.0017684932,0.0027418442,0.21169625,2.4227907e-05,0.10014213,0.017408267,0.0023603793,0.0017352706,0.65978,0.0019333344,0.003985562
529,0.019923516,0.013392823,0.0010603069,0.0024454508,0.7165884,0.09368477,9.158104e-05,0.43498293,0.026926316,0.06255581,0.0025001517,0.00048158522,0.10834942,0.010725111,0.009969032,0.06737648,1.0752409e-06,0.39099848,0.03546627,0.0020716467,0.001439823,0.18625648,0.00017900391,0.00020910507
536,0.01692531,0.015240504,0.0010654457,0.004516258,0.82604396,0.07547898,7.3083196e-05,0.42991427,0.020830022,0.021191517,0.0028327578,0.0016525591,0.0037577942,0.017100707,0.028475067,0.020724049,1.4430841e-06,0.64710414,0.0058555296,0.003019036,0.0030695382,0.06066935,0.00063129136,0.00043689206
537,0.70087266,0.17128193,0.0014493144,0.003177112,0.08308552,0.25611782,0.0017539304,0.26583314,0.003978102,0.022137709,0.0019319842,0.006182967,0.19983411,0.00045886546,0.0006926275,0.1820278,3.333948e-05,0.029416827,0.5074643,0.0011996165,0.00053157547,0.7778334,0.009300746,0.0011100157
539,0.44581762,0.2933875,0.0049010757,0.017829295,0.24784292,0.2129324,0.00079848,0.6098777,0.02868699,0.042198155,0.013794748,0.038373567,0.031564273,0.0028852841,0.009279167,0.059397474,4.5754176e-05,0.21611516,0.03347352,0.0037746981,0.0054186243,0.36461526,0.06654796,0.09786194
541,0.04545385,0.0150978435,0.0005175777,0.036845658,0.034916464,0.26954558,0.041646965,0.5390537,0.0011660018,0.013324876,0.00987888,0.033043988,0.45416585,0.003314961,0.00072378013,0.31970373,0.0005325018,0.023838403,0.06650754,0.0018536927,0.00012288884,0.6362175,0.008843074,0.0028058407
545,0.0078006806,0.012354362,0.0017674385,0.02378711,0.627376,0.05764605,0.0006748369,0.63681376,0.022385236,0.03182563,0.013063024,0.0066885976,0.010827576,0.065106615,0.058485344,0.05375217,1.5788975e-05,0.688432,0.0069113714,0.0044547757,0.005257513,0.06828001,0.003323642,0.0008360779
552,0.2233517,0.030243725,0.0006766469,0.0042160302,0.43845627,0.51055574,0.00050148007,0.4818734,0.012374642,0.025508255,0.012264198,0.0012047172,0.15112515,0.0035416451,0.00336917,0.1841031,1.2727166e-05,0.10395432,0.04042072,0.0028425003,0.0020672674,0.57066715,0.0008424596,0.0026909118
556,0.035018045,0.11795984,0.064365566,0.004931635,0.8288197,0.017773943,0.0011288723,0.20354007,0.30929005,0.1955187,0.00017574993,0.0010917992,0.035605263,0.03445693,0.03632166,0.00863489,7.304804e-06,0.25600135,0.067039415,0.01889462,0.031188263,0.02772246,0.00019770896,0.0011785468
557,0.17209218,0.49360603,0.23793678,0.013491452,0.54171246,0.02871535,0.0022205461,0.28259608,0.4768817,0.4372312,0.0011324417,0.01722772,0.07405541,0.024563009,0.06289671,0.03596995,6.148832e-05,0.21969737,0.10509377,0.03726093,0.012766209,0.062283367,0.0081789,0.015532845
559,0.64188254,0.14333935,0.001201347,0.0043453737,0.28140134,0.43377477,0.00073017174,0.4081144,0.007297242,0.015888344,0.0070746024,0.006563922,0.05172924,0.0007570048,0.0018388937,0.12832838,2.5419016e-05,0.089491785,0.14284249,0.0017410358,0.0018209334,0.6976254,0.019151982,0.0043141474
560,0.14874476,0.17986399,0.02094143,0.041198045,0.4462252,0.069408014,0.00884043,0.610759,0.09435766,0.095126964,0.0059722518,0.039245788,0.047512263,0.023813814,0.028445125,0.05090535,0.00019551058,0.32705012,0.0885823,0.013920046,0.03125627,0.15147668,0.06752594,0.015633864
569,0.69093907,0.51819205,0.038220674,0.009364887,0.3476782,0.109112,0.0027153795,0.28571418,0.12909426,0.17412588,0.0015486076,0.019338131,0.101585716,0.0057460694,0.011424343,0.04775275,0.00011629211,0.11144374,0.46980312,0.0072090095,0.031587742,0.35531017,0.032980986,0.019618493
571,7.279856e-05,0.00023420616,0.00021450491,0.19983742,0.26986417,0.0009105813,0.5607029,0.62554955,0.0011477387,0.00043270408,4.6427802e-05,0.010433584,5.0247447e-05,0.4659904,0.017843906,0.00049812807,0.00010608507,0.21317136,0.00034623628,0.0022104762,0.005909783,0.0011354997,0.0014532442,2.611492e-05
572,0.0047866553,0.012712469,0.0015875326,0.009473207,0.67855537,0.020695984,0.00017566282,0.650187,0.024243528,0.05342209,0.0019530571,0.00294638,0.0071222587,0.016813928,0.020841286,0.018772675,1.661128e-06,0.7012169,0.010807437,0.0023859537,0.0012812677,0.03808,0.0009956856,0.00028556015
574,0.37056404,0.19300392,0.016744584,0.07398337,0.2636717,0.23669343,0.045270868,0.63858896,0.053576183,0.056301806,0.018297428,0.07442852,0.059555966,0.024333699,0.020376872,0.12638913,0.0013423006,0.18808043,0.14870438,0.015261101,0.06250432,0.37339553,0.12148944,0.03089446
575,0.055068873,0.042541444,0.009299348,0.004857443,0.34174874,0.15888962,0.002654497,0.18551625,0.040392317,0.13698912,0.0042796186,0.0022146346,0.79979306,0.013746832,0.0109371515,0.30034298,5.9120925e-05,0.059592646,0.10292603,0.013271927,0.0006643765,0.48105812,0.0005577676,0.001380362
580,0.057051305,0.044104435,0.003531586,0.019705724,0.19329798,0.16084988,0.0037309686,0.6290474,0.019454855,0.13787806,0.02158101,0.011270697,0.47873354,0.007152691,0.008583391,0.35935536,8.7239634e-05,0.20643917,0.15001681,0.004304694,0.0007089374,0.5369655,0.006721477,0.0025940363
581,0.21759951,0.057148237,0.0018048142,0.0056515234,0.6614225,0.47288966,0.00051020226,0.46434784,0.03000526,0.018149499,0.008503757,0.002711218,0.015315923,0.0055561257,0.0077796048,0.06704732,1.4704712e-05,0.16496646,0.018608486,0.0046820845,0.011310166,0.29337728,0.0015546586,0.0070346976
583,0.13391598,0.05989502,0.00858292,0.01079833,0.7995109,0.16479753,0.0044331336,0.35006618,0.13238166,0.024081921,0.00090476306,0.0020966907,0.010040025,0.03675121,0.015404383,0.012154604,3.734478e-05,0.13864183,0.03212657,0.008373711,0.31996086,0.07025223,0.00069738645,0.0045307153
587,0.04230549,0.026534693,0.0008630233,0.017810911,0.34251451,0.17653205,0.00072260574,0.7608874,0.012610619,0.04470722,0.023881035,0.0077570523,0.061847642,0.0071458262,0.00876164,0.15427032,1.734697e-05,0.41646293,0.032234486,0.001850323,0.0019593479,0.33804882,0.004834583,0.0029753326
593,0.13152386,0.01736758,0.00035475768,0.0017238975,0.76308185,0.47694325,6.0442337e-05,0.38930205,0.020109702,0.012639395,0.005249416,0.00033465234,0.021679185,0.0074699074,0.006589674,0.050136015,1.7379109e-06,0.18759565,0.009159295,0.001948051,0.0071334685,0.24811727,8.525166e-05,0.00200862
597,0.09428327,0.05209348,0.0036574393,0.06061438,0.47515133,0.092988,0.013113184,0.6885389,0.060915213,0.007110203,0.0022292368,0.015262067,0.005284369,0.07659236,0.02206218,0.009388438,0.00017271806,0.20275941,0.008885226,0.003545346,0.5600225,0.050567824,0.016998084,0.013788541
600,0.069436125,0.019069651,0.00076793245,0.009446935,0.5645366,0.262896,0.0010734044,0.5909479,0.012430819,0.024767585,0.013393662,0.002571558,0.07672443,0.009615608,0.0077572437,0.14481129,1.5617761e-05,0.30951712,0.044922695,0.0030308361,0.0043393583,0.3977216,0.002440793,0.0010737302
606,0.33257082,0.06482606,0.0034133252,0.0061200894,0.66837484,0.6451344,0.0010642882,0.31636357,0.041436948,0.020866655,0.012937267,0.0024506103,0.03643929,0.011568222,0.01247067,0.10136725,5.010352e-05,0.0936863,0.01935327,0.009719696,0.018786093,0.35559395,0.0010739905,0.013524404
610,0.008357541,0.020052403,0.0027057403,0.028693175,0.5042289,0.025790192,0.0014522516,0.75718814,0.033490807,0.059021678,0.0041647055,0.009376064,0.02140052,0.03287278,0.022975856,0.032934535,1.7778008e-05,0.5957204,0.020815885,0.0030641567,0.005036687,0.05501984,0.0062567424,0.0010272039
612,0.44117638,0.1146873,0.011242192,0.023236947,0.6251954,0.53698385,0.015251321,0.3467952,0.079442486,0.015272391,0.008322127,0.008628423,0.017632268,0.03471701,0.01884286,0.0541983,0.00040191584,0.08318546,0.040161446,0.014547947,0.34386346,0.25828055,0.0061881407,0.025840517
614,0.5740994,0.035536487,0.0004995622,0.0023890985,0.5339328,0.8015209,0.00026713623,0.33871302,0.00985127,0.0065069967,0.013873018,0.00094399566,0.024421629,0.00215688,0.003080084,0.14432083,1.6553604e-05,0.062518544,0.025757285,0.0023382297,0.0070989453,0.6407907,0.00078938814,0.002616174
619,0.23897268,0.012501484,0.00014384682,0.0033541226,0.4660736,0.72369796,0.00029895807,0.45087144,0.0030258708,0.0057646343,0.029164828,0.0009156461,0.043711077,0.0024949852,0.0029301196,0.25857627,1.1292729e-05,0.13039064,0.01468449,0.0018403535,0.0009931339,0.6754111,0.00061585533,0.00087709416
629,0.037302922,0.050777663,0.0047358456,0.03155498,0.51219916,0.06429913,0.002260732,0.6931586,0.037660316,0.038860198,0.008404488,0.01967211,0.016783537,0.026893303,0.029532565,0.044156805,4.906434e-05,0.512451,0.0199726,0.0060796714,0.013112265,0.09686477,0.025632972,0.004012128
630,0.19596337,0.109079756,0.0035363112,0.05378383,0.20875172,0.101347916,0.03383165,0.72804475,0.010415812,0.023093363,0.007295333,0.08023651,0.030930942,0.0046369573,0.0049867867,0.082315065,0.0005419894,0.2384269,0.16748105,0.0051041055,0.007709821,0.32827002,0.23043525,0.0046978816
631,0.014068552,0.014186697,0.0014093937,0.0022142667,0.8610432,0.050936893,7.631876e-05,0.36622062,0.037856217,0.03940074,0.0007900432,0.00044655747,0.011380686,0.014584422,0.016549854,0.014316479,7.4663916e-07,0.52966005,0.015906593,0.002922309,0.0038614704,0.053007156,9.458647e-05,0.00021322089
632,0.11991446,0.048942868,0.0023726656,0.036782455,0.40911803,0.29882833,0.006515297,0.7366692,0.024018386,0.02066405,0.021552052,0.01691244,0.032539424,0.020751683,0.012940982,0.088897675,0.00015733993,0.25509337,0.03141418,0.005340644,0.038324066,0.27944234,0.017485881,0.01469672
634,0.04735575,0.030529005,0.004091379,0.0072222697,0.7849759,0.16634186,0.0009250217,0.37155926,0.05113805,0.04719125,0.005446265,0.0020035165,0.051134843,0.028738545,0.026333585,0.06595672,1.5681111e-05,0.35448542,0.029985378,0.009009906,0.010655884,0.1618778,0.00094153977,0.0013489153
635,0.2641151,0.039360307,0.0008449381,0.024518628,0.36369076,0.6673248,0.0026865364,0.6345247,0.0087128,0.0071892086,0.060085468,0.012298765,0.013178236,0.011268709,0.012335769,0.16002141,0.00012802077,0.2081705,0.013936137,0.0047528083,0.018248184,0.49499255,0.007888602,0.016083272
638,0.037295297,0.024028251,0.0017273821,0.009618623,0.6148208,0.11805141,0.0007995474,0.5937205,0.027290422,0.056351278,0.006042841,0.002766314,0.08491541,0.0148204705,0.01134371,0.087336645,9.492838e-06,0.4034293,0.06307469,0.002880491,0.0057201926,0.2401506,0.0020096477,0.0009792113
643,0.37591666,0.10544062,0.003963202,0.013262761,0.26126543,0.4011279,0.0059700073,0.4461157,0.015174177,0.041212674,0.015890157,0.012956981,0.18381982,0.003980287,0.005185085,0.26321432,0.00020851236,0.09978201,0.18686725,0.006657048,0.0032275396,0.6631631,0.016831383,0.005270729
645,0.18771513,0.08949046,0.0019953477,0.04363395,0.33056107,0.1512614,0.007585296,0.74850965,0.015043554,0.008011436,0.009474433,0.04436724,0.013280664,0.00924723,0.0085273525,0.036476962,0.00019020936,0.24770445,0.021370986,0.0034592603,0.04356399,0.21302631,0.17986484,0.016434051
646,0.088042974,0.14728504,0.007843203,0.065727696,0.31802127,0.066931,0.003899302,0.7976749,0.07482223,0.028851794,0.006905142,0.048583604,0.013278003,0.03426893,0.023172762,0.018028155,0.00013545889,0.32704034,0.011406848,0.004308819,0.12062002,0.0636029,0.06813265,0.071338885
659,0.034677632,0.092275284,0.02059052,0.045857795,0.38279444,0.03890439,0.009137316,0.71296126,0.111527786,0.15878025,0.0047687087,0.025238063,0.107238755,0.028514745,0.021884266,0.061598595,0.00012483477,0.31584868,0.07608875,0.010649402,0.0120492205,0.0990846,0.01893044,0.0064426847
660,0.029556915,0.074904904,0.02411768,0.014028112,0.72362655,0.078342944,0.0006354474,0.42514673,0.13896485,0.16970111,0.00887937,0.006568983,0.045498878,0.05775476,0.09061781,0.08568894,2.3766834e-05,0.59031343,0.027284637,0.017898919,0.008496205,0.08743869,0.0023052532,0.0023996434
661,0.011993443,0.022375379,0.0029529543,0.0070645106,0.7645078,0.032672755,0.00034238564,0.5267309,0.047718238,0.052123066,0.00093054306,0.0017344241,0.011487956,0.018755388,0.017080618,0.013867279,2.2667916e-06,0.5033797,0.015513876,0.004386591,0.0047081313,0.041368775,0.0005150062,0.00066707004
663,0.056713544,0.05831864,0.010042059,0.0021974694,0.3820601,0.063170865,0.00039337322,0.23472068,0.06879428,0.23053981,0.0013746519,0.0009990184,0.74305165,0.007899096,0.009552414,0.16714199,6.3734474e-06,0.10916112,0.21512572,0.0041938457,0.0008426993,0.37395504,0.00040440995,0.0004530313
666,0.0061450484,0.0062502148,0.0006043153,0.007273381,0.73403573,0.04567237,0.00025894435,0.5868522,0.014634312,0.029358301,0.0030350941,0.0011492119,0.017675972,0.021254102,0.015627693,0.0315791,1.8569997e-06,0.5935717,0.012638479,0.0021058163,0.0020600304,0.08076703,0.0004692229,0.0001745064
667,0.12542579,0.10823559,0.011593799,0.004175057,0.36557433,0.09539051,0.00067896204,0.3550872,0.075281546,0.2146855,0.003008378,0.0028331277,0.53912234,0.0063914573,0.010577125,0.17675209,1.3392601e-05,0.15134929,0.21182051,0.0046365615,0.0017089262,0.39863858,0.0023478619,0.0015792014
669,0.049178492,0.07053491,0.018946715,0.016491616,0.7165009,0.20478754,0.0016121491,0.37225604,0.12453902,0.112661526,0.017113702,0.0065056933,0.07866143,0.057828378,0.064081505,0.117403395,7.480041e-05,0.33944142,0.0217157,0.027743764,0.014105508,0.15669665,0.0020979661,0.008772455
671,0.31947124,0.29368952,0.059958868,0.0058008716,0.5707123,0.0903049,0.0038042776,0.21948138,0.2242056,0.20303592,0.000878948,0.0038430186,0.25968057,0.017290652,0.018543787,0.051075082,5.6838384e-05,0.08131001,0.32317358,0.014141899,0.032665417,0.21227258,0.0029591818,0.007127247
674,0.09607643,0.039393757,0.0013852326,0.00014212524,0.11355149,0.0154819,5.3009873e-05,0.04712304,0.0101770535,0.08653832,1.861761e-05,6.5010005e-05,0.9346826,0.001018223,0.0005097222,0.089952976,1.287815e-07,0.008823623,0.5271691,0.0002580935,3.876411e-05,0.4627889,1.4927431e-05,1.7284881e-05
685,0.7316815,0.5935379,0.023350514,0.004311504,0.11037493,0.019556504,0.0030199287,0.16291879,0.04463319,0.14849572,0.00017086024,0.02476501,0.15346506,0.0012355985,0.0027654632,0.041172136,5.349e-05,0.044504717,0.7444085,0.0029757172,0.0018533125,0.36248055,0.045494,0.002384516
686,0.14927568,0.10727404,0.012040432,0.013665855,0.52232254,0.12212694,0.005041584,0.5062509,0.080939226,0.11815059,0.004298616,0.0074494937,0.28333467,0.015997529,0.011521622,0.09753815,6.583275e-05,0.19659117,0.24119952,0.007224188,0.020377873,0.30462313,0.01052722,0.00481716
687,0.018622767,0.023276282,0.0019539187,0.0101806605,0.63018703,0.070902064,0.00042600432,0.64740765,0.032696456,0.059740245,0.0040861173,0.0030924294,0.031281423,0.013582143,0.012812188,0.045171026,4.5043043e-06,0.47150323,0.024617147,0.0030190758,0.0035802822,0.116247155,0.0013338471,0.0012589386
688,0.34116906,0.3515014,0.006411489,0.026577238,0.17571361,0.29607555,0.00079793535,0.53831255,0.030469801,0.035747897,0.03013109,0.04780895,0.015814332,0.0063899974,0.017868599,0.031943344,8.979898e-05,0.12651917,0.004469924,0.005922375,0.003071038,0.19606328,0.022487277,0.7109479
689,0.069293864,0.066126786,0.0060297865,0.04022353,0.5306984,0.11110584,0.00450334,0.6886594,0.06835286,0.034443174,0.008199586,0.014963495,0.025133692,0.047396358,0.026823087,0.038601227,9.678471e-05,0.33286637,0.020883592,0.0068182913,0.089403965,0.10793734,0.017919376,0.013671435
695,0.3560866,0.24029903,0.002233871,0.008722109,0.24965306,0.38168633,0.00014108406,0.5590533,0.02265532,0.034620795,0.016701797,0.01419643,0.014000413,0.0016392017,0.0067467727,0.03101245,1.2740937e-05,0.12779644,0.005665297,0.0030731529,0.0010623519,0.2569456,0.0046525896,0.41883284
697,0.008747363,0.013970074,0.005681647,0.04337668,0.64474314,0.053960975,0.021587541,0.47429848,0.037109468,0.024320094,0.0037839226,0.006893247,0.017715128,0.14847839,0.04722424,0.028726848,0.00012212567,0.3168137,0.010077412,0.016335735,0.025790302,0.052183814,0.002070869,0.0018962548
698,0.4752186,0.27414015,0.014950268,0.0067639947,0.36197445,0.20458627,0.0012864745,0.37587562,0.07053378,0.14011958,0.0058671795,0.009562863,0.22991963,0.004373686,0.010686885,0.1411305,5.3081152e-05,0.1388166,0.23375183,0.006929477,0.0055152285,0.48721915,0.016654618,0.012451746
699,0.10684323,0.08911524,0.02016075,0.003723852,0.86499155,0.24669123,0.0006855041,0.16086201,0.17507756,0.07929422,0.0028108896,0.0012843382,0.05014856,0.032316115,0.04195672,0.040589515,2.3460329e-05,0.17242016,0.020237695,0.028964572,0.020937286,0.110504344,0.00022838688,0.0069531617
703,0.37703508,0.027287433,0.00048372825,0.0009857147,0.7174907,0.8574418,3.908389e-05,0.22500364,0.014876843,0.0074070725,0.012630247,0.0003131444,0.010023526,0.0019413419,0.0046957084,0.11390965,4.549323e-06,0.06273228,0.003740897,0.0032874593,0.0016284061,0.43973336,7.237433e-05,0.002931414
707,0.08296909,0.054218248,0.0026596996,0.0264449,0.25690466,0.19585335,0.0026842451,0.6670887,0.017294696,0.07397866,0.03652666,0.020797402,0.20196494,0.008636507,0.013196398,0.28064352,9.837557e-05,0.32131812,0.07435693,0.0042882506,0.002087565,0.48631385,0.020875106,0.00517746
716,0.030393058,0.086264364,0.04500957,0.0276323,0.7642149,0.07378209,0.0044531645,0.34760025,0.18447663,0.11334926,0.005439154,0.009010221,0.02754123,0.12088713,0.11137408,0.04385427,0.00010198242,0.42510676,0.0190249,0.042493984,0.03843774,0.053553123,0.002730145,0.007110503
717,0.044740394,0.03356612,0.010464652,0.11183542,0.14598249,0.07145459,0.5964776,0.3942014,0.013501825,0.016889542,0.0019546892,0.085780576,0.04727113,0.057810996,0.008722739,0.07305248,0.005213623,0.045184787,0.089104846,0.023622252,0.011165816,0.15270035,0.027811062,0.002664205
719,0.44012865,0.3819867,0.020658027,0.0057439175,0.19268245,0.07152857,0.00087449263,0.35360214,0.07377482,0.29725555,0.003088404,0.014487783,0.32182586,0.0020388025,0.010924912,0.16368352,3.204244e-05,0.16647531,0.34320784,0.0050669312,0.00092418253,0.45376438,0.019468995,0.0049181986
726,0.024311468,0.030981934,0.005216396,0.018602112,0.6499344,0.09564799,0.0018468281,0.60446024,0.05398566,0.07831961,0.007842213,0.005351608,0.048784096,0.034423016,0.026861388,0.07165504,2.6183172e-05,0.45835838,0.036308885,0.008102236,0.009436727,0.12923382,0.0025955369,0.0020111124
727,0.01533685,0.01784226,0.001270953,0.0106208185,0.6058793,0.06450594,0.0004662744,0.68088675,0.021690967,0.05024268,0.003926218,0.003313378,0.024461303,0.01117587,0.010716357,0.043857165,4.2189326e-06,0.5068846,0.026999358,0.0022862246,0.0025574313,0.12069271,0.0015073468,0.00085149775
728,0.030517256,0.027525578,0.008943007,0.074935764,0.43037912,0.12691146,0.11492807,0.5912804,0.042615555,0.035272416,0.006470922,0.024047319,0.05372067,0.09734838,0.023080103,0.063128784,0.0007771545,0.16266267,0.038687196,0.017983599,0.04123467,0.1326758,0.009238982,0.0078106546
739,0.6070601,0.23114449,0.003745693,0.017013334,0.16063435,0.21582109,0.0076905144,0.5016843,0.009097073,0.030282144,0.007218654,0.035919625,0.07549964,0.0013538297,0.002440549,0.14146492,0.00021283882,0.10764838,0.38612935,0.0038078988,0.003139796,0.6498834,0.12897381,0.005726871
760,0.06165805,0.0951453,0.023220254,0.0066852216,0.51320016,0.04343864,0.002544344,0.3598893,0.12101801,0.23171419,0.0011069487,0.003412918,0.39130753,0.0139133055,0.014461289,0.08009764,2.3406115e-05,0.17876403,0.27449673,0.00812793,0.005391925,0.20484692,0.0018651695,0.0011472047
767,0.30418184,0.13439561,0.020706574,0.0091809975,0.729658,0.39496022,0.0029652964,0.24459422,0.12687166,0.07544156,0.008640378,0.0046701157,0.119544506,0.034758404,0.03559983,0.10617509,0.00011904787,0.13744625,0.06822274,0.023609586,0.05341463,0.29661998,0.0030291078,0.014774687
768,0.05965833,0.013897215,0.00043100654,0.016627869,0.2671073,0.44328845,0.0021266087,0.68890154,0.006159959,0.02436112,0.035506357,0.004713752,0.13597217,0.00573329,0.0039787274,0.27300102,4.3732034e-05,0.1635214,0.026524365,0.0021794143,0.0010479625,0.55524933,0.001795114,0.002828082
769,0.023372144,0.037276246,0.0010128543,0.0361201,0.22968031,0.079082966,0.0005313794,0.8521847,0.014737072,0.033394326,0.023523623,0.02675971,0.019026596,0.00819238,0.012943047,0.065028675,2.352335e-05,0.51213324,0.006973526,0.0015317453,0.0021285696,0.13246842,0.018231338,0.010872908
770,0.50731766,0.102542765,0.001467857,0.008941938,0.26773456,0.5444299,0.0014497872,0.55720514,0.011316278,0.02631741,0.016940543,0.007583605,0.084171936,0.0017553561,0.0031380174,0.16530377,5.4967266e-05,0.0952639,0.07520328,0.0033764213,0.0030978306,0.66774106,0.010112349,0.014298458
771,0.016570238,0.022842947,0.0027332013,0.029970346,0.43442583,0.075656794,0.0037453496,0.76265657,0.036471196,0.06635342,0.0075188326,0.007537162,0.08326042,0.02317006,0.011302965,0.073358126,3.4128156e-05,0.33795208,0.036840875,0.0037504025,0.0063921567,0.13934773,0.0040029082,0.0027695112
775,0.65186477,0.029771553,8.9754125e-05,0.002210836,0.14077394,0.8432349,0.00017561896,0.48740986,0.0011687302,0.0048775673,0.018885247,0.0015386422,0.03590891,0.0002719489,0.00061256567,0.20397891,8.372802e-06,0.036609158,0.021249322,0.00070318364,0.00018576415,0.8288688,0.0008461749,0.0045271185
778,0.042959638,0.03397543,0.003959569,0.006014949,0.74321985,0.13085943,0.0004340101,0.42712846,0.050331563,0.06172657,0.004805247,0.0018063034,0.062634125,0.01870692,0.020189645,0.06558118,7.06878e-06,0.36777866,0.030007027,0.007498286,0.005869149,0.16486253,0.0010928815,0.001443086
780,0.1311505,0.037158486,0.001310428,0.011946579,0.3890597,0.30455133,0.0017810056,0.61987257,0.018175058,0.041631743,0.01459046,0.0041290377,0.1868697,0.007927614,0.0054672905,0.17726752,3.2855907e-05,0.18058561,0.08326369,0.002905981,0.0057227784,0.49740642,0.004063882,0.0035018956
781,0.07489299,0.0106765,0.0002581607,0.0039397758,0.20700869,0.45991713,0.0002296433,0.46464744,0.0037853657,0.03516095,0.026548052,0.0010412759,0.46922806,0.0023632376,0.0028029534,0.47154927,8.426953e-06,0.11502561,0.042030215,0.0013934366,8.6755805e-05,0.74849546,0.00039955042,0.0004986916
784,0.014683151,0.013602409,0.0016970678,0.002250276,0.09777734,0.0783967,0.00051118096,0.19831389,0.009279873,0.16749573,0.002137302,0.00078339095,0.95820946,0.0029369844,0.0022220353,0.422771,6.97213e-06,0.030829791,0.09214153,0.0024497714,1.154727e-05,0.60765344,9.269527e-05,0.00021455954
785,0.29883105,0.028980723,0.00027539986,0.0037013171,0.44598687,0.7196326,0.00016830608,0.43759775,0.005583239,0.007813778,0.028739657,0.0017518571,0.026806282,0.0020871677,0.00415108,0.15750799,9.164217e-06,0.11726297,0.0066916808,0.002311996,0.0010409798,0.5722705,0.00095337414,0.007529511
791,0.07873292,0.045644276,0.0012857972,0.03492037,0.3793264,0.17082164,0.0024867167,0.7975714,0.017344909,0.010406679,0.0112605095,0.020035211,0.0054044775,0.011742387,0.009933806,0.028825626,5.2906897e-05,0.3167406,0.009070779,0.0027365023,0.03008837,0.13547547,0.02037377,0.015600524
793,0.10081874,0.026073042,0.0007679438,0.010720047,0.18046573,0.30133715,0.002635245,0.58218205,0.005845435,0.03796286,0.010787488,0.004533766,0.35733044,0.0027214254,0.0017584907,0.28522,3.3506687e-05,0.08775166,0.11348792,0.0019281171,0.00047055454,0.6400793,0.002800875,0.0016060912
804,0.0097548375,0.0058271047,0.0008494207,0.018678166,0.677701,0.0899895,0.005115678,0.56660736,0.014639182,0.011611189,0.0033713498,0.0022590496,0.0099123,0.046140518,0.014354676,0.028526101,1.8778446e-05,0.3319034,0.009050767,0.0046269544,0.011970113,0.078213,0.00061925885,0.0005260637
806,0.033871282,0.02657438,0.003240981,0.039879706,0.39385092,0.093590625,0.027518164,0.67767024,0.028564785,0.04063823,0.0035853465,0.010476489,0.13904342,0.028050447,0.0063081356,0.0684238,0.00010994521,0.16485181,0.08396177,0.0046772915,0.018213168,0.20025136,0.007797293,0.0036967956
814,0.14552093,0.083886236,0.011823942,0.011093169,0.82532716,0.19308606,0.0023272443,0.29173663,0.14396584,0.032780785,0.0022509925,0.0029357532,0.014641576,0.046432246,0.031310532,0.021109037,3.6347345e-05,0.20109963,0.02267982,0.012955195,0.2037261,0.089131445,0.0012047808,0.008301143
817,0.58373356,0.052716933,0.00054443366,0.0040728794,0.26680556,0.72435653,0.0006442733,0.47866046,0.0056374194,0.011931511,0.015355907,0.002725181,0.05714678,0.000959066,0.0016629184,0.19806555,2.425727e-05,0.059748847,0.054232717,0.001984506,0.0016259426,0.74341106,0.0030879725,0.004528769
818,0.016981369,0.016479399,0.0014768669,0.003773068,0.115563236,0.07067817,0.00058823836,0.35421184,0.010795301,0.15688084,0.0025656805,0.0012792839,0.91132545,0.0029781829,0.002053725,0.36821473,5.0775357e-06,0.059398536,0.114723444,0.0015561442,3.272164e-05,0.56330234,0.0002826316,0.0002896266
822,0.008522871,0.009591004,0.001122487,0.010989688,0.6759814,0.051436998,0.0005393847,0.62132716,0.021650163,0.047882244,0.0045170235,0.0020176338,0.036680996,0.02572122,0.017916538,0.051858652,5.161648e-06,0.5819106,0.0288775,0.0024364092,0.0035423115,0.11265582,0.0010588196,0.00028377835
823,0.16019258,0.26623988,0.06571315,0.011865917,0.5658232,0.032476492,0.004117843,0.3650472,0.21854094,0.24986486,0.00089556485,0.010843113,0.099457435,0.016793393,0.025242982,0.033690657,5.324866e-05,0.23032169,0.2510988,0.015660746,0.017719053,0.10683256,0.009719261,0.0045387438
824,0.50647163,0.43603978,0.00417881,0.035184626,0.06875293,0.0440145,0.0025312596,0.67925656,0.013322627,0.019884614,0.0035574075,0.18101922,0.017314479,0.0013647492,0.0036657823,0.024265533,0.000104960505,0.1464254,0.035776045,0.0017001703,0.0040649744,0.24117075,0.59113395,0.065303095
825,0.4334341,0.116164565,0.005577788,0.008175558,0.57427603,0.45763138,0.0016329063,0.3998696,0.0463918,0.041635223,0.011875521,0.0055976277,0.08844719,0.009308829,0.011664379,0.13584103,7.339055e-05,0.15525526,0.11074632,0.0073032863,0.026411206,0.5062301,0.00947925,0.008945767
827,0.4028844,0.052591585,0.0013786716,0.009783266,0.42093295,0.5828903,0.0027932383,0.5425298,0.017226364,0.01602759,0.012825227,0.0040712547,0.053747367,0.0056737466,0.0040119565,0.114044435,6.367339e-05,0.08729415,0.05560426,0.003963919,0.01917422,0.5154475,0.0033861366,0.009359802
830,0.017360153,0.10530341,0.059055984,0.0024586972,0.66934305,0.021211427,0.00011444409,0.23080577,0.2626551,0.43629277,0.000574032,0.0012570269,0.17032413,0.014271438,0.038908012,0.043454263,2.2925803e-06,0.31485835,0.0524221,0.013476488,0.0008959801,0.05764395,0.00014533514,0.00070109655
832,0.69773096,0.1300799,0.0014228029,0.005421922,0.19694297,0.58912075,0.001092369,0.47189975,0.008578836,0.02239874,0.00939055,0.0056480546,0.07149703,0.0008675816,0.0015921467,0.13089392,4.0324536e-05,0.048851218,0.13378166,0.0021262395,0.0022602298,0.7253821,0.0076730787,0.012861821
845,0.3565982,0.06519448,0.0016540287,0.0054508233,0.5763931,0.58403337,0.0005712399,0.42391336,0.021879798,0.019416362,0.014562495,0.00289808,0.036046192,0.004454436,0.006935743,0.12795846,2.5601303e-05,0.13485077,0.030880693,0.0048937863,0.007514592,0.4888105,0.0027192743,0.006993714
846,0.00054417644,0.0016299472,0.0021523568,0.19181648,0.33596995,0.010127295,0.45807797,0.44221082,0.0076881316,0.0030306936,0.00048927806,0.020387797,0.0012475937,0.57567793,0.058746092,0.005287049,0.0006747437,0.15339088,0.0011016468,0.013473674,0.020427028,0.0067829923,0.0010357501,0.00053552905
851,0.008005709,0.033997856,0.018125499,0.008012324,0.7944765,0.016522372,0.001083675,0.36365193,0.116008826,0.14702311,0.00051940535,0.0015490493,0.027061932,0.03743931,0.03411522,0.015133793,6.1249507e-06,0.46229511,0.037504874,0.011492203,0.0061290953,0.028618462,0.00022772932,0.000373599
853,0.11217954,0.07283914,0.0018197733,0.032597464,0.081385985,0.20678745,0.006609566,0.7284209,0.009593387,0.05458886,0.020736825,0.030289771,0.2890431,0.0038351407,0.0030968043,0.18048936,0.00016934906,0.09539662,0.057613123,0.0023942273,0.0007658413,0.48490444,0.016684335,0.03836761
854,0.03956414,0.044049185,0.003522777,0.014600775,0.15176082,0.09819092,0.0020120007,0.6258435,0.023226457,0.19842602,0.0133387325,0.00771531,0.61328954,0.0051020305,0.0063030836,0.35540017,3.347609e-05,0.17569295,0.13695568,0.0028070707,0.0002875844,0.50024533,0.004199826,0.0018891494
855,0.07428221,0.021228496,0.0013105879,0.018779961,0.36021852,0.29973218,0.004834216,0.6300286,0.015672643,0.035533603,0.016816586,0.005246409,0.23609947,0.014288715,0.0061281114,0.22277392,6.72218e-05,0.16553323,0.08089733,0.0033342342,0.006779376,0.47663015,0.0038493965,0.0020874655
860,0.0034469636,0.009306723,0.0022711526,0.0032673886,0.8561935,0.030329313,6.847091e-05,0.3604607,0.045506034,0.068600625,0.0011169198,0.00046339247,0.021288978,0.024223812,0.029163606,0.022476926,6.2919275e-07,0.5956584,0.0069611305,0.005080298,0.001084636,0.036300197,5.512748e-05,0.00012574992
863,0.12409285,0.06131511,0.0047088102,0.008635514,0.234982,0.19737151,0.0032960651,0.38105604,0.024189169,0.100160584,0.006169802,0.0047950894,0.64625114,0.0069943666,0.005443651,0.2758909,5.999482e-05,0.074225955,0.16665927,0.005773978,0.0010387118,0.56327796,0.0028462072,0.002769585
867,0.049961973,0.06524597,0.009382528,0.01022021,0.81131995,0.0770314,0.000708066,0.3877933,0.1048001,0.055240754,0.002201577,0.0035029675,0.016167179,0.038812608,0.036670856,0.020053523,1.367019e-05,0.40735248,0.018393913,0.011104222,0.038101934,0.058584448,0.0020559584,0.004053681
874,0.30343455,0.037901424,0.0005074789,0.006069152,0.15783417,0.5966445,0.0007959684,0.5150973,0.0036685106,0.023586685,0.02458462,0.0040369728,0.19971155,0.0010292742,0.0016627111,0.33826116,3.276145e-05,0.07331767,0.062093694,0.0019050174,0.00028541285,0.77712184,0.0029074016,0.0031625137
876,0.14955871,0.050386682,0.005266126,0.005391917,0.6637357,0.099344105,0.0035142023,0.27676,0.07000258,0.037888028,0.00068111817,0.0011478557,0.13329086,0.027283264,0.0083057685,0.032614034,2.042406e-05,0.11604406,0.16488907,0.00375614,0.11577972,0.19029856,0.000765398,0.0011880412
878,0.01741761,0.051715188,0.004992045,0.04842705,0.3207577,0.027938066,0.0017710142,0.800656,0.04207928,0.08072191,0.010154483,0.03419065,0.04124974,0.023390628,0.027722498,0.058938343,6.064036e-05,0.5681838,0.0239139,0.0038249216,0.005400696,0.08151043,0.037558023,0.0036068507
882,0.011095738,0.009757777,0.0010194188,0.009181747,0.15152135,0.16851348,0.00075176405,0.5126421,0.009018715,0.14944345,0.026839757,0.00228942,0.82909,0.006203164,0.005839831,0.5537696,1.8630806e-05,0.14817537,0.05152025,0.002472101,4.5097597e-05,0.60914445,0.00045556945,0.00055552594
888,0.713215,0.1632274,0.0007591622,0.0072701112,0.15020213,0.46799806,0.00097312283,0.51544774,0.0035092249,0.009980884,0.010211806,0.015721038,0.025234465,0.0004015788,0.0012700666,0.12674156,3.6860893e-05,0.08447382,0.101814225,0.0014034291,0.0010606878,0.7611978,0.048947208,0.007842474
891,0.6481967,0.4553884,0.023731323,0.008594463,0.33126882,0.13795237,0.0019429382,0.33263686,0.07722739,0.1277734,0.0032851365,0.023088004,0.13087565,0.0032028744,0.008953558,0.08592305,8.7759465e-05,0.1250794,0.34162343,0.007033855,0.008814349,0.47011366,0.08419376,0.019175496
892,0.012648807,0.030275818,0.001732223,0.018377416,0.5603869,0.037317395,0.00034772846,0.7336644,0.04295819,0.021400722,0.0018157768,0.0052397223,0.0027584329,0.024814688,0.016435098,0.0067892657,4.464396e-06,0.44745678,0.002602189,0.0022634151,0.01547454,0.020231022,0.001182442,0.0070687197
894,0.058099974,0.035566203,0.0010997421,0.021732308,0.4456735,0.1346495,0.001567711,0.7581351,0.015296907,0.02078084,0.008785153,0.011417457,0.016071001,0.009606449,0.008668693,0.046515867,2.7500788e-05,0.3911929,0.025056154,0.002279174,0.010214786,0.18853743,0.0118407905,0.0049597155
899,0.49629137,0.03956825,0.00069356244,0.009561558,0.38742796,0.69370764,0.0022220034,0.5604714,0.01070804,0.005900395,0.013428242,0.003811424,0.018614883,0.0044897012,0.003135554,0.08592577,5.8324407e-05,0.07207353,0.032723997,0.0024375755,0.035813026,0.5319564,0.0031756535,0.008196863
905,0.004871126,0.011093541,0.028201418,0.21202908,0.22791223,0.017871505,0.9312,0.14153711,0.02581871,0.0059598093,0.00020070617,0.06221072,0.003919615,0.6072843,0.064603485,0.00837817,0.008726979,0.024189971,0.003168115,0.09181654,0.034801625,0.010676922,0.001533201,0.0033288854
910,0.10702885,0.0990086,0.009805247,0.002649091,0.22048092,0.06298513,0.00041169694,0.25546947,0.05210543,0.2859584,0.0019039406,0.0022295138,0.7698061,0.004152095,0.008026355,0.22903338,9.1468155e-06,0.09995639,0.21909665,0.0032637287,0.00024894896,0.4561196,0.0010250338,0.00094381213
913,0.16584769,0.12055994,0.00821536,0.10417166,0.2353755,0.14811023,0.045486882,0.7040596,0.03475857,0.01630543,0.012487624,0.09161743,0.018177735,0.045262285,0.022235664,0.03709741,0.0010851821,0.17982283,0.018775081,0.011256475,0.079533294,0.1384975,0.12384271,0.0747891
917,0.014579742,0.010891252,0.0016839305,0.0029425109,0.12922712,0.08744935,0.0018914271,0.1443214,0.0067474623,0.088170186,0.0014176816,0.0009921655,0.9469406,0.0062208027,0.0020590394,0.35502315,1.6959637e-05,0.021658352,0.100509495,0.0037355674,3.5307832e-05,0.5604973,9.160078e-05,0.00019537157
918,0.41196334,0.41866344,0.04211165,0.001265196,0.21050319,0.0048663896,0.0023549944,0.06178889,0.124692746,0.22119233,9.73854e-06,0.0027290909,0.4118517,0.0030546363,0.0041481596,0.02540081,9.413103e-06,0.025396595,0.83972466,0.0027304967,0.002418713,0.1679524,0.0011628356,0.00016127755
920,0.045774516,0.06679222,0.008028607,0.0022968624,0.17152482,0.041879907,0.00017240166,0.28667507,0.04700548,0.3837195,0.0021775465,0.001897956,0.84487295,0.003623045,0.008227346,0.29374087,4.742435e-06,0.1354921,0.1519526,0.0024964071,7.004074e-05,0.43224815,0.00056098046,0.0005227224
922,0.080788724,0.0517796,0.0059760627,0.008334331,0.3015311,0.16535288,0.0027453469,0.4087051,0.03588821,0.12927657,0.0063934317,0.0035072244,0.6733104,0.009925758,0.0073521296,0.25490195,4.194181e-05,0.099003285,0.15151994,0.0064570927,0.0014986579,0.5008069,0.0020741944,0.0023993577
923,0.83765453,0.2988251,0.001663461,0.0042067557,0.12067913,0.39642474,0.0006401526,0.3666184,0.005014394,0.01823775,0.0047781263,0.0139689185,0.03948178,0.00026841578,0.0010099832,0.10792434,3.595735e-05,0.05287967,0.25480896,0.0013212264,0.00085589936,0.78584427,0.05017739,0.008043286
924,0.05232492,0.045292243,0.004446572,0.0043601664,0.13608187,0.059236154,0.0019723019,0.26533055,0.01970646,0.14538832,0.0013033616,0.0024516864,0.85617214,0.0041332887,0.0030387049,0.26951736,1.6569304e-05,0.045041103,0.26120836,0.002833012,0.00017830193,0.5173507,0.00087277655,0.0004260482
928,0.26004583,0.21208555,0.02377215,0.010124427,0.2688004,0.11037481,0.0046011824,0.34087142,0.08550505,0.21982491,0.004159399,0.010341937,0.49889538,0.00794193,0.011460735,0.16641074,0.00011079432,0.087683335,0.2747577,0.010355689,0.002812534,0.42715788,0.009800494,0.008486691
929,0.026715435,0.026502896,0.0036034319,0.0017215022,0.82284176,0.07951458,8.008969e-05,0.29575932,0.05534148,0.084790125,0.0012922791,0.00055293797,0.05393211,0.012737145,0.02026044,0.04078986,1.249934e-06,0.43481594,0.039262522,0.0044333814,0.0021067846,0.116244644,0.00017437516,0.00026190022
933,0.03108867,0.006290242,0.00015391497,0.01155039,0.4547841,0.21913713,0.0011293412,0.74576616,0.0075657973,0.009355597,0.006729169,0.0012498208,0.027332876,0.009638249,0.0028853405,0.055213723,6.1742835e-06,0.2101795,0.014543526,0.0008504733,0.007202198,0.23128416,0.00047825123,0.0010461939
935,0.14354149,0.05977506,0.0026910603,0.0032762848,0.73979557,0.37338802,0.00012299974,0.36074358,0.052989244,0.041345675,0.0075485525,0.0014300111,0.035078462,0.0074978108,0.013819043,0.078441314,5.7650773e-06,0.2267108,0.015211634,0.0058403686,0.0059415316,0.24623145,0.0006036803,0.005273297
936,0.07488221,0.44327125,0.21083032,0.0117889475,0.42003936,0.013724495,0.00044742948,0.39321464,0.45000222,0.60790676,0.0016835625,0.02371937,0.06812001,0.013616479,0.071962655,0.048572853,1.9257666e-05,0.41961926,0.06458254,0.022877436,0.0013786408,0.043905858,0.007883756,0.0064652776
939,0.36512572,0.16361172,0.009368268,0.014804146,0.40989664,0.25587967,0.005678448,0.4894691,0.048972987,0.07563729,0.009543006,0.013331343,0.15839796,0.0065226066,0.009268512,0.15532103,0.00016644652,0.14456472,0.231663,0.008983654,0.013996299,0.49869564,0.02942249,0.00821393
943,0.9584324,0.93137395,0.03478342,8.518689e-05,0.02221392,0.001064387,3.689082e-05,0.007412835,0.04876501,0.42117032,3.328035e-07,0.0033855184,0.15647262,6.913851e-05,0.0005791879,0.0056354925,8.192955e-07,0.004502402,0.97269696,0.00021953265,2.9467988e-05,0.24653287,0.0009827188,0.00016920768
946,0.0072995294,0.019498313,0.0042092395,0.002067175,0.8834049,0.026610035,4.754194e-05,0.30147636,0.07034624,0.08727861,0.0005650169,0.00043777568,0.012460516,0.018456725,0.029767804,0.012946739,4.825357e-07,0.6085425,0.014305058,0.0045588952,0.0021933694,0.029382307,5.1612522e-05,0.00015432747
948,0.24347205,0.12736957,0.004164161,0.014274477,0.30406472,0.29341713,0.0014823005,0.60380906,0.03376554,0.06893689,0.015580986,0.011889905,0.117102005,0.0046884753,0.0075083384,0.12415227,5.6066416e-05,0.15519272,0.04802112,0.005007262,0.0040927646,0.41988456,0.010217197,0.03203754
950,0.0014721763,0.006958637,0.0036443518,0.0061946134,0.88950765,0.0070023094,0.00032312496,0.24697515,0.045134258,0.02766386,0.00023397738,0.0005354796,0.0014135878,0.09602995,0.078849986,0.0034515662,1.3893816e-06,0.6442596,0.0020690372,0.008349526,0.0047060023,0.006013863,4.3536213e-05,7.8160214e-05
951,0.47534788,0.030440085,0.00017048123,0.0039470806,0.32453302,0.8388224,0.00020908154,0.4863847,0.0034051226,0.0032179076,0.025922008,0.0019734942,0.008859681,0.0011316474,0.0021220956,0.10735143,1.2730285e-05,0.059960857,0.004805856,0.0014948657,0.0015787781,0.6082586,0.00081351656,0.015019629
953,0.021981122,0.11594935,0.05090452,0.03215781,0.5594091,0.011003566,0.0050562695,0.5285393,0.23418882,0.20080645,0.0006453011,0.011859858,0.033144284,0.04915838,0.038101763,0.014861136,4.0623392e-05,0.3524343,0.042109016,0.015652126,0.017386764,0.025057022,0.0044238875,0.0033937206
954,0.22425415,0.09768136,0.009455809,0.007938054,0.72319037,0.37553245,0.0020901642,0.3592199,0.091909245,0.045012377,0.0059262775,0.0032059709,0.04512072,0.016008586,0.014334765,0.05953956,5.0536164e-05,0.12512344,0.039430197,0.013602147,0.035401672,0.22027819,0.0016739059,0.013187899
955,0.14838554,0.052361142,0.0020924518,0.014193968,0.455198,0.27701533,0.0022520935,0.61980915,0.024313636,0.045016933,0.013175723,0.0063238316,0.11831412,0.009133575,0.007566986,0.13134544,4.2477564e-05,0.2186454,0.07838594,0.0043574036,0.008866186,0.41632184,0.0064208093,0.0063192397
956,0.10765395,0.07090151,0.0074034166,0.003080217,0.564667,0.07559636,0.00077944406,0.31856552,0.070398025,0.12079536,0.0011338108,0.0012693211,0.37057644,0.00977657,0.007955034,0.08004598,8.182873e-06,0.16165893,0.27785563,0.0029376796,0.007728448,0.28677195,0.0012676091,0.00065313024
959,0.010339043,0.020881888,0.0016211877,0.012124589,0.51486933,0.046039328,0.00028669028,0.73650455,0.025692867,0.07301699,0.004845511,0.004701573,0.026450021,0.009931785,0.012322802,0.04912948,3.6952063e-06,0.5547475,0.019630529,0.0020934017,0.001262864,0.0955117,0.0016939458,0.0010331996
963,0.24133724,0.19220679,0.015387367,0.027905535,0.5717905,0.18253438,0.0027922753,0.5032377,0.0861304,0.0448571,0.010987502,0.026864037,0.02645358,0.024931816,0.035253663,0.057331115,0.00012503062,0.31451747,0.035640463,0.01182314,0.066726126,0.19292241,0.05031552,0.025506716
966,0.013880718,0.025017062,0.0046391105,0.0055066594,0.7985372,0.020655384,0.0006475218,0.42436612,0.06453454,0.06734389,0.00037158644,0.0009770474,0.020077147,0.021624751,0.013994049,0.009724516,2.748465e-06,0.43559074,0.048901767,0.0034876708,0.012642764,0.039799288,0.00027568016,0.0003452122
968,0.015986178,0.02343063,0.0044087106,0.015548187,0.59246576,0.06597988,0.0015428205,0.6333231,0.043040384,0.10757695,0.006543553,0.0044987313,0.0982137,0.024706144,0.020542728,0.09560496,1.7122391e-05,0.49115348,0.06567048,0.0055651176,0.003669457,0.16270576,0.0023880168,0.0007291013
972,0.2827361,0.01709536,0.00022689815,0.005769728,0.3343247,0.7585548,0.0006813935,0.48305783,0.003078547,0.009029026,0.045948878,0.0022976974,0.06647585,0.002572796,0.003350686,0.34023392,3.126196e-05,0.11590393,0.02087221,0.0024124286,0.00076316466,0.74024785,0.0012786174,0.0020212373
974,0.4497996,0.2512205,0.0019427967,0.055398446,0.04720714,0.031496033,0.02022911,0.69329035,0.0036005022,0.0071970616,0.0021932619,0.25731245,0.008786303,0.0009765788,0.0018561418,0.033351272,0.0005973305,0.14026885,0.09371764,0.0020341375,0.0024951599,0.27365944,0.8051622,0.004477833
979,0.6746857,0.32321665,0.012066995,0.005620474,0.3966443,0.22925358,0.001989266,0.29177058,0.04662052,0.0641057,0.002907924,0.011019411,0.10863169,0.0030419768,0.005929178,0.08224216,7.769324e-05,0.10137365,0.376606,0.0050300676,0.013860369,0.53743786,0.03658595,0.008608362
980,0.085479535,0.15252669,0.04742392,0.025798347,0.6986103,0.07313543,0.0075096213,0.44293156,0.19541942,0.14204998,0.0033335274,0.012647181,0.04497211,0.049302474,0.04562867,0.039240375,0.00011389138,0.3236539,0.07475031,0.026892336,0.052632883,0.08314181,0.007618311,0.009028714
984,0.029121783,0.061404463,0.007461448,0.040839292,0.50516325,0.05561653,0.0014364355,0.6875903,0.057382323,0.05311927,0.012948678,0.024374358,0.012500948,0.057780396,0.066658944,0.04399059,5.2535208e-05,0.614049,0.0111165345,0.0071808924,0.01967742,0.06588662,0.020133749,0.006852138
986,0.73999584,0.5518875,0.015814308,0.0012471202,0.09661685,0.021162735,0.00092939776,0.10442729,0.043248232,0.19025338,7.4040225e-05,0.00523145,0.29337156,0.0006409175,0.0017953712,0.044408698,1.5243371e-05,0.027144548,0.8472239,0.0014318493,0.0007069788,0.40617356,0.0041734595,0.0007828574
987,0.23968235,0.038334277,0.000796616,0.0072907787,0.19309883,0.5340049,0.00080167555,0.51976216,0.006062158,0.03850787,0.032641742,0.004414983,0.24429975,0.0020429865,0.0036790525,0.39302015,4.002986e-05,0.11753143,0.078650236,0.0025516844,0.00044723655,0.7577702,0.0030661165,0.0026225648
988,0.6308049,0.22997737,0.0046108915,0.0093509285,0.27304134,0.37825608,0.0017122304,0.49034303,0.028306939,0.048514046,0.0073845363,0.011717437,0.0711272,0.0025996324,0.0043335836,0.08304681,6.269579e-05,0.088321425,0.15301841,0.0035330763,0.009079329,0.55770695,0.018891336,0.03717883
989,0.035521958,0.06619147,0.012781309,0.13585566,0.4941859,0.04487641,0.053836487,0.5963049,0.12651446,0.006562318,0.001168518,0.019329239,0.0018356178,0.27099195,0.06124394,0.0035687485,0.00041990998,0.16511029,0.0027408937,0.0089864805,0.80720866,0.010039522,0.005549659,0.038983785
995,0.13396414,0.100768685,0.009734469,0.010117424,0.56550616,0.13543813,0.0017149319,0.49425498,0.07943513,0.1090891,0.004776025,0.0055620023,0.17287031,0.0140583115,0.014031754,0.088339,3.1252926e-05,0.237109,0.12742127,0.00721984,0.014384735,0.2690226,0.0064690034,0.005382229
1000,0.08467438,0.08386225,0.012515056,0.031069314,0.26509863,0.09187801,0.022636876,0.5554923,0.04824743,0.14970028,0.0071114185,0.01900042,0.4876897,0.01708438,0.01003695,0.21106976,0.00024387866,0.14925334,0.31846687,0.008891476,0.0054495353,0.4034567,0.017018802,0.0037655158
1007,0.24092023,0.18021122,0.002010373,0.060802195,0.16923824,0.16765195,0.002048741,0.8001151,0.014948363,0.00705083,0.020839764,0.10065708,0.0046204166,0.007867187,0.013026711,0.02219039,0.00010708629,0.27132463,0.0038037517,0.0024447795,0.02431384,0.16120137,0.20394854,0.18804081
1012,0.27447063,0.06926986,0.0036271731,0.00094444724,0.7501055,0.46914965,6.106806e-05,0.13811788,0.058318853,0.053651404,0.005164764,0.00047667488,0.1421526,0.0072265486,0.01492174,0.12332042,5.790788e-06,0.12051131,0.031412404,0.0060740383,0.0028528722,0.36456308,0.0001989415,0.0024367326
1013,0.0064778454,0.01797135,0.0036147868,0.006112509,0.8766366,0.039812434,6.0749346e-05,0.35760704,0.06495523,0.039046295,0.0022596836,0.0012212698,0.0016330592,0.054271355,0.09141899,0.012795751,1.5732855e-06,0.73159564,0.0022137535,0.0074581434,0.0050333147,0.017567301,0.00018790436,0.0004892106
1015,0.24578819,0.115913875,0.009068808,0.0075113173,0.73367906,0.36569318,0.0009842432,0.35478246,0.10034593,0.05555891,0.007903844,0.0036669022,0.055456884,0.015405988,0.018770438,0.07734415,3.9411534e-05,0.17469238,0.043064214,0.01176845,0.03492179,0.2596248,0.002854168,0.012489516
1016,0.009912074,0.011985858,0.0032150229,0.00084735855,0.17332079,0.032747045,0.0003032598,0.08778789,0.018539695,0.18783307,0.0003588287,0.00021070677,0.9663417,0.005671094,0.0032853894,0.2609454,2.4595583e-06,0.023893856,0.13000448,0.0031370744,2.4035906e-05,0.45552897,1.5503481e-05,5.5745626e-05
1019,0.10089417,0.034596357,0.0014427617,0.116715595,0.08529065,0.2898838,0.17359814,0.7450312,0.0038048269,0.0046432996,0.018731989,0.12790392,0.022476193,0.01530146,0.0044425637,0.09184465,0.0031830238,0.08223226,0.022600714,0.005127287,0.009167413,0.30033952,0.12168826,0.022775725
1021,0.07539099,0.079678066,0.014216818,0.009984994,0.3845552,0.101263456,0.003334589,0.39854205,0.07207257,0.18655738,0.0051196525,0.0055293664,0.57579243,0.012992637,0.013071238,0.19556175,5.7670895e-05,0.14328414,0.18913826,0.009529,0.003003031,0.376381,0.004138476,0.0023594361
1023,0.16673614,0.03437654,0.0012287551,0.0071743475,0.58632016,0.42209128,0.0009610092,0.49118462,0.018631356,0.022077003,0.014909431,0.0024062581,0.068305165,0.007296693,0.007493262,0.1527973,2.4700423e-05,0.19136961,0.037299473,0.0044412687,0.0066693192,0.44157287,0.002398641,0.0024885235
1028,0.124666296,0.14221352,0.019077769,0.004612231,0.27144724,0.039769784,0.0015053865,0.29702497,0.09283306,0.27833346,0.001140822,0.00400661,0.64778817,0.0058306917,0.009347646,0.15578355,1.7732595e-05,0.111171715,0.3850784,0.0045213155,0.0014526644,0.35952264,0.002850254,0.00088495156
1037,0.1594827,0.09044702,0.0039258357,0.008389723,0.5484494,0.21358246,0.00062147813,0.54142785,0.050919704,0.065021485,0.006443363,0.0049264226,0.07067114,0.0072734086,0.00988015,0.0711388,1.4549485e-05,0.22776602,0.046563078,0.0048764055,0.009078,0.2726918,0.0038033703,0.011031842
1040,0.5393305,0.24061568,0.007894239,0.003292533,0.2891111,0.17271571,0.00084377115,0.2845243,0.041053705,0.104169264,0.0020466312,0.004011655,0.32097432,0.0026509762,0.004450709,0.11365934,2.1759852e-05,0.07638331,0.3908079,0.0029460622,0.0035065778,0.55201745,0.006397895,0.0048226425
1045,0.04540217,0.031384602,0.006184037,0.015426745,0.77680945,0.24103625,0.002262389,0.3674227,0.06356797,0.044114206,0.013509397,0.003614818,0.036859076,0.069983415,0.053219058,0.08775209,6.142784e-05,0.36191565,0.018908503,0.01645448,0.0312673,0.15711066,0.0011183064,0.003345359
1048,0.026329912,0.038396332,0.004269236,0.012222297,0.737646,0.06549892,0.00051334477,0.53326833,0.058769736,0.04584468,0.0030987274,0.0038687568,0.009571371,0.032707848,0.032231376,0.022659073,8.455321e-06,0.52025783,0.013234934,0.0060597854,0.016339254,0.057747647,0.0017364887,0.0023001442
1050,0.25484496,0.09969121,0.006909188,0.008860875,0.21357398,0.10132279,0.019962728,0.2705852,0.021851543,0.04767301,0.00085650024,0.00553691,0.46241784,0.00808527,0.0025224823,0.11095972,8.9431436e-05,0.03296904,0.47288853,0.004549695,0.0058717537,0.44622767,0.004186001,0.0015663712
1054,0.21158281,0.036956336,0.001388231,0.004662294,0.6746478,0.33590254,0.00090209505,0.4323462,0.0341064,0.018963031,0.004096669,0.001170486,0.04972072,0.012047275,0.0062810504,0.05208518,1.5596268e-05,0.14271535,0.050132085,0.0030620163,0.043467157,0.28852648,0.00096579327,0.002940905
1058,0.010312715,0.015201608,0.012396258,0.041024845,0.64001155,0.025638785,0.21556813,0.2305429,0.0380043,0.018068736,0.00041582718,0.0060842456,0.018744895,0.18097316,0.031798687,0.013996029,0.00030892718,0.11778024,0.02435818,0.028092181,0.046938468,0.035650387,0.0010407214,0.0008492849
1059,0.28540552,0.17723136,0.0019858012,0.08582609,0.057528067,0.021446407,0.042652465,0.7458051,0.0041003735,0.0052125226,0.0020340385,0.2988674,0.0059413845,0.001879905,0.0026433947,0.024467682,0.000984557,0.16603585,0.051768128,0.0025035206,0.0048087714,0.16105385,0.84760153,0.0034994485
1060,0.016722979,0.03247961,0.0041868463,0.038861677,0.23090748,0.043259207,0.007963777,0.75393295,0.028062917,0.14502355,0.0083839325,0.018017823,0.3411624,0.01207837,0.008340253,0.18944292,8.375873e-05,0.31679916,0.14661007,0.0033993928,0.0014367194,0.25291663,0.014326401,0.0013142158
1062,0.09761339,0.04561779,0.0023852955,0.0028380398,0.19067523,0.12401243,0.00071837445,0.29816857,0.01716179,0.09803778,0.0017989125,0.0013067776,0.7522237,0.0031158424,0.0022342082,0.21445873,7.635622e-06,0.044600695,0.17378274,0.0020033217,0.00028814646,0.5418289,0.0006910279,0.0009192173
1063,0.08149094,0.07329584,0.003753616,0.0375922,0.3200923,0.09492592,0.005863343,0.7649957,0.02395346,0.051519237,0.011154228,0.03352887,0.054874364,0.008694986,0.0102775525,0.09394811,0.00013148488,0.37434343,0.094726115,0.0039064023,0.009079775,0.2606619,0.06352342,0.0049400926
1065,0.17210354,0.21003976,0.026943276,0.033439916,0.61708975,0.13641869,0.0050018765,0.4612997,0.1790358,0.048364636,0.0052331,0.017840296,0.023701817,0.062042076,0.04577962,0.023767218,0.00016292569,0.2166309,0.020453919,0.01583642,0.20191987,0.07912812,0.014734365,0.0683429
1066,0.5383841,0.18673332,0.017036522,0.013041499,0.5913794,0.3226927,0.0070024156,0.3089297,0.12122019,0.03770217,0.0025894311,0.0061066723,0.047358844,0.024814764,0.015592428,0.042099398,0.00016841397,0.078949615,0.1521139,0.009249851,0.31212652,0.2787799,0.0070405155,0.016061585
1069,0.33228442,0.19523095,0.009888247,0.003637934,0.17219086,0.073859125,0.0014311683,0.24075067,0.039319318,0.15758626,0.0010461005,0.004078628,0.59141386,0.003163103,0.0039079688,0.13951956,2.163277e-05,0.04837719,0.41903389,0.002932182,0.00091316865,0.49744242,0.0038972101,0.0022013085
1072,0.03953707,0.051668867,0.013863204,0.0014417385,0.6415845,0.04084596,0.0003442104,0.16759637,0.11015864,0.18965468,0.00032002575,0.00042450143,0.47542801,0.013165888,0.012077954,0.05050886,2.825264e-06,0.12198401,0.16684748,0.005892994,0.0023468493,0.17123164,8.5927284e-05,0.00031029174
1077,0.00059506635,0.00058325846,0.000396547,0.025785359,0.7058203,0.0028142356,0.18253341,0.21484332,0.008982287,0.00032565527,5.1979896e-06,0.0002787534,3.3922952e-05,0.4216722,0.018853618,0.000118164025,8.442751e-06,0.06813312,0.00026032017,0.0030295225,0.36775416,0.00096114934,4.149324e-06,5.9613914e-05
1080,0.18543053,0.021046644,0.00023810794,0.011315637,0.31040576,0.56621814,0.0010946522,0.7148678,0.0047150087,0.009480026,0.025793102,0.0038377303,0.029269801,0.0027061459,0.002396285,0.15014526,2.3427307e-05,0.15264314,0.02131539,0.0015042732,0.003046123,0.5560516,0.002444341,0.004388778
1081,0.11588463,0.047118712,0.00092589424,0.13091682,0.06566878,0.060282484,0.13989867,0.8046841,0.0018786535,0.0022309173,0.0053449064,0.24538215,0.007012582,0.0060616434,0.002960469,0.046240807,0.0020180726,0.16096894,0.0338795,0.0024319608,0.007007238,0.19416185,0.6748732,0.0022105165
1088,0.1033701,0.38893273,0.053647444,0.03981304,0.27340928,0.11318226,0.0007890204,0.4608663,0.14588448,0.16693632,0.04279187,0.09381302,0.022984423,0.020750975,0.09940625,0.08406057,0.00019133899,0.3514375,0.0030495583,0.024656931,0.0020007628,0.086384244,0.030388255,0.25780797
1089,0.0956096,0.04416095,0.0041755605,0.012273251,0.48035377,0.14763324,0.006155871,0.5338454,0.050307065,0.0573782,0.0028151323,0.0027185006,0.2090758,0.016038785,0.0059452443,0.0739091,3.2457505e-05,0.11419484,0.12839723,0.0041496274,0.019143878,0.2703442,0.0016654456,0.0033371083
1098,0.15061748,0.07502061,0.0047972747,0.0059049865,0.7300119,0.21990868,0.0006645791,0.42903927,0.067052886,0.050788883,0.004098895,0.0027063205,0.04107372,0.011552508,0.013576114,0.047829248,1.4285218e-05,0.249656,0.053288057,0.0063285977,0.01978935,0.20976502,0.0020500186,0.005447073
1100,0.0726538,0.028330661,0.0011841524,0.014006687,0.5039965,0.23164007,0.0016844606,0.6506021,0.014494981,0.033630423,0.013440671,0.005690908,0.06855907,0.007481625,0.007595986,0.14095841,2.5063275e-05,0.32548413,0.05907775,0.0033595304,0.003959736,0.3826301,0.0055342196,0.0017887112
1102,0.14601639,0.03887469,0.0027057803,0.0036759619,0.84822077,0.3565593,0.00037721964,0.2816363,0.066479094,0.01807111,0.0031821916,0.000840868,0.012767076,0.01971396,0.016252214,0.030441366,1.0679833e-05,0.19046776,0.014363057,0.0065472797,0.05604326,0.13912463,0.00027623662,0.0027268154
1106,0.023721052,0.028583229,0.0020506936,0.03389513,0.5704508,0.06422481,0.0010733819,0.6652945,0.023173675,0.013808189,0.01019888,0.015082777,0.0047426443,0.056341708,0.055258367,0.028795473,2.6146694e-05,0.6230167,0.0043538203,0.0040774,0.020187987,0.059146397,0.015909886,0.0033851776
1120,0.8710699,0.6388719,0.006364487,0.00028451686,0.0162598,0.0019014567,0.0008701174,0.015488349,0.0080854315,0.07970993,9.0513987e-07,0.0032343685,0.36798623,0.00016663199,0.00022875346,0.020414514,4.1925414e-06,0.0032938276,0.9782354,0.00025851314,8.289857e-05,0.4338242,0.0014434728,2.5872585e-05
1122,0.8510614,0.8006974,0.0362341,0.0008669048,0.07246039,0.00643823,0.0003340158,0.060715478,0.06806351,0.33163843,1.7799111e-05,0.011019499,0.15691245,0.00044701173,0.002111211,0.017069923,7.208474e-06,0.025442857,0.86337733,0.0012146583,0.0003575679,0.27755424,0.0071543497,0.0016471406
1124,0.37514806,0.058041826,0.0010838582,0.008144157,0.33996877,0.54331934,0.0010589935,0.51662755,0.010406262,0.024164686,0.022283737,0.0050904765,0.106903516,0.0034110323,0.004873628,0.22188671,4.1918935e-05,0.13264088,0.06549364,0.003285046,0.0034184756,0.6662643,0.006024053,0.005443257
1125,0.45508,0.09109513,0.00085982174,0.013328802,0.25847122,0.49798432,0.0017551213,0.652753,0.0074922377,0.011981245,0.01977427,0.012513575,0.03281445,0.0017535706,0.0030339935,0.11958531,5.714066e-05,0.13008137,0.044057257,0.0023450726,0.005050611,0.6114646,0.023078507,0.01518678
1130,0.34921983,0.14773342,0.015647953,0.011010419,0.65007496,0.38849112,0.0038399568,0.36473706,0.10359797,0.07230714,0.009982995,0.006175058,0.1438297,0.018879352,0.018248526,0.12359059,0.00013589786,0.13503954,0.112766705,0.016115313,0.04920535,0.37548068,0.008044427,0.015184686
1136,0.057868507,0.26223353,0.06550446,0.03218562,0.5498173,0.023436725,0.0011476327,0.51586014,0.22352669,0.20197734,0.004086414,0.043806296,0.011293537,0.037176345,0.10086986,0.025988063,4.912305e-05,0.5739218,0.017844774,0.02102897,0.01012482,0.031365696,0.023924844,0.015200436
1137,2.7279452e-07,8.185511e-06,0.00030895427,0.6640847,0.16464682,4.6802004e-05,0.98810786,0.12822297,0.0009238665,9.630721e-06,4.686849e-07,0.007853459,6.164549e-08,0.9973264,0.4117405,5.026423e-06,0.000879462,0.038562987,8.532029e-08,0.016654283,0.04532179,3.089182e-06,8.428621e-07,1.06592815e-05
1138,0.635432,0.21401186,0.0054293275,0.0062618083,0.4106191,0.43011555,0.0010167457,0.36733866,0.031474393,0.044053804,0.008120313,0.007949568,0.07863103,0.002743191,0.006174406,0.11432672,5.431002e-05,0.10519764,0.1514215,0.004945247,0.0081291795,0.59967065,0.017413275,0.015448271
1140,0.098659225,0.03390279,0.00035273712,7.380696e-05,0.015071652,0.003120256,6.709934e-05,0.018051568,0.001510479,0.04598183,1.4914447e-06,7.033772e-05,0.96995145,0.00017885957,6.328898e-05,0.096748404,7.05838e-08,0.0017876847,0.81809855,5.7124693e-05,1.4988292e-06,0.55928874,7.022659e-06,9.870845e-07
1141,0.6352105,0.16198036,0.0027995745,0.010123429,0.241387,0.5180791,0.0025263308,0.5156371,0.0151401395,0.030470636,0.011573109,0.011043605,0.06712954,0.0017791637,0.003032096,0.12416463,9.470182e-05,0.072667725,0.11200616,0.004194451,0.0044533527,0.65288377,0.016994826,0.024417005
1148,0.60938084,0.35456675,0.0063642063,0.012708526,0.11412053,0.06494372,0.007432902,0.41155612,0.012036965,0.05052391,0.0015289309,0.05015722,0.09964702,0.0010082572,0.0018427927,0.08608352,0.00017741024,0.09061712,0.60854447,0.0028030737,0.0025823324,0.52237225,0.17704642,0.0030856656
1150,0.021478651,0.041593175,0.009681498,0.024420721,0.72182095,0.07131621,0.0009954541,0.46492,0.06955199,0.05334028,0.011505216,0.0097965645,0.011274592,0.10074316,0.11837481,0.053389445,3.3139684e-05,0.6468157,0.008192004,0.013699757,0.015172432,0.057419132,0.005324384,0.0026398208
1154,0.017428491,0.030723862,0.0052708685,0.012330111,0.72235334,0.04844889,0.00071534666,0.53763413,0.059809886,0.07091243,0.0028880099,0.0035521258,0.019760381,0.032104403,0.030347062,0.030675625,9.203472e-06,0.529751,0.021958621,0.006895862,0.007911194,0.06451393,0.0015738575,0.0011571407
1159,0.011310768,0.04373312,0.015325103,0.016893825,0.69973767,0.015950842,0.0013126284,0.5100425,0.09039296,0.1201992,0.0013350887,0.0061120805,0.01627759,0.038883377,0.04620453,0.020203024,1.2555522e-05,0.58628905,0.024908299,0.012543751,0.0049993,0.030643994,0.002628296,0.00077259046
1165,0.83234656,0.1262682,0.00022293182,0.0057954397,0.07009355,0.71811616,0.00047143537,0.47683257,0.0012663408,0.0021360186,0.011819328,0.01430528,0.007083196,0.00025172983,0.00077490543,0.048113275,2.8573257e-05,0.02858469,0.016394572,0.00052357453,0.0009506648,0.75335383,0.022938043,0.055386983
1167,0.065229185,0.32565582,0.09800083,0.012887898,0.36129186,0.018191531,0.000604567,0.49482685,0.34153026,0.52198535,0.0013919179,0.016643088,0.11053515,0.011231867,0.03010509,0.041414883,1.392312e-05,0.2940046,0.07163214,0.011866812,0.001622556,0.06173878,0.004932927,0.011444302
1169,0.603807,0.016618952,9.6950345e-05,0.0025158804,0.25624534,0.9197392,0.00032941456,0.4214218,0.001713837,0.0024901778,0.024613066,0.0011028118,0.011617489,0.0007327188,0.0011034638,0.17931789,1.6264115e-05,0.02914917,0.007998177,0.0012257448,0.0006867438,0.7543403,0.0003185573,0.005279676
1171,0.0048571113,0.0055786823,0.00050095486,0.0073424825,0.72509366,0.02081449,0.000506748,0.6033493,0.026078783,0.015882218,0.0002933026,0.00046664075,0.0057186014,0.024674926,0.0062976885,0.0048784423,1.0934626e-06,0.3593918,0.0076146317,0.0009899013,0.01783251,0.022809777,6.442967e-05,0.00025366934
1177,0.025764255,0.017522663,0.0006083235,0.011242245,0.07435894,0.1828712,0.0007567653,0.6371807,0.0048676324,0.09680968,0.025870522,0.0052053747,0.70173544,0.0019962927,0.0023655128,0.4557856,1.8016117e-05,0.10993853,0.045405436,0.0010943885,3.387653e-05,0.64118654,0.0014360546,0.0018474014
1179,0.5761483,0.3719724,0.01304565,0.0048327087,0.16009316,0.08382598,0.0014120614,0.30682766,0.044764616,0.16726442,0.0013976822,0.009808359,0.32381636,0.0018437956,0.003936596,0.0978697,2.8527298e-05,0.062843665,0.44330835,0.0031418966,0.0015100563,0.5036437,0.01575886,0.007845839
1184,0.55830693,0.31708807,0.026187846,0.0031367422,0.40400788,0.14086492,0.0014014203,0.19907464,0.11345656,0.16228364,0.001318957,0.0035970174,0.3559642,0.005824194,0.009721684,0.08776648,3.9384635e-05,0.06106925,0.4327744,0.0064959708,0.010044769,0.42335647,0.0057950774,0.005389798
1185,0.76579034,0.32519212,0.007790024,0.0021676186,0.2783806,0.20510387,0.001129168,0.17922005,0.027134692,0.049189717,0.0010952798,0.004541502,0.13975093,0.0012480738,0.0023497539,0.08068788,4.284714e-05,0.043534573,0.5512464,0.0025865904,0.00498167,0.60606176,0.011412604,0.0025287506
1191,0.0016986486,0.006270722,0.0007698588,0.0049648024,0.7342304,0.013433687,2.0310184e-05,0.6047575,0.018219832,0.054329872,0.0019288614,0.0011608684,0.00519722,0.018241705,0.030537868,0.017807048,2.8521546e-07,0.8264724,0.004535608,0.0013312815,0.00038956376,0.026338313,0.00025336162,8.1209604e-05
1196,0.005796802,0.018206958,0.021310277,0.043469954,0.7041747,0.05602954,0.024437299,0.26036793,0.068377085,0.050957076,0.005739216,0.0072514378,0.03394644,0.28470093,0.13880648,0.048467625,0.0003225337,0.31629157,0.0073656687,0.06441176,0.014874455,0.04640019,0.00089677144,0.0023317556
1198,0.40431976,0.32522073,0.036704686,0.014047258,0.3325774,0.07932054,0.009980264,0.3770725,0.11989726,0.19635397,0.002256669,0.017525805,0.29617155,0.009948539,0.011898581,0.09135051,0.00015891012,0.111854605,0.48173973,0.010824401,0.01496507,0.34632817,0.028294861,0.0092147095
1202,0.030919548,0.025264528,0.0015894783,0.01578917,0.6219814,0.14870119,0.00032930056,0.591808,0.019524762,0.02681058,0.023988916,0.007907441,0.014265598,0.02554693,0.044156116,0.09506802,1.4075154e-05,0.6342274,0.009289057,0.0041745575,0.0049545546,0.1693482,0.005764561,0.0018578379
1205,0.5708333,0.10762093,0.0009100448,0.003602343,0.18786545,0.5505335,0.00039364878,0.43468612,0.00640339,0.028756764,0.01052281,0.0036908083,0.14405125,0.000632114,0.0014787631,0.17482615,1.7562483e-05,0.0535416,0.074224405,0.001929058,0.00042385646,0.7364272,0.004101477,0.011587867
1207,0.45293114,0.21098503,0.0031947857,0.008301269,0.34385872,0.41198257,0.00032410724,0.48846784,0.024455857,0.036467165,0.0134848645,0.011924963,0.024829285,0.0023221814,0.007340544,0.058710586,1.9676361e-05,0.1410321,0.020880684,0.004046117,0.0025010998,0.40589157,0.008964129,0.10333495
1214,0.23572841,0.11749381,0.02679149,0.019954832,0.6284524,0.2929064,0.020146508,0.35330147,0.1271416,0.08193118,0.006743507,0.008552417,0.17548326,0.03995348,0.02180155,0.107891284,0.00034813068,0.11863482,0.14743026,0.023942282,0.105964996,0.29978457,0.0064807087,0.012309735
1218,0.117778875,0.16060498,0.04082259,0.033802327,0.61902785,0.12647061,0.006768215,0.51857126,0.21677965,0.11636863,0.0057742293,0.014599521,0.03649088,0.067496546,0.051236555,0.04859025,0.00016229911,0.29816607,0.058413297,0.01803224,0.15646923,0.10091883,0.007205291,0.018526629
1227,0.47230914,0.106763154,0.0019245773,0.01248804,0.22691076,0.46327835,0.0025378526,0.6045239,0.011772838,0.029543104,0.019653242,0.011278276,0.09695103,0.0020408875,0.003476829,0.21347767,9.056468e-05,0.12195044,0.15578695,0.0029008274,0.0048871282,0.69069594,0.020685837,0.00675337
1228,0.0070880335,0.020245057,0.009847579,0.0137721,0.8267671,0.0283546,0.0021296141,0.35908335,0.0952916,0.049137224,0.0008750999,0.001613823,0.0075957454,0.08466355,0.047033787,0.010145883,1.07128335e-05,0.40457445,0.008166126,0.018377744,0.017324952,0.021275438,0.00028231385,0.00083699863
1229,0.50487703,0.32482854,0.014205876,0.0051073194,0.28302613,0.1343322,0.00076537114,0.3178623,0.05700669,0.16538613,0.0033210795,0.009849955,0.30622637,0.0030377284,0.00804947,0.118255585,2.8460912e-05,0.11112209,0.23150839,0.005196219,0.0021563987,0.4782869,0.016824394,0.013446984
1238,0.28439713,0.21947487,0.02720207,0.007283304,0.69688535,0.25567424,0.0011386208,0.31566128,0.16600417,0.12450755,0.0051111686,0.0057769567,0.09896627,0.015878076,0.02448382,0.07501011,4.217862e-05,0.17453462,0.08641583,0.015407856,0.022840451,0.23988241,0.0046708584,0.018468577
1239,0.29274198,0.17840852,0.00659637,0.07139254,0.13275625,0.05274179,0.10587963,0.5727702,0.014101656,0.011972674,0.0017927565,0.13694529,0.034213413,0.010617081,0.004607673,0.035808586,0.0010010421,0.086144276,0.087230965,0.006852965,0.019433884,0.19652335,0.41240054,0.011492089
1240,0.38902205,0.3299484,0.030322233,0.0015559027,0.29304388,0.022357086,0.0010792624,0.13473374,0.12504874,0.24481508,0.00010851669,0.0021582616,0.45360103,0.0034835301,0.005774016,0.04764722,9.833339e-06,0.048733953,0.67704725,0.0031752987,0.0028032335,0.26023662,0.0014243666,0.0006628482
1241,0.021549102,0.014188737,0.0008854678,0.0033890873,0.72838485,0.16358946,6.442863e-05,0.47458267,0.026673723,0.049412586,0.0063310694,0.00068406644,0.055032935,0.012503621,0.014647053,0.08112329,1.3855114e-06,0.41776612,0.012973524,0.002630946,0.0014259457,0.17686465,0.00015659694,0.000628963
1246,0.076422416,0.030074483,0.0023714066,0.0045777624,0.83994126,0.1974895,0.0005543456,0.3325857,0.045639917,0.018214684,0.0027624243,0.0012802597,0.010575144,0.022480778,0.01986091,0.026009658,9.236058e-06,0.30912122,0.015189833,0.0062678345,0.026556779,0.11184242,0.0006181529,0.0014898849
1248,0.24294186,0.094870865,0.0038295393,0.012957634,0.4563123,0.31537288,0.0021682603,0.58961403,0.037554763,0.05060531,0.010892731,0.00742876,0.08492348,0.007627946,0.007808581,0.10626644,4.9912003e-05,0.17455974,0.08357717,0.0054037473,0.013533293,0.40724522,0.008532264,0.01327849
1249,0.54307437,0.5032706,0.05056391,0.011755071,0.36653158,0.08347561,0.0023544107,0.35182405,0.14308538,0.21551137,0.0029105505,0.03261112,0.13631076,0.005753669,0.017104696,0.07268763,0.00010685444,0.16506404,0.2936789,0.012155613,0.010475348,0.31204507,0.08990004,0.023269145
1252,0.0049071074,0.013734392,0.0015854146,0.012329949,0.52657837,0.023220545,0.00049321604,0.7323793,0.030798601,0.08021255,0.0018261456,0.0026052836,0.05091279,0.013917939,0.008265514,0.030867936,2.692145e-06,0.45530674,0.021724686,0.0015517259,0.0015129218,0.05997437,0.00082091906,0.00060891453
1256,0.00037328782,0.0003796878,8.077207e-05,0.006316085,0.009791752,0.032600693,0.024846926,0.09825402,0.00017338981,0.023241224,0.00024206663,0.0011415961,0.99254864,0.004971771,0.00010307507,0.5392839,1.9365109e-05,0.0018987057,0.061323542,0.0007515119,2.1335875e-07,0.6274241,5.01224e-06,9.709478e-06
1264,0.3376279,0.10678734,0.0019173248,0.02934119,0.28967655,0.27968717,0.00756791,0.67566645,0.009702675,0.014014671,0.015914477,0.035390235,0.030069934,0.0036028102,0.0051188683,0.1034413,0.00017380512,0.20457034,0.07465462,0.0041048126,0.010236126,0.4889484,0.11220469,0.010395882
1265,0.46191683,0.09298738,0.0046897167,0.027107837,0.4756929,0.44265732,0.010902245,0.5222701,0.05323804,0.011141902,0.0064537106,0.010038305,0.024594806,0.02541643,0.011066038,0.04456305,0.0002733388,0.08575625,0.051044308,0.0052693738,0.40741047,0.28702673,0.012003195,0.021088716
1266,0.08541439,0.06691217,0.005191873,0.009472603,0.15887308,0.097414285,0.0032199211,0.4551287,0.025553929,0.14931127,0.003981684,0.005789879,0.71547663,0.005274986,0.0041031684,0.26159838,3.351615e-05,0.07884779,0.22493921,0.0034368194,0.0005122986,0.51097536,0.003606206,0.002085445
1267,0.27357402,0.62623876,0.2969464,0.008064825,0.6207813,0.03999504,0.0010818976,0.15578982,0.53198004,0.46173275,0.00089618884,0.014270613,0.04588513,0.020416932,0.07343526,0.029343178,4.723541e-05,0.18042997,0.09622872,0.035591707,0.0112793455,0.052953735,0.00465115,0.021439731
1274,0.52649856,0.09583063,0.0011854023,0.00679711,0.32721,0.63739747,0.00070634106,0.47818193,0.011244599,0.01697778,0.018229675,0.0056193974,0.049098317,0.0020543162,0.0040103253,0.120484054,4.040013e-05,0.083180204,0.030509323,0.0035792957,0.0032366167,0.61464113,0.005519302,0.02933645
1276,0.32212615,0.05868605,0.0013792218,0.044921733,0.17275831,0.44251677,0.033635624,0.6949419,0.0048554908,0.009062973,0.020083,0.044446915,0.03140119,0.004508076,0.0031504743,0.1535335,0.0006149213,0.113381766,0.07943349,0.004456216,0.008104103,0.57153964,0.07284661,0.008834314
1279,0.47433144,0.171055,0.0045163585,0.012044272,0.3722129,0.35303524,0.0017555968,0.49632266,0.025064921,0.03860492,0.014450902,0.015815549,0.07004681,0.0039428705,0.008939112,0.13829069,7.45671e-05,0.17686772,0.10245935,0.005561298,0.008099467,0.5580635,0.038044766,0.01506737
1283,0.049252667,0.0303924,0.003462171,0.0052189254,0.35073614,0.17691028,0.00069717615,0.36344928,0.028011836,0.12548475,0.008659493,0.0019018315,0.67619514,0.0107654985,0.010074387,0.31267607,1.7422853e-05,0.14521044,0.100686505,0.004459425,0.0007085237,0.5183046,0.0009331738,0.0009328862
1286,0.010574236,0.012037811,0.0012825022,0.008295327,0.7209214,0.04823733,0.0004205391,0.5797906,0.02595929,0.045236886,0.002453887,0.0015599865,0.027869586,0.020997029,0.014271056,0.032400392,3.4208533e-06,0.5253037,0.025041586,0.0025876572,0.004317926,0.08702109,0.0006915645,0.0003702523
1290,0.23972054,0.22793137,0.03928629,0.004329787,0.44630662,0.06790113,0.0020492286,0.18804085,0.15595342,0.22255142,0.0010003109,0.003771769,0.49685088,0.010606747,0.016183706,0.098645635,4.0820207e-05,0.08082673,0.3269774,0.0117420275,0.0069608414,0.30817157,0.0031439387,0.0026933725
1291,0.03322898,0.07510761,0.01207358,0.056926355,0.36786252,0.04213081,0.01031015,0.74261147,0.08317849,0.07870367,0.0049907523,0.029572496,0.07003444,0.034328833,0.019371958,0.04155497,0.00016486365,0.2859193,0.0364872,0.008330205,0.020709693,0.08164104,0.03087875,0.009766895
1296,0.28893632,0.18936922,0.024950135,0.0087199565,0.6461504,0.20060724,0.0033414117,0.36918464,0.15114938,0.12419713,0.003597036,0.0055995015,0.16719325,0.01700187,0.017050054,0.07454392,7.2576826e-05,0.15448579,0.20507526,0.012686022,0.043963306,0.2836755,0.006218224,0.010325756
1300,0.051749676,0.037919436,0.004966627,0.005713994,0.26105818,0.101195306,0.0028398188,0.3093469,0.027246874,0.1204377,0.002634894,0.002171442,0.774435,0.008579698,0.00502213,0.23364599,2.669787e-05,0.06733002,0.19538292,0.0050726775,0.0007787369,0.47859305,0.0008802321,0.00083308853
1301,0.15559387,0.042899862,0.00094498496,0.03609426,0.13876225,0.1441418,0.06881232,0.63566995,0.0019403618,0.006455903,0.0045521315,0.046966624,0.024565767,0.0023190987,0.001136052,0.11865141,0.00045775925,0.10878934,0.21852131,0.002766519,0.0028009645,0.46583626,0.12681031,0.0007956442
1304,0.020132087,0.0071476367,0.00034285896,0.011345177,0.68161845,0.11900011,0.0010608091,0.62008905,0.0076448466,0.007304769,0.0047930786,0.0022665735,0.0054754615,0.01820171,0.010558104,0.030262638,6.9170546e-06,0.44145805,0.008713938,0.0020669557,0.0070869224,0.12154798,0.0016324833,0.00043642087
1306,0.18663843,0.050379895,0.0014547674,0.0054145465,0.48676917,0.5552223,0.00028358845,0.4323004,0.02335976,0.036527276,0.020679414,0.0024001761,0.06738272,0.0047966624,0.008346633,0.13753788,1.7505126e-05,0.13002712,0.01072334,0.0053562066,0.0017758125,0.38936308,0.0006667376,0.016993772
1307,0.5958419,0.04322091,0.00034100507,0.0042384304,0.35187528,0.77444136,0.00057168904,0.48736912,0.005047179,0.005374092,0.014351221,0.002533306,0.01577532,0.0010591066,0.001661631,0.121638216,2.0942036e-05,0.06171355,0.02484914,0.001661351,0.0034185539,0.67768884,0.0023515373,0.0057172566
1308,0.08601844,0.019475684,0.00067774113,0.006869562,0.3649313,0.3490746,0.0006947413,0.5482934,0.011036572,0.04037603,0.01615507,0.0016590037,0.30164596,0.006265765,0.004577904,0.26773813,1.3250923e-05,0.15659337,0.05507623,0.0023092015,0.00106468,0.571062,0.0009909841,0.0012647527
1312,0.17336623,0.06690844,0.0034463296,0.0046537137,0.64064956,0.33220583,0.00035766663,0.4029719,0.040758718,0.053933643,0.008940502,0.0026943116,0.07057461,0.007642449,0.0133033795,0.122494325,1.3209463e-05,0.24544062,0.052711673,0.00514499,0.0049820594,0.37104732,0.0021505991,0.0034377198
1316,0.0032182978,0.007829131,0.0005699747,0.0194751,0.45586118,0.02146693,0.0004778748,0.8158647,0.015998485,0.027148481,0.0022043136,0.0038045305,0.0104744835,0.015832065,0.008363067,0.016232092,3.1245172e-06,0.5206541,0.0061532194,0.0009450589,0.0019005538,0.035599433,0.0012713447,0.00069462246
1324,0.42537516,0.15649651,0.009433215,0.04176641,0.40739995,0.33950832,0.021321548,0.5477962,0.045347054,0.02079377,0.012007537,0.03515502,0.031056378,0.018629737,0.014347175,0.07558491,0.00066220184,0.14154509,0.07048539,0.011753204,0.123515636,0.33702096,0.076444305,0.026445003
1325,0.59614563,0.7601727,0.11496203,0.0012076256,0.22027896,0.014163588,8.23648e-05,0.12131238,0.2734155,0.6004087,0.00014925703,0.00863625,0.18626061,0.0010987697,0.013383746,0.035149302,3.9953698e-06,0.09472929,0.3409286,0.0045255367,0.00029334932,0.16185565,0.0051098373,0.0057152947
1331,0.5808524,0.3255314,0.002903325,0.050224308,0.05579548,0.086578965,0.01845905,0.68182206,0.0056499215,0.011950222,0.0056175273,0.1996685,0.021428864,0.0009928661,0.0018966476,0.0544882,0.00052531436,0.110984325,0.10652653,0.0025389995,0.0032583477,0.42780387,0.648702,0.019565662
1333,0.024775734,0.022875289,0.0027122705,0.0021783412,0.8664675,0.075448275,0.00011592166,0.3061269,0.06401438,0.05081677,0.0009790498,0.00040769787,0.021820707,0.016573697,0.01849342,0.018921599,1.3861061e-06,0.4092049,0.021260023,0.004703204,0.0074265655,0.06951618,9.050141e-05,0.00042566864
1341,0.10803819,0.39595395,0.22866656,0.0010164425,0.6576785,0.017886845,0.00017350327,0.05672706,0.5280965,0.52949345,8.060165e-05,0.0009614717,0.24890895,0.009397484,0.038632393,0.023643846,3.780444e-06,0.07323933,0.1410078,0.021588374,0.0019601171,0.056429196,9.761007e-05,0.0014777911
1342,0.010069313,0.0053127776,0.0003059402,0.0026754988,0.8145092,0.081567675,0.0001126989,0.48119268,0.011942669,0.009026573,0.0009543856,0.0003952297,0.0028180012,0.010154521,0.008091456,0.012944083,5.5684825e-07,0.4444769,0.0039577996,0.0017693704,0.0023554114,0.053342365,7.446946e-05,0.00012197694
1343,0.40747726,0.16284546,0.005486781,0.0011310444,0.15780504,0.043972004,0.0013851019,0.08025119,0.019234193,0.06105252,0.00012486072,0.0013086433,0.72502977,0.002452229,0.0014373051,0.08958754,8.629671e-06,0.013645047,0.61866254,0.0015335594,0.0009875243,0.4840188,0.0011282084,0.00034410358
1348,0.5008503,0.4512853,0.07001126,0.004727799,0.59871686,0.12985381,0.0014483844,0.19066408,0.25706258,0.22555183,0.00092906936,0.005369698,0.10904109,0.010552313,0.018172627,0.03554192,4.717194e-05,0.08856346,0.28750262,0.0122333905,0.028488817,0.19349259,0.003911056,0.016907707
1353,0.074844085,0.026554005,0.0017609734,0.01297364,0.46819854,0.29988295,0.0019478323,0.5425544,0.018654,0.048035406,0.022664474,0.0042841258,0.24110946,0.0132912155,0.010742154,0.26650164,4.8188456e-05,0.2404069,0.0654445,0.005358128,0.0034539716,0.48127925,0.0036388794,0.0018339221
1356,0.16945367,0.18041715,0.04233777,0.008480427,0.62504494,0.13803734,0.002473822,0.2763828,0.19216098,0.18283959,0.003219531,0.0045709843,0.28950232,0.02588311,0.02668904,0.08649225,6.6250344e-05,0.13714232,0.1305275,0.020738427,0.023608306,0.23158433,0.0031106374,0.010097562
1365,0.023651367,0.024089856,0.009087356,0.0052247886,0.4721982,0.15499604,0.0018978277,0.17941032,0.047061566,0.143132,0.0063752104,0.0014553076,0.7937073,0.029176617,0.020135025,0.31521764,4.7167396e-05,0.097704,0.06353047,0.017965063,0.00079658715,0.41554943,0.00025568935,0.0008605631
1367,0.21757261,0.33382955,0.02074747,0.07631171,0.26687688,0.043324873,0.007473723,0.7038666,0.10509435,0.05036029,0.004585988,0.103422,0.017351335,0.025048286,0.026331563,0.0187611,0.00029638404,0.2769841,0.026615957,0.008018067,0.09422487,0.07611751,0.20933603,0.08436117
1376,0.00096262933,0.0028546702,0.0026073165,0.004748822,0.82630223,0.02939675,0.00076656236,0.1805293,0.03282627,0.06467376,0.0011128517,0.00022509052,0.08881798,0.0763006,0.03784059,0.044546347,4.4322737e-06,0.35192442,0.0071475855,0.013807274,0.00092187716,0.055896573,7.337871e-06,4.672e-05
1377,0.7652479,0.6791674,0.038575355,0.0010583194,0.124883786,0.0076585687,0.0010361262,0.059035014,0.09081827,0.24990244,1.6154701e-05,0.006045938,0.21705607,0.001127885,0.0027490647,0.020026859,1.4732546e-05,0.023486434,0.8976299,0.0017229024,0.0016721663,0.25146073,0.003792551,0.00060585456
1378,0.6357937,0.118332505,0.0015196089,0.004368392,0.34843498,0.67400134,0.00048242926,0.3886484,0.011732973,0.01953848,0.017609362,0.004492884,0.048436545,0.0011073663,0.003561223,0.19283137,3.6179208e-05,0.07978359,0.051669903,0.003285001,0.0019338782,0.7121303,0.0072607254,0.0092361625
1380,0.564832,0.28377745,0.009372251,0.001361048,0.20538977,0.06061106,0.00061659975,0.13182253,0.039433688,0.1170816,0.00028672145,0.0020938213,0.48486197,0.002133977,0.002857788,0.08268621,9.3721665e-06,0.035384238,0.60606813,0.0017493013,0.0015933478,0.48772085,0.0025471845,0.0009941331
1381,0.2037642,0.30565414,0.01894033,0.032542076,0.29263112,0.08224477,0.001011316,0.6310065,0.076893725,0.13055423,0.017226236,0.07497239,0.0351042,0.010111972,0.03985601,0.08231561,8.742269e-05,0.4697412,0.035847973,0.008230078,0.0063350815,0.18809174,0.09546164,0.040917933
1382,0.062070783,0.035142113,0.0019752712,0.025111998,0.31944332,0.18775326,0.0051777037,0.7134426,0.020245828,0.059837442,0.015939305,0.009219605,0.23800363,0.011054891,0.0068133045,0.19354402,7.106994e-05,0.22977094,0.096642844,0.003412628,0.004682829,0.42024305,0.008408618,0.0036069707
1386,0.8453154,0.21165967,0.0007709784,0.003575208,0.09000442,0.4828611,0.0006291929,0.36780456,0.002619877,0.011737995,0.005263144,0.009798707,0.040721923,0.00018082628,0.0006106924,0.14043957,2.8653209e-05,0.038752675,0.24731553,0.0009562174,0.00044588244,0.8349163,0.02728441,0.0045189424
1387,0.1578254,0.041319747,0.002096516,0.0063209743,0.57905984,0.35496515,0.00088075007,0.4561422,0.037176013,0.04419541,0.009073492,0.0016730127,0.19101775,0.012481415,0.008558196,0.13089782,2.0564486e-05,0.14537802,0.052047238,0.005200616,0.010868858,0.40094575,0.0011999077,0.004502945
1388,0.012326553,0.025511045,0.0017875367,0.039847616,0.3967748,0.037303247,0.0016288263,0.8248587,0.031995624,0.024690086,0.0045537697,0.012206626,0.011752634,0.030432766,0.014822434,0.017878989,2.163997e-05,0.43064716,0.006384302,0.002144916,0.014318082,0.041970607,0.00791708,0.0060688993
1389,0.13968302,0.114858955,0.01383539,0.01977934,0.42687544,0.1494085,0.0049620667,0.5342103,0.06959297,0.1403948,0.010859651,0.013132816,0.2761171,0.016131237,0.01791422,0.1742059,0.00011191338,0.23171598,0.17379999,0.010716371,0.008850045,0.36934248,0.017515184,0.0064894343
1390,0.3589729,0.0590917,0.0022058673,0.0026809424,0.6976996,0.47913146,0.0004927851,0.33709228,0.03788202,0.022905536,0.0045431,0.0011408427,0.04353962,0.0058532506,0.005647762,0.07263805,1.9227296e-05,0.11946091,0.07903338,0.0034562615,0.02286718,0.38764068,0.0010863618,0.002293806
1394,0.20414804,0.05937109,0.0015334155,0.013582456,0.21798773,0.35698286,0.0027955887,0.6175389,0.010777377,0.042432126,0.016723463,0.008707124,0.20587137,0.0028146144,0.003110018,0.23688582,6.508723e-05,0.11337476,0.10679564,0.00283615,0.001522031,0.627262,0.009097678,0.0055880994
1401,0.048127633,0.0256612,0.0025302027,0.07821819,0.54221153,0.056489524,0.03620075,0.57541037,0.06072419,0.001353271,0.00042468027,0.0067489645,0.0006972472,0.17227207,0.025698483,0.0014905107,0.00012447259,0.10349493,0.0016730272,0.0025892907,0.92950016,0.010949533,0.002410864,0.010483586
1403,0.007845801,0.014176731,0.0019026172,0.014800043,0.5950769,0.04152391,0.0006525955,0.7013777,0.031618387,0.0663934,0.0040872,0.0032284004,0.032759108,0.023733092,0.016324952,0.04347967,6.1123114e-06,0.5416007,0.023171294,0.0028275417,0.0031007284,0.0820707,0.001408169,0.0006464692
1409,0.27463645,0.11432125,0.003222406,0.027757224,0.25933504,0.069519036,0.02585925,0.55234575,0.009895883,0.014281309,0.002050968,0.042331643,0.018078217,0.0049422537,0.00429462,0.041441582,0.00023441057,0.17956157,0.18629067,0.0034867395,0.01594612,0.2831136,0.16060238,0.002333467
1428,0.035339467,0.017984971,0.0013111547,0.020317338,0.584553,0.09742414,0.0069107325,0.6709661,0.0243643,0.015914544,0.0024642213,0.0040107123,0.02016558,0.024081996,0.007433941,0.026069012,3.0069185e-05,0.24944708,0.027200133,0.0029741134,0.03647405,0.10878831,0.0026942268,0.0017381392
1431,0.006386117,0.029036745,0.014732773,0.0087594,0.84758824,0.027970146,0.00046093887,0.31300512,0.12806928,0.0942346,0.0011427172,0.0014884187,0.011541628,0.06424718,0.0704882,0.016394634,5.1307875e-06,0.52954304,0.0068478067,0.019965181,0.006053217,0.02166482,0.00017331923,0.0007452414
1435,0.17325673,0.03402402,0.00073553604,0.004021813,0.16591264,0.3932595,0.0005314469,0.41658297,0.0060967733,0.047034897,0.009311434,0.002063904,0.494194,0.00163733,0.0017481286,0.30442792,1.3595448e-05,0.05540437,0.07700474,0.0018059475,0.00016887774,0.7086171,0.0009636204,0.0024419553
1439,0.6886189,0.3948805,0.0037105002,0.017671566,0.073768325,0.11223612,0.005129929,0.536646,0.0071562035,0.022663364,0.0035243712,0.08449973,0.043543015,0.00057361386,0.0014873121,0.07175913,0.00015711866,0.08007888,0.22904119,0.002162188,0.0016931138,0.5606333,0.3626918,0.013530403
1440,0.5422616,0.22366399,0.0064441753,0.0071591376,0.3302841,0.21672748,0.0019675444,0.36679763,0.03806679,0.05455575,0.0033826316,0.00823806,0.2004192,0.0048502083,0.005010113,0.07428803,5.1539435e-05,0.0744403,0.24799682,0.0033930547,0.015743323,0.47332156,0.018033773,0.015765186
1442,0.13939604,0.10568309,0.010295685,0.0031680518,0.234834,0.04666854,0.0017336524,0.21824796,0.049365997,0.16275497,0.00059588277,0.0020692467,0.72761023,0.0054735243,0.0047262846,0.14102876,1.39179965e-05,0.05269822,0.42089006,0.0032315934,0.0012238906,0.42002165,0.0013740106,0.0006326975
1447,0.07197053,0.024289552,0.0022306233,0.011091422,0.4663377,0.08487157,0.012183398,0.41881967,0.03258379,0.02351126,0.000600355,0.0016255155,0.12044463,0.02159287,0.003276749,0.032247175,2.1612357e-05,0.06838185,0.11419179,0.0021980843,0.042993642,0.17254166,0.000579446,0.0012246614
1449,0.13947672,0.036661487,0.0017745221,0.0032181737,0.75557417,0.5128416,0.00016503052,0.31585503,0.040095907,0.029402127,0.012533671,0.000874841,0.04854669,0.010946703,0.015511626,0.12019591,8.662842e-06,0.18861726,0.010332644,0.00783039,0.005273712,0.29816246,0.0002891148,0.004043814
1455,0.16176718,0.11056396,0.011449396,0.049149297,0.23879042,0.04008021,0.1809233,0.424972,0.023160882,0.034887757,0.000983004,0.047307584,0.12247245,0.017866133,0.0055447137,0.067984104,0.0009289087,0.08402873,0.3762901,0.011040804,0.017235812,0.230155,0.08583908,0.0017205117
1460,0.053640027,0.041071273,0.006319737,0.014121147,0.2949063,0.14517036,0.00853116,0.43529937,0.033600207,0.120194025,0.005717254,0.0052999593,0.68501574,0.01420641,0.006618768,0.23539972,8.880613e-05,0.08624288,0.14874855,0.008232098,0.0019160077,0.4537568,0.002200624,0.0025840083
1461,0.072450586,0.07082999,0.014368134,0.021069037,0.782554,0.18816322,0.002837797,0.35625225,0.118005075,0.04973611,0.009747536,0.0060690516,0.021674778,0.08905826,0.0754415,0.052664824,8.050694e-05,0.36241284,0.016736617,0.022369068,0.08652504,0.10103564,0.002461288,0.010585026
1466,0.010468189,0.02087086,0.0044205748,0.0061924616,0.6616381,0.057849184,0.00020031804,0.49056104,0.05364409,0.13921028,0.0045919665,0.0015591809,0.13589732,0.022556815,0.02406659,0.09184211,3.2492842e-06,0.4985349,0.033918962,0.0047511035,0.001521599,0.13760366,0.00049216097,0.0004438378
1474,0.036815055,0.12449828,0.0395319,0.008434792,0.54113644,0.045246832,0.00049844256,0.43977028,0.18657923,0.34318492,0.0033490239,0.005919498,0.17935811,0.016680973,0.033534825,0.08847619,1.3482138e-05,0.36119714,0.07064243,0.0123035675,0.0022572835,0.11803089,0.0022417638,0.0025329553
1478,0.10966843,0.302086,0.18231632,0.014655073,0.6810951,0.052827783,0.0040837913,0.23017232,0.40245414,0.31630316,0.0018636751,0.010302538,0.100785755,0.05267935,0.0830654,0.047181483,0.00011513862,0.2252831,0.08504065,0.053071793,0.027013911,0.073845804,0.0034211802,0.011137743
1481,0.038205665,0.04895305,0.008557687,0.036893297,0.5741446,0.05428728,0.009199567,0.63954127,0.057875305,0.06202928,0.0046803425,0.014482303,0.039191004,0.047479544,0.028477922,0.044571187,0.00010195433,0.420831,0.060022827,0.009070055,0.02878376,0.099382505,0.017068269,0.002899701
1484,0.72534853,0.51850283,0.021684103,0.0046045664,0.32322043,0.16688655,0.0006234291,0.25579944,0.08255599,0.16008097,0.002024418,0.011435814,0.10594244,0.002176956,0.007451447,0.055251632,3.6801528e-05,0.08424437,0.31508294,0.005007604,0.0050292634,0.4381502,0.019155543,0.032730494
1492,0.12759483,0.11079914,0.0085302675,0.00346149,0.23196873,0.04872075,0.00089577946,0.32843962,0.051721994,0.20130633,0.0009727001,0.002589984,0.6682848,0.0039163935,0.0045417957,0.1437912,7.904423e-06,0.08640455,0.31347516,0.0024292574,0.00080006715,0.40033588,0.002130811,0.00097022747
1495,0.058096748,0.039038707,0.002646156,0.017991705,0.49321216,0.27608052,0.00083702774,0.585701,0.024820078,0.047730736,0.04045806,0.01015989,0.04916721,0.017928742,0.02875405,0.18088876,4.069559e-05,0.41362676,0.01568636,0.0065428116,0.003217215,0.29533815,0.005047347,0.006389165
1497,0.059644204,0.060357906,0.011740358,0.0030155058,0.61457866,0.094559275,0.00044458226,0.29217818,0.104041964,0.17260034,0.0016871577,0.001033847,0.44716972,0.013576522,0.01278595,0.092631206,7.2286707e-06,0.16364338,0.1310487,0.006566989,0.0044290842,0.25080535,0.00047631311,0.0010411835
1500,0.08198907,0.042530734,0.0015831407,0.0077082673,0.107586704,0.089631796,0.004545406,0.40255404,0.0065895966,0.052224882,0.0018164184,0.0049100304,0.66044885,0.0022976536,0.0010653888,0.23798755,2.569704e-05,0.045158464,0.33070296,0.0014408415,0.0002953384,0.584933,0.003177819,0.00050287734
1517,0.60461855,0.12828013,0.0011535864,0.0064202677,0.17523396,0.4854519,0.0009856748,0.5059496,0.006309041,0.025979102,0.01440566,0.00806919,0.08698073,0.0006824616,0.0018207819,0.23081505,3.9442024e-05,0.09294831,0.18882059,0.0019321698,0.0009748645,0.7777653,0.016263701,0.0046099243
1519,0.19725753,0.084017865,0.0046478203,0.03746652,0.5352497,0.22137246,0.0060530137,0.5919169,0.06005036,0.0111107435,0.0056357756,0.014359305,0.009435875,0.042268895,0.021519834,0.023950199,0.00014400808,0.19869378,0.014475166,0.005306366,0.3418501,0.1273982,0.015981266,0.022299621
1521,0.15500708,0.025248595,0.00067471433,0.0068098335,0.3411437,0.5103898,0.00067517563,0.5313921,0.008291049,0.030929003,0.030437227,0.0025578132,0.16022103,0.0036257831,0.0049607083,0.35151505,2.4582036e-05,0.16994348,0.051591165,0.0026110369,0.0009288791,0.66841495,0.001909948,0.0014061106
1524,0.17737465,0.07776433,0.0065459865,0.014152832,0.58829534,0.39529496,0.0021484022,0.4720009,0.056398988,0.060432173,0.019451557,0.0065718596,0.09688488,0.020108884,0.020762186,0.16265772,8.191129e-05,0.21509586,0.047979586,0.011946518,0.017222347,0.36174628,0.0046414514,0.011286973
1525,0.6690708,0.016902287,1.9445924e-05,0.002253129,0.1357601,0.9249906,7.5873635e-05,0.5862678,0.00048942206,0.0011522048,0.03283117,0.0013804934,0.0052960566,0.00013803937,0.00041369823,0.1515466,4.9299183e-06,0.036764912,0.003859651,0.0003791474,0.00016194572,0.83290136,0.0005884119,0.0067530954
1528,0.073438495,0.09786962,0.031916242,0.00067588245,0.61771786,0.03619007,0.00022615732,0.066870004,0.17765914,0.25409198,0.0001361626,0.00028949574,0.6355389,0.011602326,0.014859803,0.05206708,3.2511532e-06,0.058480855,0.2159531,0.008479123,0.0021554055,0.17610775,4.4797853e-05,0.0002892863
1529,0.34885332,0.15499215,0.011062713,0.0021108093,0.47427326,0.2547641,0.00041374873,0.221405,0.07524045,0.13659173,0.0032244236,0.0015777707,0.39404166,0.0047828015,0.009757326,0.14434949,1.6845932e-05,0.08584579,0.16826871,0.0062404866,0.0029915788,0.46146488,0.0013010931,0.0041293493
1531,0.5472752,0.27658388,0.004235865,0.006349406,0.2538289,0.3551508,0.00036561236,0.447833,0.029005533,0.06431649,0.0092439195,0.009280052,0.0785324,0.0019812144,0.0053408924,0.06047696,2.418091e-05,0.081343174,0.042121176,0.0035632637,0.0017828911,0.44462088,0.009193906,0.15311338
1537,0.15035221,0.045713123,0.0033656287,0.110785864,0.22084501,0.21463266,0.15142205,0.7293632,0.017645165,0.0052396795,0.0067209415,0.06308241,0.012881578,0.059456132,0.011587413,0.035263993,0.001466055,0.11688489,0.022704117,0.0067676636,0.21976592,0.15658182,0.07951277,0.020384846
1540,0.075843595,0.040163293,0.0047657005,0.013474923,0.82146627,0.36875498,0.0005713369,0.34214577,0.06396609,0.020609586,0.020956865,0.004208564,0.005629318,0.07349216,0.10054009,0.07077136,2.9458857e-05,0.45189822,0.0044497713,0.015293898,0.044374686,0.1235487,0.001348372,0.0064755897
1542,0.28856578,0.040967677,0.0016206236,0.0054745134,0.6209866,0.59206414,0.0009391092,0.4094861,0.02838355,0.020151034,0.012625745,0.0015565131,0.06585704,0.0093626315,0.00734258,0.13277899,3.2893622e-05,0.110577315,0.032290056,0.0059051774,0.01636171,0.43285403,0.001068348,0.0050667543
1548,0.19111142,0.04847971,0.0011434681,0.010280837,0.45399997,0.2706217,0.0024985527,0.6308467,0.019448437,0.020789819,0.0050058584,0.0043075443,0.041810818,0.0057225316,0.0033735519,0.052956954,2.5863334e-05,0.15352783,0.06737675,0.0022792262,0.019884743,0.32508138,0.0032823852,0.0072839004
1549,0.88051486,0.053127836,0.00012700053,0.002709768,0.15003614,0.88026625,0.00035258735,0.43393496,0.0010948593,0.0014194498,0.014613548,0.0033504711,0.0043621706,0.00015962614,0.000495806,0.11582477,2.0521094e-05,0.030147009,0.033633307,0.00051912916,0.0012386505,0.8628034,0.006040289,0.0028346088
1552,0.39734668,0.2793299,0.024899483,0.0040267273,0.3382147,0.081542246,0.0015872151,0.24606776,0.108096056,0.206046,0.0013170709,0.004529659,0.46333915,0.005703685,0.009576077,0.10866332,3.187512e-05,0.08208947,0.4280094,0.005770327,0.004933564,0.39841986,0.006612166,0.0035383145
1555,0.07674328,0.05740428,0.007941157,0.013065071,0.23846273,0.11989797,0.01156845,0.36178848,0.031512547,0.116943575,0.0036320277,0.006597005,0.70323205,0.012453084,0.005895371,0.22724766,0.000111900576,0.06067299,0.21225448,0.008459306,0.0016488164,0.46498114,0.002967423,0.0025985655
1556,0.040533762,0.12584233,0.058055628,0.0011611958,0.9082255,0.13243496,2.1580494e-05,0.07349636,0.3299479,0.23397097,0.0021287883,0.0006619655,0.03969208,0.032515634,0.15370908,0.053698897,1.9913805e-06,0.3859421,0.007963497,0.034225166,0.0024536967,0.05581658,4.577015e-05,0.002057493
1560,0.25191155,0.2766508,0.03285747,0.000519269,0.3457733,0.0076088724,0.00049720996,0.06680892,0.16262774,0.28497985,1.2640328e-05,0.0006170936,0.5052639,0.0027251835,0.0044478364,0.025100013,2.2584152e-06,0.036994882,0.7732626,0.0019275307,0.002105642,0.15749516,0.00016739384,0.00010433155
1571,0.010497147,0.011356093,0.0013214257,0.024285348,0.5232645,0.064357534,0.0028745807,0.7352114,0.02430603,0.042169522,0.0055214665,0.0039515127,0.052595813,0.030444527,0.011585743,0.05552579,1.9508203e-05,0.39710122,0.03012246,0.0027264294,0.0077298596,0.1222086,0.002119475,0.0010470962
1577,0.13138583,0.098822385,0.006050561,0.0039374433,0.14483522,0.047224496,0.0015251908,0.31119162,0.029946662,0.16375807,0.0008698119,0.0030536824,0.72587836,0.0031861782,0.002813236,0.16835046,1.1486742e-05,0.056079376,0.38660562,0.0019078774,0.00042745864,0.46019956,0.0020587249,0.00079869526
1581,0.123544924,0.033109084,0.0019360746,0.0046862285,0.26483044,0.3307948,0.0010827158,0.36424503,0.015793052,0.07121439,0.008297579,0.0017709157,0.6233398,0.0052169333,0.004190519,0.29548952,2.5735888e-05,0.065031946,0.08999069,0.004215115,0.0005739226,0.6123731,0.0007465628,0.0021628477
1585,0.013305802,0.016584963,0.0013513339,0.006314876,0.7334231,0.047158584,0.00017637276,0.5572734,0.022469396,0.044539142,0.0022849545,0.0022567883,0.012915175,0.013139664,0.016926898,0.028126054,1.9778875e-06,0.6211666,0.02016513,0.0024108961,0.0024199674,0.08145451,0.0010221393,0.00037306978
1588,0.11356418,0.06219373,0.006594318,0.053298384,0.56540996,0.08043654,0.026247595,0.5605202,0.09282569,0.0074951597,0.0009747215,0.010375068,0.0061195297,0.08594806,0.02074454,0.00633446,0.00017936715,0.12955227,0.0141926,0.004484572,0.75849557,0.042431604,0.010092002,0.011930492
1589,0.55862105,0.44660634,0.031115461,0.0055341753,0.50311023,0.14299603,0.0006392957,0.28756812,0.13773474,0.163744,0.0025665238,0.012595258,0.13303053,0.005453285,0.015098693,0.058045905,3.3211276e-05,0.15286182,0.21995278,0.0075675235,0.014172474,0.3297498,0.029239168,0.029377976
1591,0.010074815,0.026727553,0.006344059,0.001974148,0.8343304,0.028340533,7.065287e-05,0.31757694,0.09403316,0.12458116,0.00044137807,0.00038144225,0.029411953,0.014938031,0.020830989,0.014864473,5.556801e-07,0.43778268,0.02205904,0.0049510486,0.0021542348,0.03980587,3.976232e-05,0.00030395447
1604,0.25082707,0.13862935,0.011353941,0.003587439,0.24888127,0.11481582,0.0016689727,0.19932908,0.04698764,0.1439685,0.0016953972,0.0028624474,0.671915,0.0053992434,0.0061368244,0.17672431,3.3674227e-05,0.04609767,0.2892004,0.0059064594,0.0011587765,0.50586545,0.0021693592,0.0022215585
1605,0.29144305,0.14574538,0.0038251851,0.024701588,0.31590417,0.2669043,0.0029188988,0.68711233,0.02710194,0.038487982,0.019533606,0.02523244,0.05188575,0.0056067067,0.008671094,0.10269298,0.000109034474,0.22372794,0.056843996,0.0048652147,0.013032125,0.40706372,0.044115677,0.02932775
1607,0.03470325,0.025672588,0.006380419,0.11819299,0.4773675,0.081916615,0.10226254,0.6009937,0.046842072,0.0077267596,0.0030078285,0.02275198,0.0035881412,0.2265398,0.053259086,0.014122593,0.00056646,0.22497876,0.0074928086,0.0117848385,0.37605435,0.035761002,0.008954975,0.0077686077
1619,0.15017729,0.5414603,0.26542217,0.021014603,0.3683794,0.020104107,0.0040927725,0.31614548,0.48435572,0.5306568,0.0013413645,0.032761455,0.07903538,0.018339373,0.054520614,0.041741602,0.000118795,0.1778566,0.091001324,0.043510485,0.004242439,0.054985214,0.010219043,0.02467992
1622,0.057962097,0.057274904,0.0038610173,0.011557959,0.72859555,0.06507536,0.0006857217,0.51254773,0.056208163,0.028241657,0.00173265,0.0052801347,0.0077628717,0.022611076,0.021336693,0.012476138,1.1446128e-05,0.41308948,0.015633857,0.0045664757,0.03961799,0.05873934,0.0042653293,0.0044651795
1625,0.33732086,0.2526782,0.012379616,0.050602358,0.28648838,0.1452106,0.01433988,0.65766513,0.05041371,0.036332376,0.008355222,0.06392054,0.034962337,0.011364281,0.012308424,0.046867765,0.0004262007,0.17852484,0.06987093,0.009081787,0.04518683,0.23350422,0.16981064,0.050365366
1627,0.45514455,0.021180546,0.00014287597,0.0034202584,0.16758445,0.81549394,0.00029091036,0.48954505,0.0016026907,0.008894637,0.037564084,0.0018292293,0.08130616,0.000669208,0.0012950661,0.37381142,1.5464615e-05,0.06486431,0.028480725,0.001248094,0.00018091423,0.8457775,0.0010374656,0.0020661938
1628,0.003963823,0.0063115135,0.0005296821,0.0073603326,0.69689626,0.024274178,0.00021336792,0.6642219,0.01710574,0.027136419,0.0009557515,0.001068891,0.00744555,0.01461747,0.008860284,0.012236939,9.237979e-07,0.54913914,0.008487691,0.001256259,0.0020212086,0.037094768,0.0002666883,0.00020724226
1629,0.03271528,0.029337663,0.004457338,0.013363821,0.7738093,0.10654471,0.001390134,0.4463727,0.048002746,0.039486084,0.005497188,0.003904523,0.019165492,0.047461547,0.039866257,0.044075247,2.3450464e-05,0.4795003,0.020903088,0.008880067,0.018332126,0.097141705,0.0020718577,0.0015017857
1633,0.42794368,0.07564901,0.0016206182,0.005631811,0.39210084,0.5661192,0.00081486884,0.47256705,0.017596597,0.032332484,0.014634953,0.0031926513,0.110722356,0.0027960038,0.0041495906,0.18054569,3.3244425e-05,0.09711714,0.064470254,0.004023466,0.003885549,0.6233338,0.0035352798,0.008396897
1635,0.66206765,0.4763453,0.025201194,0.004842263,0.28717172,0.11410051,0.0010207857,0.27917144,0.08902945,0.19795144,0.001973638,0.0128437625,0.1798268,0.0024423713,0.008542028,0.08366818,4.5000976e-05,0.104106195,0.4321192,0.0051830932,0.0039492105,0.46100363,0.024458356,0.012102301
1636,0.0023172009,0.0067782267,0.009692353,0.12579378,0.52875626,0.025790492,0.20032804,0.34119573,0.03333087,0.010624461,0.0012640511,0.014423714,0.0024324304,0.51245785,0.120810516,0.009642897,0.00071541313,0.19851229,0.0018082882,0.03998523,0.051599663,0.011022123,0.0006151353,0.0022091214
1638,0.42376456,0.095856175,0.0041664257,0.008929882,0.6153997,0.55032426,0.0020108004,0.39819583,0.044118516,0.01966916,0.009100409,0.0044769975,0.02791071,0.008846402,0.008858308,0.07865726,6.345626e-05,0.100653075,0.04167338,0.0073593194,0.04414279,0.37414122,0.004163412,0.013733527
1639,0.13488792,0.060061973,0.0068220412,0.013100743,0.7964526,0.23468481,0.0035502969,0.3009846,0.08072099,0.015199652,0.0029750967,0.003819208,0.007903802,0.050036825,0.031316936,0.020123795,4.3137155e-05,0.18837202,0.011560302,0.012446564,0.1472688,0.09049498,0.0016213746,0.008730557
1640,0.96832204,0.9785927,0.10162599,9.4563744e-05,0.027755748,0.0038706376,1.5837917e-06,0.014173418,0.120829046,0.8150488,4.1614026e-06,0.0070944866,0.056253694,2.6581441e-05,0.001516374,0.004729664,4.1937022e-07,0.01143328,0.5839248,0.0004625681,2.5771374e-06,0.15687907,0.0010052617,0.019146765
1645,0.78742176,0.080337,0.00035085515,0.0025745744,0.26937827,0.7802081,0.00017413573,0.41260308,0.004072133,0.00534519,0.012063198,0.0027494791,0.014632546,0.00041514018,0.0013226623,0.11237542,1.1964129e-05,0.04941633,0.033943906,0.0010118531,0.0019768605,0.78191555,0.004799424,0.0066577075
1646,0.13597807,0.2009436,0.007954266,0.07266026,0.14658198,0.08326972,0.0037024426,0.74897623,0.034895293,0.049567,0.027791848,0.14314847,0.03590525,0.012130612,0.026197746,0.070299506,0.000304138,0.33119023,0.013147817,0.0060344865,0.006085082,0.17893882,0.20163822,0.093008146
1648,0.42429867,0.23134892,0.018914461,0.016376298,0.5548499,0.43149424,0.0021202404,0.33975548,0.08717177,0.06011108,0.018865792,0.014028462,0.055557154,0.019967658,0.033878017,0.11155118,0.00015095295,0.16390097,0.043104123,0.017712895,0.035068396,0.3552917,0.013938241,0.06143174
1651,0.6315599,0.13480787,0.0015038787,0.0054616467,0.21841578,0.52773833,0.00085863133,0.48963624,0.009727387,0.02529812,0.010469181,0.0057884,0.09215523,0.0009151411,0.0018989833,0.16478553,3.2020016e-05,0.065162,0.120703414,0.0021685273,0.0019230492,0.72130203,0.0110551575,0.009099802
1653,0.10938342,0.019226551,0.00056822266,0.004149633,0.10631576,0.39626652,0.00089556485,0.33986717,0.0029205314,0.034173124,0.009909107,0.0022205217,0.60446036,0.0016102621,0.0014475123,0.45659956,2.2562957e-05,0.041935477,0.088460185,0.0018396921,5.3971693e-05,0.7755146,0.0007351244,0.0006322264
1663,0.068259336,0.07371379,0.014703351,0.02411023,0.3735764,0.09639168,0.013746515,0.4993483,0.071378194,0.14328466,0.0054169046,0.010292586,0.5126339,0.030227702,0.013453318,0.14930443,0.00014849697,0.13814543,0.18578164,0.011432952,0.010466325,0.31667265,0.007195634,0.005620914
1664,0.03561264,0.030669982,0.0023047293,0.021699084,0.4971798,0.11837046,0.0021963164,0.730271,0.032823395,0.050675254,0.008234797,0.006676396,0.047164384,0.016230538,0.010942347,0.068383284,2.6523101e-05,0.35433036,0.040270727,0.0035583575,0.010007343,0.17924179,0.004485445,0.0035801495
1667,0.120018005,0.16836059,0.0046127606,0.06248927,0.21837999,0.03638188,0.0019498401,0.78238094,0.021491168,0.014716855,0.008885609,0.14980917,0.0032339685,0.00843679,0.025800366,0.022553746,0.000109175766,0.51055735,0.0074739913,0.0035855286,0.01120413,0.081339665,0.43788755,0.017110761
1668,0.025933862,0.0138264205,0.0012606281,0.0019202307,0.8726851,0.124960065,7.647576e-05,0.26548496,0.03435147,0.028858677,0.001993386,0.0003534924,0.021987548,0.02063051,0.02277083,0.030780392,1.2537507e-06,0.44359323,0.010644641,0.00427868,0.004499219,0.097560115,8.144211e-05,0.0003168475
1673,0.052607305,0.053099006,0.009018208,0.015965091,0.7894952,0.09924295,0.0020076097,0.38327822,0.077040195,0.039014775,0.0043411283,0.005668216,0.016159035,0.06031858,0.052017305,0.03196549,3.364116e-05,0.41996968,0.0184996,0.013203235,0.041053716,0.0773625,0.0040121507,0.0036283147
1674,0.05548443,0.030802777,0.0018445363,0.012686916,0.62019825,0.21166019,0.00084616686,0.6029029,0.027649917,0.041721728,0.013332132,0.0043301424,0.05289216,0.01557379,0.014941316,0.103120565,1.9198858e-05,0.38342974,0.031524517,0.0046680793,0.007676841,0.2519715,0.0029797477,0.0028110847
1678,0.10627853,0.032127295,0.0008700817,0.012385592,0.5453682,0.31584576,0.001044985,0.6544996,0.015138027,0.01462085,0.013347132,0.0048083854,0.020433653,0.0070090992,0.006975035,0.07558775,2.1509793e-05,0.26665252,0.019803576,0.0031126859,0.011397959,0.30320773,0.00461074,0.0043411846
1679,0.6059029,0.19160067,0.0049756933,0.0017215457,0.4844036,0.5479692,0.00012559223,0.19380613,0.037112553,0.061628416,0.00660597,0.0021198671,0.11835906,0.0017642571,0.006946752,0.13922155,1.4032159e-05,0.064635105,0.056373987,0.00481665,0.0011815593,0.5798967,0.002201541,0.014789944
1682,0.2688836,0.37630206,0.09649757,0.004854021,0.5432178,0.06490362,0.0013941998,0.18148918,0.28719023,0.3282401,0.0012171941,0.0060393503,0.2699608,0.011907491,0.031470537,0.07528248,3.824184e-05,0.12392505,0.22229548,0.019942077,0.0073673665,0.19011241,0.0036281247,0.0063024526
1685,0.3001138,0.22442558,0.023277769,0.025877422,0.4542039,0.20916927,0.0077372915,0.5365656,0.09929518,0.11324077,0.011744192,0.024451246,0.116326764,0.016739529,0.020469293,0.11728002,0.00024384494,0.21074657,0.15084782,0.015868815,0.0318151,0.33150625,0.03721316,0.025997998
1686,0.37555587,0.4166021,0.10216015,0.0062335297,0.5821545,0.054975975,0.0044555506,0.16365844,0.30147168,0.25118506,0.0005637763,0.0064044823,0.22814158,0.016058385,0.025571894,0.04626406,7.555523e-05,0.09001049,0.39978895,0.018398847,0.033620432,0.17599972,0.005241651,0.0055519463
1687,0.50956464,0.09268415,0.001978385,0.004083357,0.45429254,0.592028,0.00068326783,0.4082986,0.021304088,0.028917737,0.009533312,0.0027100348,0.079381384,0.0024536129,0.0039571756,0.13100691,2.9454503e-05,0.07670479,0.07019475,0.004135374,0.004940238,0.5862483,0.0030246512,0.009672112
1689,0.85412,0.61833286,0.008416601,0.004478573,0.06961225,0.056647707,0.0013363558,0.2078343,0.013915857,0.0639184,0.0005377267,0.036352962,0.073400155,0.0003919353,0.0014010712,0.05141054,4.8390477e-05,0.038694866,0.58216846,0.0015984616,0.00088977086,0.5900602,0.12019876,0.0064026616
1693,0.103343934,0.2680933,0.08638193,0.011510048,0.7595561,0.03758084,0.001232593,0.28209397,0.29813704,0.18847254,0.0009152701,0.009828218,0.015674505,0.031302832,0.059293244,0.014705257,2.3363722e-05,0.33486614,0.044696327,0.02547495,0.021615323,0.038524482,0.004680105,0.0094755525
1697,0.741092,0.48377866,0.009918798,0.0057078833,0.12646085,0.122137055,0.0011221123,0.33027926,0.026459625,0.115881264,0.002242471,0.02017136,0.16245544,0.00089803647,0.0028732154,0.09002473,4.1647752e-05,0.06238429,0.38442105,0.0027802584,0.0011159306,0.58196294,0.050508223,0.01771701
1704,0.34491992,0.12344936,0.0022302342,0.021982115,0.27187914,0.29961413,0.0041588205,0.66604674,0.013379749,0.025018632,0.017529072,0.024923762,0.0576865,0.0030025411,0.0049643717,0.12770404,0.0001092672,0.18539028,0.08649666,0.0036662717,0.0065516513,0.5321455,0.060919754,0.013670516
1707,0.13412303,0.19068685,0.031085324,0.015008192,0.4195528,0.076289594,0.0022935474,0.5287732,0.13314648,0.25290513,0.005279063,0.0151632065,0.20460811,0.013614218,0.022159262,0.11432965,5.8058045e-05,0.28243098,0.18536004,0.010182424,0.006970228,0.23788506,0.016212475,0.0067668655
1708,0.45905876,0.052127313,0.0006699105,0.010136606,0.32808504,0.66283846,0.0013797487,0.5984137,0.006784473,0.010607042,0.028829183,0.0067466823,0.03151259,0.0025374372,0.0038312785,0.19429304,5.5812387e-05,0.13286489,0.044527467,0.002743015,0.005803966,0.6865988,0.009742391,0.006299485
1709,0.015699714,0.05024755,0.006814128,0.015465667,0.6615424,0.022890886,0.000543256,0.60923785,0.08360615,0.061138734,0.0012011669,0.00554595,0.010431419,0.030130915,0.024508998,0.010499243,6.628782e-06,0.48512334,0.010476584,0.005010197,0.013138423,0.025996253,0.00271,0.00304807
1712,0.0059415,0.017537585,0.002618629,0.008364546,0.7440938,0.016303226,0.00027694783,0.5673083,0.053230185,0.047095742,0.0004670457,0.0013582206,0.006044539,0.023173794,0.016281478,0.006861213,1.3454371e-06,0.5118997,0.008411629,0.0031573856,0.005665662,0.019770961,0.0002859715,0.0005410064
1715,0.38359672,0.4331463,0.0809647,0.0032253908,0.5249294,0.03771755,0.0011844491,0.1685021,0.26860815,0.3087941,0.00032530338,0.0045104027,0.24038026,0.008957609,0.019015435,0.037063662,2.1995862e-05,0.10770371,0.4255136,0.009863291,0.011495144,0.16847725,0.003397997,0.004020914
1724,0.23107919,0.07972894,0.0023447825,0.008808838,0.28781104,0.28106228,0.0013824919,0.5542552,0.02117049,0.06944797,0.0103658335,0.0054260637,0.24692166,0.0031334069,0.004241605,0.19522327,2.9007353e-05,0.12897332,0.120401055,0.0031655007,0.0019298964,0.57032084,0.0058427467,0.005900266
1727,0.51887333,0.036830887,0.0004323606,0.0027941507,0.3266721,0.80299354,0.00032381387,0.37690228,0.005077512,0.011756778,0.026714934,0.0015270654,0.06930486,0.0010809107,0.0023298473,0.31369627,2.1625592e-05,0.06683788,0.032084104,0.0024926057,0.0007338065,0.7726644,0.0011904729,0.0026744686
1733,0.16942334,0.035771225,0.0017584806,0.014466394,0.35191622,0.38411456,0.0054225363,0.5529275,0.015068898,0.03606207,0.0151029,0.005809766,0.21562925,0.0092308875,0.0051587964,0.22494498,9.5616306e-05,0.12734972,0.1242944,0.004428363,0.006099467,0.55968845,0.0048293504,0.0031226375
1734,0.812808,0.1352817,0.00029309216,0.0020015924,0.17057008,0.6581936,6.8589325e-05,0.3662824,0.0019811324,0.008315294,0.015141952,0.0048952377,0.020396495,0.00012682143,0.0011589851,0.19530591,6.726123e-06,0.09082059,0.07010471,0.0006557265,0.00017041183,0.8659893,0.013115115,0.002795707
1735,0.327528,0.18805628,0.008779192,0.0075714593,0.17189863,0.10629984,0.0032286549,0.3302505,0.030897891,0.1264521,0.0023647882,0.00877265,0.50135255,0.003502794,0.0042038783,0.16070971,5.10906e-05,0.05977572,0.34796327,0.004320526,0.0012345992,0.5318092,0.009724108,0.004706529
1742,0.038917888,0.44560918,0.27281457,0.0018332613,0.43250057,0.0038927386,4.8839567e-05,0.19387801,0.6333669,0.78261673,8.5351145e-05,0.0024700854,0.10367469,0.006092016,0.044069238,0.017609335,1.0098577e-06,0.22604948,0.0618478,0.011816863,0.0002560411,0.018864611,0.00016445214,0.0014929816
1749,0.025758296,0.018052151,0.001216862,0.14258653,0.11673727,0.091647245,0.121302076,0.84179914,0.0059728543,0.0058563706,0.009069931,0.09418133,0.012429368,0.026882192,0.0055609704,0.044329036,0.0014862687,0.16009635,0.016528362,0.0030579173,0.012789584,0.11531238,0.10971769,0.006129064
1750,0.008188974,0.005700919,0.0066738417,0.17373797,0.12797502,0.02042039,0.9554775,0.18671589,0.007085027,0.0016866053,7.40826e-05,0.05923986,0.002083509,0.35905433,0.011772716,0.00680766,0.0045195776,0.011912204,0.0064498256,0.025685685,0.03910004,0.017555766,0.0027450402,0.0008292066
1751,0.1557872,0.25089613,0.005819463,0.04467947,0.18938318,0.060301747,0.0008714711,0.8063324,0.040811185,0.04263472,0.010367443,0.09396678,0.0077178185,0.0058005797,0.015449244,0.024196967,5.954732e-05,0.41229573,0.010702251,0.003156164,0.010094298,0.10273985,0.13417865,0.086990155
1753,0.09352401,0.116830565,0.022536611,0.0069388677,0.37170294,0.05631632,0.0031169916,0.3201895,0.106531546,0.23437272,0.0013701943,0.0041087703,0.5770481,0.0105173,0.010898141,0.118275926,3.2262098e-05,0.10362596,0.26254416,0.008346036,0.0031367943,0.29947636,0.0023699312,0.001976298
1757,0.073798545,0.029042661,0.0028372759,0.0004344863,0.6468613,0.076691374,0.00010570589,0.107185006,0.052056644,0.07496061,0.00017219597,8.539926e-05,0.46957782,0.00677255,0.0047356607,0.0457358,8.686816e-07,0.057667058,0.11990795,0.0027685987,0.0017039533,0.23218904,1.1780419e-05,0.0001424798
1759,0.1406043,0.1605662,0.029756825,0.0055765924,0.44602498,0.09016799,0.0013454843,0.28140834,0.13145642,0.2532248,0.002797578,0.0043937378,0.48196676,0.011591877,0.01868449,0.13546875,3.4528686e-05,0.13484389,0.19143596,0.011131944,0.0034664676,0.30829734,0.0029023464,0.0036682244
1761,0.1622915,0.036562074,0.0016491289,0.023800578,0.53769803,0.33986646,0.005301835,0.61566067,0.01963057,0.013188806,0.016299495,0.0088155,0.029132841,0.02266564,0.013291778,0.08789039,0.000102816404,0.24697292,0.034516793,0.0051028966,0.05108109,0.32442215,0.0112656765,0.005428575
1762,0.21921094,0.05035793,0.0017871327,0.010023243,0.5556217,0.44313705,0.0016354028,0.53809005,0.02233537,0.024145344,0.015011223,0.004284404,0.04804572,0.007188981,0.007373067,0.1289579,4.3072007e-05,0.17916703,0.046987273,0.005108522,0.012100215,0.437341,0.0046238676,0.0052715163
1763,0.117250055,0.189578,0.020251798,0.021782741,0.3224714,0.07098551,0.0023158144,0.6273211,0.106882155,0.20654619,0.006827122,0.022209566,0.14924586,0.008975345,0.016142147,0.09739184,5.7042984e-05,0.25610724,0.09675443,0.007888386,0.0052282047,0.21866356,0.02293659,0.0138435885
1771,0.8857265,0.12443776,0.0006709977,0.000576878,0.338899,0.824119,3.6135898e-05,0.18172906,0.010168828,0.0130473375,0.0034966478,0.0005756419,0.017011037,0.00023940639,0.0011015838,0.07425809,4.7166627e-06,0.019182505,0.0539562,0.00090251584,0.0011865868,0.7568346,0.00044855455,0.007591001
1772,0.012102968,0.008669241,0.0025000887,0.11679025,0.1754908,0.012826205,0.80648243,0.38086885,0.0032616449,0.0012937988,0.00014044436,0.05756614,0.0020437788,0.11553103,0.0058484636,0.005884722,0.0012844942,0.042531125,0.011065704,0.009252683,0.014805452,0.02287012,0.036488578,0.00058761664
1774,0.36061728,0.19955428,0.014210824,0.0047387206,0.3147075,0.1869524,0.0014240119,0.24005374,0.05983634,0.14416845,0.0037846572,0.005378407,0.5214849,0.0057698567,0.00909795,0.16383955,5.4682747e-05,0.062742755,0.17671615,0.008915848,0.0020758533,0.49924436,0.0061246445,0.010110244
1778,0.04509067,0.061366137,0.0073175705,0.011500245,0.7720418,0.15590338,0.00031912784,0.42705023,0.08404337,0.05642577,0.010155748,0.005290127,0.009688299,0.031654157,0.060008477,0.049552187,1.3316874e-05,0.50616,0.00763669,0.011620966,0.010492765,0.083817765,0.0016784149,0.005899209
1787,0.3704229,0.06447115,0.0014390424,0.007214537,0.49095938,0.61138654,0.0009798114,0.4542877,0.017492313,0.01623606,0.016661802,0.0040931026,0.037412934,0.0044096964,0.0061430745,0.11779042,3.863549e-05,0.10407126,0.02293895,0.005044483,0.006696862,0.48817253,0.0030529394,0.015051351
1792,0.14185372,0.7529833,0.55924535,0.0026450297,0.49983916,0.007319777,9.706587e-05,0.12067305,0.7567024,0.7920878,0.0001763736,0.007686978,0.03809777,0.00757466,0.09055184,0.01520487,4.8893794e-06,0.1916261,0.045044128,0.034799334,0.000615176,0.015766645,0.00065999955,0.00976857
1796,0.45640638,0.035043366,0.00012690404,0.005391739,0.17944644,0.82962763,0.00015162333,0.53347975,0.0023707692,0.005918713,0.068574816,0.0035038663,0.026296902,0.0011901117,0.0032624495,0.16617185,1.8800845e-05,0.08230387,0.0047881315,0.0013477518,0.00045595175,0.6990684,0.0010004367,0.046563797
1798,0.51735663,0.015195056,0.00025578393,0.014143368,0.25277066,0.8682844,0.012731346,0.5799749,0.0026609483,0.0012459982,0.02646182,0.0053950385,0.008570773,0.0041394955,0.0018120134,0.118284196,0.00024306132,0.038152203,0.013729193,0.0023807995,0.019791357,0.61806643,0.0030806474,0.0056517967
1800,0.14096013,0.0568605,0.0033010473,0.0071392665,0.6025369,0.22340775,0.0019202151,0.52026737,0.03625757,0.047131233,0.004225618,0.0029951008,0.0644068,0.0074969875,0.006754192,0.08113574,1.9054996e-05,0.20712122,0.108596765,0.004479651,0.01073047,0.31947422,0.0030442846,0.0022421402
1802,0.054870952,0.04723485,0.0050001945,0.01721523,0.29165527,0.12535024,0.0043349,0.60775626,0.034378808,0.13733114,0.010233142,0.007377773,0.49562097,0.011219586,0.008506374,0.2584397,5.589025e-05,0.1932468,0.16644369,0.0047329487,0.0021341678,0.4395946,0.005966949,0.002227158
1804,0.8137852,0.3275005,0.0016162235,0.005625342,0.053733073,0.17638299,0.0024148088,0.3301257,0.0026288086,0.016738705,0.0018154003,0.028057838,0.06156181,0.00018921592,0.00048861245,0.11303623,6.599195e-05,0.0376023,0.5020608,0.0011179794,0.00038063168,0.7714375,0.08932597,0.0024425953
1809,0.19052595,0.031530786,0.0005207656,0.00731011,0.17542216,0.46999943,0.00075238186,0.5806499,0.0045387694,0.03327665,0.027377717,0.0039378568,0.21172906,0.0013751175,0.0024245556,0.3939013,2.4863159e-05,0.12670203,0.089728825,0.0016493031,0.00027942448,0.75957096,0.0030190859,0.0014565743
1810,0.31870002,0.7121922,0.37102288,0.0023986094,0.60148335,0.011495723,0.00054384116,0.064140335,0.6236014,0.5443642,5.2510764e-05,0.0040876716,0.06614725,0.010541056,0.041980978,0.011175112,1.0348629e-05,0.07306,0.20563783,0.021200592,0.006610158,0.033963263,0.00060924195,0.0055459156
1815,0.004169276,0.010181594,0.0017588004,0.0075849113,0.7259136,0.019722763,0.0002500048,0.5907742,0.03079228,0.061570007,0.0011025674,0.0013266446,0.014088256,0.021080885,0.017205946,0.017731706,1.4068214e-06,0.6066091,0.015287817,0.0026988112,0.0017336691,0.039870966,0.00035183036,0.00019022914
1816,0.004970328,0.0144742895,0.0031833323,0.008650383,0.73522234,0.02539384,0.00018553066,0.55859643,0.04192796,0.08302947,0.002524894,0.0021315361,0.01504236,0.030416336,0.03617582,0.028516352,2.3357893e-06,0.6942109,0.013575418,0.0043822215,0.0017643252,0.042253453,0.00061529415,0.0002552178
1819,0.5153376,0.17078295,0.0066814544,0.0106253745,0.33956605,0.2946398,0.008222834,0.39108583,0.02760492,0.0366061,0.0038942103,0.010636944,0.14808583,0.0059582153,0.0042576967,0.08928756,0.00012250169,0.06268937,0.24966453,0.0061631915,0.017779972,0.5036616,0.019248037,0.01376378
1823,0.0036638253,0.007960933,0.00049869396,0.012736748,0.7200842,0.010484911,0.0001431812,0.61914295,0.01225396,0.006010338,0.0006571162,0.002941866,0.00039863677,0.03480369,0.032449257,0.0025706973,1.0868505e-06,0.71678996,0.0008463547,0.001388955,0.0063113337,0.008997083,0.0014541316,0.00039193808
1826,0.45232043,0.07934018,0.001829185,0.0032644751,0.60499465,0.7417861,0.00021312211,0.267559,0.020318085,0.016697232,0.019503709,0.0022023448,0.02299342,0.0029029853,0.008652788,0.16378881,2.0008394e-05,0.1013524,0.012153375,0.006219689,0.0022336107,0.52999914,0.0013563199,0.009344583
1827,0.431415,0.40127268,0.003182653,0.013916774,0.13784166,0.2565196,0.00017109289,0.6150348,0.024542656,0.038022146,0.01725369,0.03065246,0.014862567,0.0017584454,0.0074794195,0.018167237,2.2841848e-05,0.1095209,0.004645901,0.002358913,0.0012679127,0.20411551,0.017498355,0.76860946
1828,0.09440046,0.10892101,0.006464075,0.028177647,0.48983482,0.08248584,0.0025159402,0.6895329,0.058962382,0.047963828,0.0051837247,0.020491844,0.026907997,0.017086672,0.015690189,0.029633757,5.4895707e-05,0.34096313,0.032933366,0.005454034,0.034953125,0.11577402,0.028212953,0.017850768
1829,0.35731462,0.08172941,0.0035343375,0.003647177,0.5478953,0.45610732,0.0007999547,0.31209642,0.039001945,0.043934993,0.0073703947,0.0018079163,0.19270803,0.0060458514,0.0069043934,0.15705253,2.8757562e-05,0.088026516,0.07702133,0.00633778,0.006869819,0.5182748,0.0018994604,0.005157483
1838,0.04104062,0.090197004,0.014522662,0.017688768,0.22103412,0.05079272,0.0020004818,0.6068084,0.0781032,0.30024713,0.0074356683,0.012730478,0.4778302,0.009904103,0.013009476,0.19764441,4.368469e-05,0.23395245,0.104051135,0.006032879,0.0009792662,0.26692456,0.0072302,0.0041046357
1841,0.26445675,0.063610554,0.0013788764,0.013169581,0.316003,0.5130073,0.0016047842,0.6047286,0.012782012,0.023839034,0.030211989,0.00852689,0.066736,0.0042465427,0.0058961646,0.16791965,6.832428e-05,0.14414483,0.03308492,0.0040525743,0.004373721,0.54590833,0.0072262413,0.016322395
1842,0.21727416,0.01579223,0.00027680237,0.003990919,0.54136264,0.7020593,0.00025253464,0.39363346,0.006386042,0.009309866,0.031436425,0.0011572697,0.052963432,0.006094841,0.007278468,0.21774903,1.2506465e-05,0.1497723,0.009986743,0.0029068086,0.0018668134,0.5715891,0.00049503386,0.0023648941
1843,0.15798615,0.07725491,0.0033976466,0.009652199,0.22358477,0.17437772,0.0025781158,0.49119234,0.020178614,0.08501411,0.0055805575,0.006357718,0.47980505,0.004121103,0.0034942678,0.2041675,3.3469005e-05,0.09171723,0.17878893,0.0034194752,0.0012517513,0.54205203,0.0061620385,0.004192211
1846,0.010788536,0.015762996,0.0015225181,0.010510826,0.6572384,0.04975802,0.00044239828,0.6515684,0.030630177,0.046237305,0.0024725785,0.0022250176,0.027405338,0.0181384,0.0118845,0.028874338,3.433024e-06,0.45325646,0.016768264,0.0026710809,0.0040080124,0.07475934,0.00093912805,0.00087454217
1847,0.026311044,0.019589715,0.0010640403,0.010572454,0.63677865,0.12367626,0.00039652,0.647578,0.019607857,0.032109212,0.0073229386,0.0033736415,0.017452465,0.011849274,0.013118301,0.053896148,6.2992967e-06,0.4847622,0.017804489,0.0027997794,0.003979509,0.1575195,0.0018606023,0.001351429
1852,0.17015739,0.03640089,0.0017066279,0.004972531,0.40970826,0.46305576,0.00070249574,0.35235226,0.016703911,0.050777297,0.022076292,0.002128126,0.3586359,0.006617135,0.009101225,0.35627726,3.4055785e-05,0.14011471,0.062331352,0.0052672094,0.0011651436,0.6286229,0.0012663342,0.0020288406
1853,0.45051783,0.13044098,0.0040074433,0.013193207,0.44618547,0.3846536,0.00399118,0.51664555,0.031074664,0.031474527,0.010698536,0.00964128,0.091547765,0.007085617,0.0069965958,0.102876596,9.69435e-05,0.12764329,0.11912854,0.0058596306,0.025772015,0.501951,0.01896162,0.017441723
1854,0.029917905,0.04548734,0.007830009,0.01667703,0.34434277,0.07687556,0.0032838502,0.6142208,0.04934103,0.19584104,0.007993763,0.0073444806,0.4397161,0.013794014,0.012448803,0.21998629,4.097445e-05,0.27158797,0.16589454,0.0054918206,0.0018803173,0.32723492,0.004735852,0.0013209055
1856,0.21028763,0.029954644,0.00039853342,0.014494988,0.16375281,0.524091,0.001857327,0.7055422,0.0032326241,0.017559255,0.040673845,0.008274861,0.09441407,0.00186359,0.0023711887,0.32894933,5.799236e-05,0.15357065,0.0738048,0.0014790202,0.0008714304,0.7435225,0.0074023795,0.0023605777
1863,0.031223683,0.029314952,0.0033577378,0.015224218,0.586956,0.105305575,0.0019873232,0.6452172,0.04852186,0.064301975,0.0045857243,0.0035246038,0.05448126,0.0208141,0.012237326,0.0555256,1.6528742e-05,0.31039092,0.040141184,0.004762578,0.010780561,0.14196697,0.0013566699,0.0026134755
1865,0.25100562,0.029806916,0.0006666881,0.006747542,0.2857925,0.5898447,0.0011058789,0.49903044,0.006457616,0.023595944,0.024759524,0.0030730944,0.17617737,0.0029741812,0.0033000011,0.31760296,3.8970447e-05,0.102799535,0.060764764,0.0028793504,0.0009686854,0.7149033,0.0022974438,0.0023512589
1868,0.15012696,0.2014014,0.021906639,0.019637864,0.5450116,0.13326292,0.0015424298,0.5487044,0.13592769,0.11475993,0.009286477,0.017756704,0.056777183,0.019667523,0.031111106,0.06325911,6.358541e-05,0.30289313,0.03955332,0.013046256,0.023571182,0.15405163,0.01747611,0.030861648
1875,0.03385392,0.255686,0.24683183,0.0009467221,0.92935485,0.011043976,0.00014506876,0.037391014,0.57670593,0.32499272,2.1386559e-05,0.0003788255,0.0116956225,0.029590389,0.09054124,0.0027712963,1.1574185e-06,0.18152712,0.026830226,0.043392744,0.0075255423,0.007312014,8.139568e-06,0.0010921994
1878,0.01994399,0.012739117,0.0006922361,0.006344167,0.55774313,0.10560579,0.00042072052,0.6477919,0.017380605,0.051345877,0.0036859405,0.0012381457,0.09783784,0.0068371524,0.0049200337,0.08538556,2.6425232e-06,0.3306478,0.045501046,0.0014973177,0.0015097493,0.24034889,0.00055521575,0.0004446973
1884,0.0094537195,0.018034704,0.007795086,0.004795988,0.25632846,0.04957857,0.0021957082,0.21889465,0.039883986,0.23035581,0.0017910209,0.0012168852,0.90903866,0.013521782,0.0082704285,0.27850986,2.1030417e-05,0.062036574,0.107578345,0.009020607,0.00014937535,0.385583,0.0001398642,0.0003105901
1887,0.20990627,0.2459384,0.07068774,0.0033397768,0.70091105,0.11604844,0.0010595658,0.13106291,0.26481462,0.2199361,0.0011843042,0.0024394908,0.27033722,0.01942612,0.033268295,0.06490579,3.2673248e-05,0.10100132,0.14956217,0.023698071,0.014514639,0.18909165,0.001030453,0.0053929426
1895,0.36828932,0.115880996,0.008204011,0.02192976,0.49987102,0.52913594,0.008428784,0.47880313,0.04878405,0.032016616,0.019918924,0.01341314,0.0456958,0.016452821,0.015204835,0.12765433,0.00030942357,0.1316941,0.057123553,0.013880802,0.052274514,0.41607618,0.012622238,0.028212607
1898,0.23273215,0.17921886,0.031416763,0.019723838,0.41155383,0.08905938,0.042853344,0.36002204,0.092135884,0.11248824,0.0016985328,0.012408938,0.2316066,0.016736263,0.011382397,0.07953111,0.00027764126,0.08457072,0.3409235,0.019166816,0.023011394,0.26494527,0.012457288,0.0053781876
1899,0.014244597,0.010760478,0.0010671929,0.030095255,0.6377493,0.03778734,0.0052515757,0.6333542,0.023687111,0.008665206,0.0012597482,0.0034303044,0.0057371818,0.07842086,0.0179563,0.008967731,2.3458113e-05,0.34765884,0.008399467,0.0023973924,0.09537945,0.03596363,0.0020213106,0.0011309484
1900,0.07027045,0.0073848413,0.0002574945,0.00268246,0.17740446,0.5308394,0.00021787218,0.31414795,0.0034460528,0.034125376,0.018048937,0.00061304786,0.668171,0.0033872873,0.0026513736,0.51647276,8.7230055e-06,0.05767157,0.032549486,0.0017972302,5.4411168e-05,0.77006614,0.00010645677,0.00041780356
1906,0.024237454,0.025465533,0.004504283,0.028912956,0.6239888,0.07651093,0.0069203572,0.59997964,0.050903816,0.043077786,0.0040312544,0.0055359257,0.03516791,0.058294684,0.021293318,0.037230752,4.9368566e-05,0.32182726,0.031792935,0.00753453,0.03553892,0.097118296,0.0029100843,0.0027961992
1908,0.053440318,0.0738382,0.023635702,0.008939218,0.8747922,0.17495333,0.0010801962,0.23066857,0.18722835,0.07871148,0.0042951256,0.0023114812,0.016965592,0.06324048,0.07568811,0.033492118,3.2167904e-05,0.32173637,0.011674306,0.03523887,0.038662598,0.06324858,0.00037052738,0.0067509916
1913,0.029792722,0.02565625,0.0032111132,0.0024020746,0.16394429,0.07047852,0.0006785943,0.20880729,0.018032528,0.15855095,0.001446669,0.000996229,0.91176164,0.0044971197,0.0033430494,0.29535168,7.931636e-06,0.04140893,0.1364696,0.0030924662,7.4307245e-05,0.52005845,0.00022004609,0.00032988755
1917,4.7578724e-05,0.00036810123,0.01720181,0.28149685,0.09255575,0.0004922018,0.9997943,0.0051912596,0.003295094,0.00035763372,3.1698178e-07,0.02680288,0.00030938105,0.9610667,0.052696623,0.0004757727,0.028247355,0.0008333077,0.00015768026,0.24555844,0.0028864765,0.00041409873,3.7155394e-06,4.3938417e-05
1925,0.07129413,0.084879585,0.029192092,0.04461225,0.5063726,0.08277142,0.079637356,0.4405248,0.114957504,0.09069252,0.0026711929,0.014720741,0.16625418,0.06495552,0.020204483,0.05990016,0.00045608674,0.122433715,0.1331441,0.023642384,0.06766959,0.15179619,0.0075702164,0.008340301
1927,0.033006113,0.044352163,0.03156274,0.12274422,0.32213935,0.042040963,0.57743156,0.3501495,0.04986896,0.02779392,0.0011105123,0.05477755,0.025347391,0.18849483,0.03076591,0.029851845,0.0030867616,0.07415493,0.042100918,0.046819787,0.045582604,0.05706437,0.016353859,0.005001343
1929,0.13730296,0.01258752,0.00018769914,0.0025973436,0.10482195,0.6603246,0.00016667155,0.40395778,0.0020963086,0.037680324,0.02779914,0.0009566298,0.5295948,0.00082299346,0.0012263265,0.4881588,9.578623e-06,0.040926713,0.025732784,0.0012098828,1.6307229e-05,0.8222874,0.00017440077,0.0018668418
1930,0.004171987,0.017818093,0.008005031,0.028483246,0.65083885,0.0183908,0.0021360687,0.58038175,0.060909748,0.09677366,0.0027496086,0.0047951876,0.022942303,0.08794102,0.056112744,0.030015439,2.0058831e-05,0.6121719,0.019386165,0.008990814,0.0074787405,0.03657789,0.0014100114,0.00054721266
1931,0.17953955,0.027050333,0.00031038612,0.009852881,0.24839604,0.5268213,0.0008511534,0.6822959,0.0039093625,0.015005612,0.035964422,0.004707963,0.05597041,0.0016404444,0.0024190973,0.2361011,2.5909501e-05,0.1723749,0.035591852,0.001595123,0.00092802406,0.6581581,0.0037138157,0.0031704216
1932,0.0037783256,0.0043631713,0.00026888784,0.008406918,0.6902058,0.023460265,0.00027810648,0.6762023,0.010985191,0.012689718,0.000838022,0.0010520427,0.0045308936,0.017002322,0.007993298,0.008888108,1.0197316e-06,0.53923815,0.0055409027,0.0008929103,0.0032599834,0.033060815,0.00035349658,0.0001737332
1933,0.6333965,0.41526237,0.008530369,0.013684578,0.16767006,0.1221969,0.0023241674,0.4813731,0.020667026,0.050814196,0.0049094856,0.05678941,0.056845196,0.0011496602,0.004336629,0.086755745,9.335624e-05,0.14304815,0.20768282,0.0039764126,0.0028703085,0.51587915,0.25415602,0.015599647
1936,0.05926377,0.068662465,0.0061495584,0.0043268586,0.76723766,0.0675916,0.00028937237,0.41251388,0.10120441,0.06426434,0.0007630982,0.0014886326,0.02278627,0.015858825,0.014464885,0.012206724,3.326405e-06,0.29434392,0.02986449,0.004823117,0.02330841,0.0636567,0.00048618962,0.004371666
1938,0.08689874,0.030869577,0.003624102,0.011800614,0.7079452,0.5651487,0.0009036677,0.3213315,0.039714616,0.036354993,0.058783416,0.0034928469,0.06666443,0.0474104,0.05589728,0.27814856,7.7149714e-05,0.3000685,0.010554363,0.017259106,0.009747701,0.3554059,0.0010502787,0.00541416
1939,0.73621774,0.32194588,0.0034741755,0.002422386,0.102035694,0.092764035,0.0016857754,0.17001826,0.007865048,0.0349419,0.00042652324,0.007964097,0.2272658,0.0006272153,0.0008103838,0.08012853,2.537121e-05,0.024371557,0.6551551,0.0012092026,0.00096885575,0.6417255,0.01486191,0.0014044243
1946,0.010296947,0.011052468,0.0015420232,0.005055989,0.83900523,0.07588453,0.00014365383,0.34799126,0.029249148,0.031859417,0.0037120853,0.0009210592,0.017776141,0.039262306,0.038971268,0.036097195,2.2979825e-06,0.56775755,0.0064562545,0.005380246,0.0037267618,0.07047483,0.00023590113,0.00037008166
1948,0.0072167604,0.013287009,0.0015211892,0.0060260263,0.6985527,0.036685757,0.00019591757,0.6038209,0.039155442,0.065842606,0.0012393261,0.000884305,0.024906712,0.013199396,0.010321995,0.022900956,1.0196567e-06,0.45157623,0.016490426,0.0022987,0.0021729055,0.06306124,0.00017660129,0.00045892928
1949,0.0037170968,0.0050547393,0.00085345743,0.0032546765,0.78675985,0.030871786,0.000121536556,0.44799292,0.019747796,0.05766193,0.0014560549,0.00040828943,0.052213013,0.016285753,0.013843682,0.037805453,7.8282176e-07,0.57859063,0.022940336,0.002111628,0.00085066084,0.08488896,0.00010304216,4.2115076e-05
1958,0.28154117,0.2423754,0.025647083,0.007768008,0.30519798,0.0616662,0.0043174988,0.3237724,0.101850644,0.21509756,0.0013160201,0.008322824,0.4420938,0.0072669527,0.009312168,0.103925936,5.319395e-05,0.09371873,0.44053063,0.0069854995,0.0048542307,0.34780303,0.008363645,0.0036680575
1959,0.098820984,0.043098323,0.0031382337,0.0052292882,0.34946394,0.20838305,0.001218545,0.4303019,0.030144894,0.0931502,0.0056073978,0.0017500875,0.5454612,0.0065612523,0.0050634923,0.19985269,1.8450191e-05,0.09268398,0.11665107,0.0042309165,0.0015004292,0.48794508,0.0011039017,0.0021835326
1960,0.01755792,0.031258974,0.02588934,0.099436894,0.37935892,0.035307743,0.4663811,0.3663208,0.045401424,0.034926035,0.0012235915,0.03641977,0.033086717,0.17017694,0.031288862,0.033577766,0.0018686063,0.096899316,0.042869147,0.041386165,0.02457615,0.058553923,0.009034424,0.0029521668
1967,0.28734297,0.15356857,0.017328782,0.010739499,0.6102108,0.18641528,0.005382592,0.40258,0.12157642,0.08669726,0.0031589635,0.0051663513,0.16060312,0.019377207,0.0130463,0.060628463,7.848541e-05,0.13352464,0.19811966,0.010244367,0.0731016,0.27643195,0.0067201005,0.010197093
1968,0.0059651197,0.013801392,0.00044804177,0.12332343,0.09680199,0.049301013,0.0020885544,0.92886686,0.0068583153,0.009834108,0.03854841,0.07889423,0.009088159,0.03227741,0.018663207,0.043673307,0.00013326945,0.5118238,0.0019163324,0.00082220015,0.0043705576,0.067731924,0.05424377,0.014422223
1969,0.34297696,0.25068322,0.014742993,0.004933847,0.13898826,0.015953723,0.010163387,0.15284412,0.041165613,0.10899685,7.655055e-05,0.0068051913,0.46593645,0.0047137183,0.0026804097,0.06031798,3.3934535e-05,0.027464647,0.73920286,0.0028971904,0.0026267613,0.32516363,0.004701165,0.00061691104
1970,0.5093585,0.3599897,0.0045159766,0.044633415,0.09028163,0.08970594,0.003791139,0.70671535,0.013442651,0.026404537,0.010627665,0.17007916,0.015689505,0.00196651,0.0065747076,0.05316241,0.00016855952,0.23624696,0.052700244,0.0027513492,0.0041289045,0.35547116,0.46788892,0.046969995
1974,0.4397479,0.067683876,0.0010287463,0.011363396,0.45176092,0.599966,0.00096048147,0.5353465,0.009934702,0.007935265,0.026730623,0.008960762,0.015568469,0.0043523586,0.007624911,0.12467774,4.8152673e-05,0.18961826,0.023663938,0.0036733046,0.0126282,0.5757133,0.016261922,0.00931079
1976,0.11030167,0.028702412,0.0007986184,0.010743303,0.2806094,0.38525257,0.0011801526,0.627871,0.008914002,0.040698744,0.027465215,0.0043802294,0.1606876,0.0033341104,0.004251176,0.3033843,3.0400099e-05,0.18687204,0.0635838,0.0023568359,0.0008813533,0.6192306,0.0031397839,0.0020854105
1980,0.23640989,0.206577,0.009006816,0.06914343,0.20425051,0.12839691,0.012775253,0.7299341,0.050957076,0.036636714,0.011874101,0.07539888,0.033019226,0.019721312,0.015209191,0.03942316,0.00045766722,0.18146148,0.029944377,0.0071811066,0.046685785,0.17113559,0.10931851,0.12620619
1986,0.03212477,0.020468954,0.0013080981,0.00918075,0.35452053,0.14831968,0.000780966,0.6194111,0.01998846,0.08833356,0.009321234,0.002287851,0.37169757,0.008500549,0.005904349,0.21429132,9.141853e-06,0.22237931,0.07074509,0.0019883174,0.0010569763,0.4042635,0.0011147752,0.0010283662
1990,0.06968892,0.062405776,0.0016848702,0.006279482,0.66462713,0.17693429,9.442354e-05,0.6143312,0.040410712,0.02584326,0.0033721188,0.0037218765,0.002915778,0.0043968693,0.008764559,0.015877206,2.4004278e-06,0.34004128,0.005936168,0.0026050245,0.007479328,0.084858656,0.0010050122,0.010612222
1994,0.15377428,0.0492928,0.003119135,0.005892927,0.5798565,0.33045864,0.00087727216,0.44041845,0.0412553,0.06026582,0.009060772,0.0020291042,0.18636596,0.010409395,0.010093045,0.15729009,2.210378e-05,0.17332806,0.0772024,0.005502882,0.0067644687,0.425145,0.0016057761,0.0029019685
1997,0.41080126,0.39917824,0.028766654,0.019764572,0.34061247,0.04263486,0.006470193,0.40498477,0.14370395,0.091732025,0.00087162387,0.022714574,0.09590466,0.01775445,0.013561229,0.022388227,0.00018967385,0.10840033,0.24089946,0.005271924,0.10542161,0.14573991,0.045222554,0.025966985
1998,0.11171797,0.040502775,0.0030822412,0.0072878487,0.63988554,0.22295636,0.0012957546,0.4446286,0.03850217,0.057580937,0.007982577,0.002468651,0.17130533,0.016365778,0.012704888,0.13768497,2.7721468e-05,0.26739693,0.11589206,0.0047374726,0.011633422,0.37594694,0.0029593166,0.0013237644
1999,0.040258985,0.017270464,0.0011666045,0.0038796216,0.18164185,0.22066289,0.0005552679,0.31258535,0.009374377,0.08945648,0.008492206,0.0013434208,0.81600744,0.004307262,0.0038731091,0.4310501,1.3419833e-05,0.06732284,0.071133114,0.0028030267,7.321015e-05,0.64590704,0.00034085495,0.0005975959
2000,0.03215346,0.01969633,0.0012085227,0.0118658105,0.5493185,0.12886882,0.0012257367,0.6806369,0.02535023,0.04400489,0.0050062565,0.0025968358,0.05857471,0.011368214,0.0065630605,0.06597312,9.453532e-06,0.3027306,0.04258083,0.002307304,0.006169024,0.20360707,0.001271508,0.0015538046
2005,0.012942596,0.024596412,0.0056612985,0.025134513,0.50327384,0.05273683,0.004334168,0.6402153,0.052905526,0.113963544,0.005344463,0.0054573487,0.19868931,0.04011811,0.016886732,0.08134777,3.580058e-05,0.33613932,0.05676716,0.0069272784,0.0070845378,0.14982435,0.0022314736,0.0021088237
2007,0.009648453,0.02368203,0.00377416,0.017509902,0.5179746,0.031943753,0.0011693905,0.710601,0.043056328,0.11275533,0.0035862357,0.0053462046,0.07016476,0.019676322,0.0146357855,0.054256715,9.946974e-06,0.49176753,0.042260025,0.0034423198,0.0025149053,0.089021884,0.0024436342,0.00089646684
2010,0.8479639,0.37608302,0.0016452293,0.004623745,0.06313903,0.22224201,0.0010528583,0.33777907,0.0032432445,0.019653268,0.002376996,0.024290608,0.048021268,0.00016150191,0.0006004085,0.099171616,4.3803244e-05,0.043872625,0.41411757,0.0009841125,0.00039177595,0.7799405,0.08401394,0.004806449
2011,0.39375642,0.29230478,0.005060383,0.056885477,0.11608491,0.047969252,0.010721292,0.70557487,0.015058435,0.013452027,0.004070623,0.18251294,0.01270117,0.0033630668,0.0060074194,0.028531542,0.00037639868,0.18795854,0.043270644,0.0035016576,0.013405557,0.20782557,0.66806966,0.02032917
2014,0.30465487,0.018323032,0.00034376766,0.004942951,0.41866013,0.8139176,0.00047013754,0.38900745,0.004403241,0.009437047,0.07427461,0.0021574507,0.058613587,0.0035143276,0.006887703,0.4536393,4.1584168e-05,0.14982817,0.016496945,0.0037128227,0.0010024136,0.7503487,0.0013141539,0.0014448089
2016,0.0062409663,0.00829239,0.0013742376,0.0091289105,0.79805505,0.038278315,0.000491995,0.45187375,0.023517419,0.02358684,0.0020540466,0.0012925996,0.008420908,0.0485969,0.033914406,0.01953793,3.6357362e-06,0.57755107,0.006612075,0.0046437387,0.0059373984,0.042908058,0.0003645979,0.00025673312
2023,0.050227474,0.02016641,0.001045867,0.011083694,0.35545868,0.22615607,0.001248201,0.6154882,0.013223797,0.06159588,0.016560273,0.0032143062,0.28542852,0.0069929226,0.0062985625,0.28630885,2.1102458e-05,0.24922898,0.08707581,0.0024815472,0.0011415803,0.52188134,0.0022480781,0.0008748564
2026,0.0040082885,0.018168375,0.008218014,0.008556113,0.847333,0.020598993,0.00033918797,0.34122252,0.08423367,0.073668376,0.0010719952,0.0012945193,0.0075961254,0.06763244,0.07271616,0.014404198,3.2763433e-06,0.6203581,0.005758109,0.012858734,0.0044389144,0.01837478,0.00016616138,0.00035272667
2027,0.06248326,0.068495505,0.009827772,0.0028524396,0.22688776,0.0603955,0.00056593854,0.23561019,0.053130485,0.26403424,0.0017262518,0.0017687205,0.82297176,0.0049958616,0.0072693885,0.21998097,1.11825175e-05,0.071233846,0.15227114,0.0050556865,0.00022982094,0.42647368,0.000646296,0.0009448271
2032,0.7145748,0.40500036,0.00695013,0.008282315,0.16191879,0.21885887,0.0011549235,0.42620242,0.025408473,0.0824222,0.005153093,0.02158453,0.1136687,0.0012565594,0.003571634,0.08198763,5.6310055e-05,0.08051728,0.22818927,0.0031326208,0.0023998602,0.5829687,0.047383796,0.04962511
2033,0.17495178,0.03185652,0.0010770988,0.0079613775,0.60649514,0.4419037,0.0015616585,0.5471685,0.016607797,0.01532667,0.009380592,0.002934112,0.024104543,0.007066963,0.0058005988,0.09323627,2.0766629e-05,0.17678604,0.032032102,0.0039354577,0.011858931,0.36865723,0.0027820822,0.003001455
2043,0.23635206,0.022338152,0.00029863958,0.005880233,0.34105465,0.5531059,0.000695883,0.5653156,0.004037201,0.013909459,0.024087079,0.0022482278,0.087367535,0.0021643331,0.0025294723,0.26108304,2.1269425e-05,0.15563993,0.06838165,0.0017599971,0.0012218615,0.7056729,0.0021705648,0.0010347166
2044,0.44011414,0.06819946,0.0012511191,0.012695401,0.31925207,0.6455449,0.0021995278,0.54538405,0.00934808,0.014124619,0.031779308,0.009958716,0.041536883,0.0032760685,0.0052393544,0.18835382,0.00010467924,0.119697526,0.035991784,0.0045289197,0.0052195713,0.64007026,0.01097615,0.012950518
2047,0.5681412,0.16876696,0.0065761562,0.018947389,0.31857905,0.5260906,0.00882691,0.47382408,0.027190486,0.030493971,0.01495344,0.017750768,0.049130037,0.0055054035,0.0067573544,0.13036337,0.0003314837,0.084875286,0.10580125,0.008893486,0.01890038,0.55050933,0.0232111,0.028307797
2048,0.38228697,0.27914625,0.014612862,0.0063420967,0.16661052,0.05543551,0.0022320237,0.3303438,0.053112544,0.19629125,0.0013005667,0.009997574,0.4258032,0.003273379,0.005275871,0.12239127,3.2052736e-05,0.08256556,0.49304715,0.003287781,0.0016533972,0.45609522,0.012010423,0.0032644875
2049,0.284524,0.041917194,0.00065863406,0.006482579,0.39349568,0.47162694,0.00084901945,0.5915824,0.010749625,0.018745659,0.011591242,0.0025894016,0.054693438,0.0026144467,0.0025847715,0.1255978,1.8525741e-05,0.12470219,0.060788196,0.0020738323,0.0048872908,0.5545882,0.002793181,0.003956401
2050,0.15378991,0.12415238,0.0096166665,0.04936319,0.36335328,0.04133458,0.03299104,0.6196821,0.034035705,0.034146395,0.002551678,0.056935254,0.0222853,0.013187838,0.011759132,0.036200453,0.00047051685,0.26833257,0.14215755,0.0075070774,0.029219018,0.14289384,0.20710354,0.0027392842
2051,0.0023840498,0.006428858,0.00070442486,0.0034309665,0.8198802,0.011447204,4.5779492e-05,0.51902485,0.023857644,0.02900936,0.00027524,0.0004663077,0.0031674572,0.016460584,0.013668182,0.0046169856,2.0054328e-07,0.64497364,0.0044007287,0.0014003916,0.0015851746,0.014661355,7.1242015e-05,0.00010097884
2056,0.0058098407,0.0077043767,0.00064532016,0.00456852,0.7946597,0.035723574,7.108038e-05,0.52759933,0.017098758,0.025804227,0.0015544558,0.0009257928,0.005848946,0.016071506,0.017908845,0.015270382,6.578181e-07,0.6473796,0.005910764,0.0020230724,0.001594659,0.043309666,0.00026148182,0.00018641054
2060,0.18699421,0.07643541,0.0006615522,0.036472954,0.14887135,0.2833929,0.0022406077,0.8177899,0.005218131,0.008951447,0.034768708,0.047473546,0.014549431,0.0021443323,0.0041866647,0.08218094,0.000100400444,0.2268114,0.011088981,0.0016248572,0.0030487538,0.37784505,0.07385704,0.030139955
2062,0.1499969,0.42863607,0.17131308,0.0014956077,0.81078506,0.066051275,6.5455024e-05,0.10295558,0.4779526,0.40941954,0.00046363263,0.002096899,0.052848544,0.012049715,0.062676564,0.022031268,2.9831197e-06,0.19574384,0.040163793,0.025066266,0.0029506204,0.050511535,0.0002584205,0.010390497
2064,0.020724138,0.033548936,0.0057616537,0.0102468375,0.76618403,0.103699476,0.00022123764,0.4154758,0.055517368,0.06937952,0.012137207,0.0047297133,0.018546816,0.042485427,0.082510225,0.079175144,9.536093e-06,0.65455157,0.010275424,0.009656377,0.003780947,0.09402077,0.001802714,0.0012410313
2065,0.033034462,0.022317057,0.0022971751,0.0027263865,0.21034051,0.07626948,0.0008503735,0.23214753,0.015313565,0.098697774,0.0012554611,0.0009608568,0.87517613,0.005857853,0.0027813308,0.24547301,7.0475903e-06,0.046642046,0.16848053,0.0024730207,0.00022559846,0.50314367,0.00028116954,0.00027457217
2066,0.020783462,0.035279125,0.008725836,0.03669853,0.31932268,0.0534747,0.027698282,0.6054063,0.038467973,0.14370601,0.00537424,0.013947628,0.45822182,0.017658776,0.009280964,0.17635989,0.00016288996,0.19859733,0.19410896,0.009860937,0.0025122867,0.27653557,0.0086135315,0.0013583818
2070,0.1803232,0.0571363,0.0037343486,0.008591222,0.5167934,0.2774983,0.002628802,0.50207555,0.04505374,0.06112494,0.006837612,0.0027317018,0.23988795,0.012366301,0.007125894,0.12673695,3.7144386e-05,0.13427414,0.13760895,0.0049704313,0.014096934,0.41461194,0.0023707377,0.004071555
2071,0.33874297,0.19714145,0.0019190813,0.09087106,0.05994,0.027756168,0.031141024,0.7500131,0.0043631545,0.0028513453,0.0021296558,0.31589675,0.00391034,0.0026552181,0.0031804661,0.01652709,0.00077671994,0.13989958,0.021290442,0.002182685,0.009786011,0.145651,0.88712394,0.007729004
2074,0.32708576,0.16443557,0.011960163,0.01126328,0.522843,0.18009439,0.00538559,0.44200316,0.06241927,0.08308049,0.0042782086,0.009352779,0.16640908,0.00921306,0.009452867,0.08692641,0.00010475213,0.16967563,0.30506885,0.008435382,0.024705041,0.37653255,0.018206572,0.006737569
2078,0.28196394,0.030744404,0.0010645342,0.0063935556,0.48887265,0.6986541,0.0012880267,0.40519306,0.012245779,0.016944846,0.028796598,0.0024409345,0.08311383,0.006141872,0.0064988793,0.26287705,6.077629e-05,0.10553421,0.026716216,0.006081591,0.0038259462,0.59942865,0.0014979695,0.003906957
2079,0.5053477,0.47532162,0.0046484424,0.02308692,0.07059397,0.063245155,0.0007924394,0.66758025,0.019622276,0.056510676,0.00585865,0.10670735,0.041335303,0.0010282696,0.0037416648,0.037335902,4.122612e-05,0.15401378,0.0470565,0.0014394481,0.0017053596,0.31264204,0.24244034,0.14876531
2082,0.32361138,0.46348706,0.051495984,0.0347008,0.21602121,0.031020803,0.006452102,0.5744325,0.16066809,0.21903098,0.0027674497,0.0810603,0.08303283,0.008471975,0.01944698,0.04608747,0.00023952192,0.22130798,0.17003292,0.012783747,0.010532024,0.14134741,0.14242518,0.02549326
2090,0.08921443,0.030227844,0.0031763357,0.014580475,0.7179866,0.12637477,0.008202552,0.46871597,0.047456685,0.019739592,0.001787558,0.0030407526,0.024014646,0.038945124,0.0130504025,0.024005216,4.9261533e-05,0.21724506,0.052074797,0.0055003744,0.13694744,0.13007878,0.002481093,0.0022148169
2092,0.057458572,0.07090707,0.011584142,0.009914653,0.22315116,0.042600732,0.0065385764,0.36325547,0.05128553,0.20560226,0.0013396741,0.00525404,0.6780498,0.009066532,0.006260506,0.16878757,4.276117e-05,0.0876155,0.34702876,0.004940146,0.0013192648,0.3599544,0.0021447497,0.00092029606
2096,0.0071799876,0.0031752987,0.00013410277,0.009501254,0.3332297,0.1312644,0.00053442636,0.7264031,0.0055910647,0.030588651,0.008897438,0.00071438064,0.29111058,0.007363818,0.0022544852,0.1812011,2.6550447e-06,0.2095273,0.025380053,0.0006207184,0.00043951743,0.35749266,0.00022522836,0.0002296549
2097,0.08624647,0.28774,0.0911179,0.012481315,0.7803124,0.042226087,0.0008646699,0.3237422,0.4029799,0.18162434,0.0009042275,0.006833161,0.016069977,0.04357872,0.05986897,0.01148067,1.984103e-05,0.30661422,0.026418528,0.021904306,0.06958266,0.028371032,0.0020532052,0.020778295
2100,0.04721972,0.054154377,0.008502514,0.007316389,0.79064804,0.09920015,0.0005505473,0.3893816,0.071782485,0.057171706,0.0030958063,0.0033325516,0.024340844,0.021384709,0.028184896,0.03647619,1.00805055e-05,0.39699277,0.022586452,0.011716504,0.009053043,0.094722055,0.0024749376,0.0017580228
2101,0.018099157,0.014830743,0.002460772,0.0026292684,0.12788062,0.07505357,0.001821818,0.13750559,0.009554583,0.111745834,0.0012313079,0.0009221521,0.94968086,0.005036257,0.002360616,0.34909424,1.6842718e-05,0.021240035,0.11890748,0.004492477,3.7008547e-05,0.55266213,9.703802e-05,0.00019924695
2105,0.3305088,0.0249896,0.00025743488,0.0063153547,0.45906612,0.66587335,0.00063205534,0.61310625,0.006179095,0.004053458,0.012831146,0.0023934497,0.0074983533,0.0023624506,0.0023052928,0.07279763,1.4777856e-05,0.109105125,0.013911258,0.0015835386,0.010242129,0.47989562,0.0016928979,0.0043843654
2106,0.23396952,0.015028822,0.00025536164,0.005240363,0.44159985,0.69037753,0.0006026722,0.50602245,0.0048511843,0.009111418,0.028970461,0.0015138931,0.05054324,0.0036475183,0.003642794,0.25979304,2.1906686e-05,0.13440007,0.026539803,0.0022882298,0.0022004803,0.6566677,0.0010988949,0.0010961137
2113,0.012084902,0.016490044,0.0006876067,0.013834252,0.46140298,0.054565884,0.00039235788,0.78268695,0.018818952,0.03243829,0.0032954107,0.0038228347,0.018345678,0.009235799,0.006273002,0.026502362,3.552561e-06,0.4163173,0.01211735,0.0009730162,0.003341371,0.08520607,0.0013125784,0.0020021915
2116,0.0046791434,0.010003013,0.00348168,0.012988461,0.8250058,0.04985935,0.0007049473,0.31511965,0.036523342,0.027136846,0.0040186113,0.0019601088,0.0068281726,0.13104339,0.102969185,0.026066221,1.0510943e-05,0.5882081,0.0029958158,0.012597641,0.007331768,0.032054897,0.00030307856,0.0005689312
2120,0.0023921395,0.0026176267,0.012315561,0.24133755,0.06018297,0.014118045,0.99777746,0.03584163,0.003734368,0.00069735653,1.6586282e-05,0.092650406,0.0013902618,0.68110293,0.01505417,0.00572837,0.027963346,0.001650196,0.0015102561,0.0971356,0.010724964,0.008302187,0.0002791252,0.0005911184
2125,0.03198723,0.012447894,0.00080193987,0.0028494883,0.8464676,0.1604085,0.000116216186,0.3387723,0.023093244,0.02199181,0.004101947,0.000562653,0.019678455,0.019130168,0.018383417,0.042135257,2.4980332e-06,0.47239414,0.013888435,0.0031604848,0.005960687,0.13368021,0.00021480558,0.00031154146
2130,0.17119978,0.05486266,0.0011038707,0.02759501,0.26772565,0.31239355,0.004082102,0.7758411,0.013248442,0.019577086,0.0199875,0.015362218,0.05377301,0.005877067,0.004523445,0.105414346,9.6556934e-05,0.1893416,0.04351805,0.0022813808,0.013085093,0.4061135,0.019821865,0.013559087
2136,0.010122692,0.018224148,0.0024588846,0.008544178,0.72529775,0.039650388,0.00030575675,0.57319534,0.040769465,0.058443036,0.0020135427,0.0020386665,0.012489811,0.020520171,0.02087791,0.023506097,2.770653e-06,0.5639925,0.014977889,0.0038955666,0.0033138837,0.054320745,0.00062109594,0.0005633791
2137,0.012600849,0.019837819,0.0016474519,0.027430957,0.5287125,0.04236142,0.0010457927,0.7438171,0.02214347,0.02684449,0.0056773573,0.010436087,0.009145367,0.030123288,0.02393882,0.02677407,1.5168026e-05,0.59092486,0.0098183295,0.0028117786,0.0071399356,0.06070052,0.008321269,0.0017102592
2139,0.023154886,0.030453946,0.0094994325,0.006846853,0.29395685,0.092125624,0.002786996,0.24697381,0.04222987,0.20544702,0.005044172,0.0023834298,0.857699,0.015914185,0.01265257,0.33694494,5.082799e-05,0.08789254,0.11407772,0.011177716,0.00038768526,0.4440366,0.0004768044,0.0007849722
2141,0.0016539617,0.0017275136,0.0004940171,0.18945843,0.3890111,0.0029120208,0.35504612,0.59377146,0.0141173955,8.640797e-05,9.659493e-06,0.0040569114,3.2064347e-06,0.591289,0.03623535,3.9036066e-05,5.554282e-05,0.08620158,3.917505e-05,0.0014525988,0.9347223,0.0002957983,0.0002119007,0.0010423736
2143,0.28836006,0.07946296,0.0019005538,0.0050942455,0.58794177,0.4247925,0.00033706948,0.43782413,0.03377354,0.028485054,0.008153989,0.0027188268,0.046809126,0.0063894647,0.008503601,0.0668016,1.2029455e-05,0.15107962,0.026995838,0.0040916414,0.010317685,0.34883517,0.0017748397,0.016800612
2151,0.023670195,0.006166586,0.0010093575,0.042899847,0.41799918,0.56987786,0.011348535,0.5307659,0.009149896,0.014164714,0.112029,0.009003845,0.05933603,0.1102899,0.045857128,0.30914423,0.00043493762,0.2339882,0.0075973514,0.011366388,0.009289685,0.3717431,0.0010172189,0.00421062
2156,0.0199706,0.01786933,0.0010027302,0.007678262,0.6980616,0.06146262,0.00027963132,0.60612905,0.017013093,0.028652774,0.0026704501,0.0030665686,0.009537748,0.0102827,0.011853004,0.027345227,3.1875832e-06,0.5707309,0.021396575,0.0019707137,0.0035129217,0.09627972,0.0020757616,0.0005019153
2158,0.34687343,0.4886055,0.034298625,0.016287223,0.44623944,0.22268714,0.0007512444,0.36470297,0.14685546,0.10860071,0.009628477,0.024112934,0.022395298,0.009991491,0.029392079,0.031089595,5.6101657e-05,0.14395595,0.014573729,0.014101701,0.009606829,0.13123922,0.012633903,0.41334102
2159,0.007969693,0.008307021,0.0008362643,0.0085162455,0.7088548,0.05051462,0.0003824237,0.60079825,0.018652342,0.03795779,0.0031224282,0.0014778292,0.027420448,0.021704318,0.014437603,0.037945848,2.9133105e-06,0.5510366,0.018703947,0.0023486565,0.002697432,0.09418215,0.0006259872,0.00027288313
2160,0.015916718,0.013054283,0.0019165174,0.007873,0.88888156,0.049626496,0.0005618601,0.2569277,0.044662897,0.0085296035,0.00083691726,0.0007910591,0.0013261652,0.09377788,0.0572257,0.0054998193,4.0326395e-06,0.4623028,0.0023717573,0.005861725,0.07817317,0.018623663,0.00016249718,0.0007019717
2162,0.010761396,0.0073321187,0.0006501319,0.0007513819,0.03891839,0.047134727,0.000425943,0.068446435,0.0024335715,0.084749945,0.00021192232,0.00027454545,0.9859634,0.0015398852,0.0004278622,0.34994933,1.9958334e-06,0.0044361437,0.1037455,0.0010364944,1.1717354e-06,0.6367827,1.2447673e-05,6.286726e-05
2169,0.23361985,0.119343035,0.013562282,0.05024371,0.5832382,0.08272618,0.02764643,0.36760145,0.16686215,0.0069372617,0.00045797223,0.010167575,0.004583864,0.10571544,0.02947627,0.0045234407,0.00029358326,0.07366766,0.017399093,0.004519397,0.9438031,0.03139081,0.006735147,0.013377345
2171,0.28900832,0.2699229,0.029603185,0.009807849,0.3528192,0.06563296,0.003261896,0.40224227,0.12074531,0.24141629,0.0024551302,0.012608316,0.342845,0.0073773195,0.0130154155,0.11157236,6.522996e-05,0.16258775,0.41008815,0.0072374595,0.007563298,0.33439165,0.021805935,0.004825605
2172,0.17767586,0.075371474,0.005649358,0.008572689,0.74809647,0.2751506,0.0012992017,0.40049192,0.05999038,0.036263894,0.0069315243,0.00416242,0.03180934,0.01732542,0.018611172,0.061670274,3.461157e-05,0.26722005,0.047461905,0.00835828,0.037126865,0.23077981,0.004360295,0.0048846803
2179,0.20529279,0.09822589,0.0015060619,0.13766906,0.06036373,0.0389254,0.09667408,0.80589783,0.004086812,0.0016617441,0.0026278032,0.291302,0.0024302714,0.006487869,0.0035122824,0.014222025,0.001720334,0.13058124,0.012090978,0.0024066682,0.02517554,0.0994326,0.8022263,0.007825439
2180,0.02431751,0.012274085,0.0008991264,0.004356798,0.8637299,0.07339895,0.0002801356,0.3431413,0.02418839,0.01028603,0.0011739731,0.00083920464,0.0037524232,0.028126497,0.021750925,0.010534627,2.9326784e-06,0.45828444,0.0073008495,0.0030081775,0.020289611,0.05063955,0.00041804856,0.00037062276
2188,0.00076592306,0.0021407206,0.00018241792,0.0003351469,0.9339361,0.011722384,4.5735433e-07,0.29237008,0.015155682,0.028859077,0.000164537,3.8404436e-05,0.0015923937,0.007153605,0.017454034,0.0040385746,3.760306e-09,0.81979537,0.0010359979,0.00074044004,8.950122e-05,0.010311707,1.3841524e-06,7.511847e-06
2190,0.025901191,0.047822442,0.0029836318,0.053391952,0.36030477,0.043433346,0.0019802614,0.7944473,0.024556013,0.026244633,0.011346476,0.042829968,0.0083558215,0.025883885,0.031674404,0.03266764,5.5278826e-05,0.5850481,0.009204545,0.003580034,0.010614021,0.07034095,0.057132863,0.006672621
2192,0.48565868,0.48482427,0.070789546,0.006023188,0.42749518,0.06358069,0.0019577304,0.2515907,0.22732307,0.29069546,0.00105115,0.01036988,0.22737876,0.007550196,0.016885323,0.058041953,5.5602974e-05,0.113224916,0.40215302,0.010725981,0.013357328,0.24902819,0.0139773935,0.010740887
2193,0.48361027,0.10940811,0.0033927725,0.012635634,0.37142798,0.5307175,0.0023883292,0.520751,0.027020944,0.034480445,0.017000914,0.0080638565,0.07961897,0.0070009674,0.008132121,0.13765977,9.586152e-05,0.117792726,0.089551166,0.0055396785,0.020162486,0.5628288,0.008366153,0.021334313
2196,0.004513472,0.011309659,0.0063205697,0.13105963,0.45387903,0.023735251,0.111189365,0.60819006,0.03270264,0.016304672,0.0019905327,0.022168187,0.0064210496,0.28815043,0.05806983,0.014869488,0.00042097128,0.28972808,0.007213024,0.01313213,0.05368061,0.02222301,0.0057261167,0.0022437312
2198,0.28188103,0.009011817,7.4814896e-05,0.004229775,0.15338972,0.852858,0.00029489162,0.49529928,0.0009867084,0.0074191806,0.07244954,0.001613237,0.090501696,0.0009755651,0.0015763193,0.5056071,2.0069623e-05,0.075292505,0.017151764,0.0012046214,9.744992e-05,0.8591285,0.00050785486,0.0010701335
2200,0.4140823,0.18585443,0.011739704,0.010999043,0.54515004,0.2544593,0.004154196,0.4340967,0.078753985,0.071224675,0.005530846,0.008333964,0.16064973,0.011468003,0.010377609,0.08490826,0.00010382638,0.13710617,0.22384535,0.008421956,0.047177058,0.4048349,0.018013256,0.015018091
2203,0.009427334,0.013066933,0.0017825576,0.009123097,0.86129487,0.021075347,0.00055491785,0.32668528,0.0452501,0.007881143,0.0003200486,0.0010122422,0.0005739067,0.089663565,0.046956062,0.0021822948,2.5459183e-06,0.47673705,0.0015455142,0.0040405714,0.065792836,0.0081063565,0.00017094237,0.0007561154
2204,0.0298157,0.027237313,0.0031928942,0.014396714,0.6853217,0.07110613,0.0023427631,0.5904944,0.044457365,0.042273417,0.0023939575,0.0034492884,0.025499877,0.023693277,0.013410785,0.02846615,1.6350925e-05,0.3594844,0.037809312,0.0050916453,0.017380614,0.09519559,0.002064841,0.0014714294
2205,0.054288846,0.035231568,0.0019930438,0.037978973,0.36311933,0.1804864,0.008114382,0.77881116,0.028575089,0.020368915,0.007001889,0.012954394,0.030020976,0.01668198,0.0064360313,0.041916773,8.8244255e-05,0.1650798,0.018567812,0.0034855418,0.025559118,0.1481273,0.0072643454,0.014335035
2207,0.112815596,0.05802682,0.0023031444,0.005055706,0.12229968,0.100617126,0.0015856443,0.35647342,0.011257239,0.08916598,0.002048586,0.0032591405,0.7266276,0.0025350393,0.0018377492,0.24436721,1.4584077e-05,0.049336087,0.30614588,0.0015556804,0.00024986136,0.5981255,0.0019236177,0.00085984264
2219,0.1763652,0.4100005,0.09599122,0.0082046045,0.5917458,0.04891771,0.00029869596,0.286723,0.26275465,0.3461731,0.0030990883,0.019405162,0.04970126,0.012919554,0.07744148,0.05688244,2.0327834e-05,0.42413077,0.058509942,0.02153678,0.0027237935,0.0927459,0.012277796,0.011620436
2222,0.0271639,0.06582306,0.023978565,0.004415444,0.8759793,0.03365481,0.00057014613,0.20793974,0.18718965,0.10430675,0.0004057035,0.0009033391,0.019930217,0.038792897,0.04117811,0.0105743455,5.095197e-06,0.3394959,0.02641935,0.016228013,0.024469621,0.030987915,0.00014285676,0.0012079253
2224,0.41504535,0.43153644,0.009934885,0.02418372,0.18509707,0.13374428,0.0012224371,0.6410557,0.052111145,0.058715627,0.009925359,0.055504836,0.039299365,0.0035667229,0.009597973,0.032137893,8.0317455e-05,0.14514315,0.027611976,0.0041259197,0.00829871,0.22277762,0.10577715,0.3098072
2235,0.07606487,0.024040975,0.000738971,0.0071866703,0.13531351,0.25993678,0.0008510163,0.503412,0.0052539855,0.05874135,0.014680123,0.003432547,0.5434822,0.0023468381,0.0026142623,0.4358502,1.9602869e-05,0.10806953,0.12758441,0.0015215651,0.00012764496,0.7188822,0.0018322557,0.00069485715
2242,0.003389725,0.0102686705,0.0032641802,0.0058398643,0.8883893,0.012102112,0.00024469313,0.28378838,0.048487406,0.031793028,0.0003819781,0.0006378983,0.0032381848,0.065218836,0.052103255,0.005142904,1.4735981e-06,0.62239176,0.004180232,0.0064864317,0.0071774665,0.011409666,0.00010001935,0.00015309354
2243,0.5574262,0.27577165,0.0069421115,0.021682832,0.21686977,0.24089268,0.0060360534,0.55351424,0.030858701,0.047731556,0.008987458,0.032587104,0.08726805,0.0043205833,0.0060437196,0.07972064,0.00021086012,0.10240717,0.13573009,0.005687973,0.012721066,0.46778685,0.07120935,0.06020935
2247,0.18862243,0.04001554,0.0011550857,0.04425394,0.33981347,0.4044237,0.011340904,0.7541763,0.017608197,0.005831808,0.014137199,0.015539475,0.011774009,0.023147132,0.008452058,0.045995224,0.00019741322,0.14816241,0.014096253,0.0033495824,0.14454643,0.2409158,0.013813762,0.022729618
2255,0.500747,0.079416916,0.0013340948,0.013164538,0.2917755,0.6576768,0.002251168,0.55678105,0.010246412,0.014957831,0.029047137,0.009944159,0.04155017,0.0040147793,0.00558029,0.15778437,0.00010979633,0.10945658,0.043606292,0.0042725024,0.0074086613,0.63847244,0.010056423,0.02264248
2257,0.3407441,0.16217275,0.0059241964,0.01729605,0.32138294,0.35427502,0.0019028002,0.56990707,0.03449598,0.061243735,0.02525024,0.017680975,0.094329,0.0060649193,0.011985219,0.16108575,0.00010727107,0.18905662,0.06030671,0.0071371202,0.007142211,0.4843725,0.021055829,0.032235555
2261,0.0025193375,0.008863728,0.025497288,0.06558781,0.40453145,0.0050796904,0.80442756,0.088583775,0.023236232,0.017180227,7.402038e-05,0.01110026,0.01960332,0.31792232,0.0362161,0.011410383,0.0015975442,0.04237548,0.022628447,0.068074994,0.0070357765,0.016406687,0.00044366377,0.00017944875
2265,0.03579248,0.033449687,0.003803394,0.073799446,0.5568298,0.040632173,0.028258935,0.59412897,0.06720075,0.0030991884,0.00060450105,0.007978022,0.0014583424,0.172473,0.031226214,0.0021557955,0.00012008724,0.1547502,0.002384505,0.0042837127,0.7939706,0.01221431,0.0033482919,0.014029004
2274,0.6425785,0.20293836,0.006381399,0.0058423844,0.30974224,0.3612595,0.0016853733,0.364623,0.037938923,0.06275827,0.0046442654,0.005377639,0.16123296,0.0038465431,0.004793115,0.0986378,5.55246e-05,0.06117037,0.2613257,0.0038368606,0.011736817,0.56556726,0.007943336,0.014834889
2277,0.29650494,0.14947613,0.0050538355,0.0022567462,0.15176414,0.041432586,0.0011374457,0.21434256,0.02420961,0.11153253,0.00038291712,0.0021980056,0.6007527,0.002183732,0.0020437867,0.114404194,8.95532e-06,0.04376389,0.6256164,0.0011417542,0.000874099,0.47861588,0.0020572678,0.00039428927
2278,0.06837544,0.024262836,0.0013546054,0.011688316,0.73791873,0.2013131,0.0011463909,0.48956642,0.020667642,0.009786482,0.006568912,0.003994002,0.0053204587,0.024631815,0.021496557,0.035328697,1.6910702e-05,0.39741352,0.009959798,0.0045367344,0.027013637,0.1338883,0.0031430991,0.0018558442
2279,0.010083778,0.0023726635,0.0029246288,0.08964998,0.16626136,0.037550863,0.98607945,0.06642055,0.0032206082,0.0001377703,1.0573073e-05,0.014541913,0.00019500103,0.4002234,0.0077179247,0.0018391291,0.0019256603,0.002888918,0.0009531112,0.017532902,0.20210198,0.008150407,0.00012707744,0.00036070027
2282,0.52973115,0.27834675,0.0065463036,0.0055711507,0.12905641,0.055092946,0.005998183,0.26251978,0.01589887,0.06706834,0.0006816023,0.01090279,0.2517082,0.0013281964,0.001871123,0.105573125,6.472514e-05,0.05106872,0.6691272,0.002685411,0.0016522154,0.5180502,0.01959006,0.0009962578
2285,0.49989474,0.32441688,0.0037036175,0.029538956,0.17072442,0.24024607,0.0014773211,0.65411013,0.019129496,0.014030692,0.014030066,0.06750223,0.010270566,0.0027020897,0.007370698,0.029046206,9.2466624e-05,0.13908373,0.011732504,0.0029628545,0.011745525,0.2976712,0.15794529,0.22930308
2289,0.14666186,0.26479807,0.011223952,0.067075096,0.18123917,0.031722344,0.0032735812,0.77129066,0.046635635,0.06258546,0.0075897374,0.1715774,0.013586079,0.0079131145,0.021005146,0.032198608,0.00016990723,0.43324724,0.02825864,0.0051982133,0.008701618,0.100557834,0.31121138,0.03380323
2293,0.22115754,0.255787,0.005912148,0.087845445,0.1032243,0.047408104,0.0072642975,0.79645836,0.021648519,0.019832177,0.009822989,0.21452469,0.011321785,0.0067847045,0.01161109,0.030917458,0.00033716782,0.2753638,0.016960835,0.003632775,0.011051124,0.13797094,0.54285777,0.055467777
2297,0.0715843,0.01650678,0.0003673405,0.01731736,0.22917435,0.38382718,0.0017066491,0.7195108,0.0041354797,0.027083684,0.046693046,0.006560347,0.13745314,0.0036481284,0.0038387878,0.34166506,4.6942227e-05,0.2484403,0.059996173,0.0017533461,0.00070727797,0.6401482,0.0041708504,0.0014078484
2307,0.021231964,0.028062971,0.0038354867,0.037908632,0.48035625,0.04895321,0.012782056,0.7378099,0.03732118,0.039521564,0.0023810272,0.010464005,0.028327385,0.02657131,0.009164814,0.025188288,5.9334307e-05,0.28548416,0.039849184,0.0048209126,0.018255413,0.07518088,0.0064014937,0.0030059963
2309,0.02062409,0.06634328,0.010942275,0.039344754,0.32260048,0.0357366,0.0023109096,0.7480656,0.06924347,0.16988578,0.010980898,0.02715794,0.09800772,0.022930164,0.02803563,0.098831914,6.696874e-05,0.4876875,0.04574062,0.0062869815,0.0033718608,0.11542438,0.018589167,0.0040501026
2322,0.5317091,0.22332826,0.004578247,0.010506607,0.15579481,0.26595524,0.0026786295,0.47444668,0.016876237,0.061526738,0.007225875,0.017574873,0.1900035,0.00161829,0.002866931,0.14938001,8.206594e-05,0.06801698,0.19575076,0.0038284515,0.0017341593,0.628901,0.031093484,0.01968251
2324,0.0066222455,0.01693508,0.0019244619,0.004953024,0.7279955,0.026757095,9.0862784e-05,0.58935106,0.038455937,0.07001843,0.0010396764,0.0012668968,0.011996393,0.010908679,0.013083591,0.015852487,6.790813e-07,0.5711752,0.012353133,0.0023705175,0.001383798,0.04033769,0.00025423904,0.0004009177
2326,0.025618808,0.021840967,0.004224968,0.0038191483,0.15523647,0.083640836,0.0036574306,0.13188154,0.0133040985,0.10841713,0.001416193,0.0016859695,0.92191947,0.008357699,0.0037487082,0.33659822,3.8212856e-05,0.023070728,0.13039993,0.006959045,9.217092e-05,0.51958907,0.00020446497,0.00035506455
2327,0.72931635,0.4365317,0.005448332,0.0023157871,0.030520665,0.010861518,0.006448438,0.08686448,0.0076719206,0.054939073,3.8468726e-05,0.011851659,0.32933143,0.00036494894,0.0005260056,0.06751657,3.829253e-05,0.010610706,0.8840312,0.0012278863,0.00022743554,0.50125563,0.013967093,0.00015905792
2336,0.008184716,0.00872591,0.001288288,0.02457271,0.4507226,0.06452088,0.006262708,0.71445596,0.013913731,0.050462708,0.006661935,0.0044276416,0.12710983,0.018209837,0.008014765,0.11816032,3.247695e-05,0.3600718,0.06984241,0.0030823892,0.002142775,0.21334897,0.0033161882,0.0003142195
2341,0.15222181,0.013701722,0.00045052683,0.00513743,0.4237157,0.76461315,0.0003904719,0.38649446,0.0064255567,0.019080436,0.07720502,0.0016219389,0.109707914,0.0064575914,0.010184742,0.48745602,3.6558773e-05,0.16891739,0.0156026855,0.0042388393,0.00062866753,0.6976342,0.0005029953,0.0014324917
2343,0.010125761,0.004699362,0.00012723035,0.0052430113,0.47834566,0.12673604,0.000119355806,0.6976243,0.006328709,0.029439626,0.0073946095,0.00062420784,0.09543126,0.004768936,0.0034797862,0.11673383,9.0428654e-07,0.37263176,0.016642768,0.00057148776,0.00039960738,0.28643367,0.00018507605,0.00021974521
2349,0.1280419,0.13789451,0.02755637,0.0033575129,0.8589239,0.16698015,0.0004313201,0.20040862,0.24192685,0.10881833,0.001404131,0.0013337613,0.037148565,0.022017192,0.032466624,0.026625372,1.1189025e-05,0.19269344,0.03700238,0.017660925,0.03233505,0.090654574,0.00030831576,0.005858439
2352,0.03839666,0.015977485,0.0008524842,0.0063446276,0.2762226,0.23554523,0.00050895923,0.5353056,0.012255767,0.07994358,0.014595527,0.0015694466,0.53270686,0.005713146,0.0047830376,0.3216139,9.61072e-06,0.14720985,0.05194859,0.0020455408,0.0002850656,0.548888,0.000596008,0.0010046455
2353,0.00014510292,0.001086839,0.000664625,0.34574723,0.36380932,0.0045244545,0.034139737,0.7372562,0.007828364,0.00052299665,0.0011711942,0.020069957,1.4325847e-05,0.83293617,0.33053398,0.00084516197,0.00013942439,0.59528065,1.6307478e-05,0.004299082,0.11553495,0.0006198106,0.001026306,0.0010177055
2355,0.5771649,0.3276619,0.004025964,0.0038581537,0.28609672,0.39263722,8.0808204e-05,0.35937023,0.030505076,0.069698215,0.008942079,0.007980441,0.041545976,0.0010985907,0.0061169807,0.050663285,9.122171e-06,0.0897742,0.01979968,0.0032601506,0.0006090841,0.41474557,0.005110664,0.21196339
2356,0.04709617,0.080711365,0.0070308847,0.048263013,0.34495607,0.05666086,0.0040817903,0.772366,0.052581284,0.072289765,0.010637441,0.035672948,0.05371053,0.020248309,0.02095673,0.06488279,0.000107746855,0.4158331,0.03920427,0.005492644,0.013331524,0.13203467,0.05280851,0.009046816
2359,0.28851178,0.1177747,0.0023394935,0.0073605417,0.3753684,0.51651603,0.00040776315,0.51354516,0.03041458,0.03176677,0.011077017,0.005392664,0.023404116,0.0031641617,0.0059595266,0.04818849,1.9870135e-05,0.08176113,0.009666186,0.0042872424,0.0032456254,0.2828504,0.0014829965,0.12832034
2361,0.11552491,0.05668509,0.0015932831,0.0074352142,0.2325519,0.1724081,0.00050210935,0.5831273,0.01458554,0.09821949,0.01134606,0.0051907375,0.27442375,0.0020817383,0.0047522285,0.25895786,1.0923518e-05,0.22081341,0.122876674,0.0017014528,0.00046072993,0.57014,0.0047278283,0.0017017307
2365,0.09066025,0.0565484,0.003726388,0.009778482,0.7039885,0.121346354,0.0013927493,0.52599996,0.045427598,0.032911073,0.0024513158,0.004694382,0.014737224,0.0110779675,0.010916384,0.025608664,1.6907043e-05,0.3072208,0.04102115,0.0050022323,0.025344746,0.13206902,0.0043515987,0.003182329
2368,0.1418643,0.14027977,0.0051161856,0.10859597,0.15881446,0.022748344,0.032236055,0.76071346,0.018482145,0.010396867,0.0030573457,0.1813653,0.0068659126,0.014010428,0.012342847,0.019194463,0.00069086003,0.26281288,0.022667829,0.004731,0.028603366,0.07671879,0.63794315,0.008246281
2371,0.086417705,0.07915381,0.008323714,0.013717433,0.16269991,0.08269047,0.007651209,0.4422188,0.033452507,0.16254368,0.0038290864,0.009199976,0.70302904,0.0070926193,0.005188756,0.25097883,7.402963e-05,0.077831894,0.25983024,0.005483277,0.0008466815,0.47986645,0.005755222,0.0024111106
2376,0.032600425,0.01303802,0.0010652578,0.00374393,0.2251484,0.20705467,0.0006677768,0.28643563,0.00919058,0.07068191,0.005940357,0.0010221418,0.82480925,0.0069424897,0.0036379686,0.37442905,1.1343753e-05,0.060810823,0.065150596,0.003072091,0.00012515645,0.6042555,0.00023327394,0.0004845959
2382,0.06025888,0.049473938,0.0039154524,0.030668905,0.6410017,0.04496958,0.004943691,0.5590076,0.056351494,0.009541474,0.0011546225,0.008429274,0.0056298785,0.06843024,0.026944103,0.006790002,5.541817e-05,0.28503314,0.009307457,0.004068331,0.2822621,0.036688317,0.012811743,0.006284155
2383,0.01628629,0.011769877,0.0007347557,0.008783429,0.6444802,0.105501145,0.0003220375,0.64427954,0.01650216,0.03921209,0.006981125,0.0020071857,0.034322176,0.013266707,0.012225995,0.07140562,4.1422704e-06,0.50913477,0.023528332,0.0021466827,0.0023957358,0.17672415,0.0009578875,0.00053649436
2384,0.03839781,0.17985979,0.22550352,0.01742617,0.8099796,0.06051841,0.0065865717,0.14242081,0.42632946,0.24188146,0.0019391443,0.0069149984,0.048219763,0.122050874,0.14958446,0.032905255,0.00018627247,0.21517801,0.021480255,0.14232707,0.025798606,0.035215165,0.0007456647,0.01101342
2385,0.6834501,0.3296487,0.0049596205,0.0039839274,0.17678075,0.20385866,0.0006071971,0.33313987,0.020277146,0.08425317,0.0026450197,0.00943284,0.19579558,0.0009817497,0.0024504776,0.10253754,1.9464424e-05,0.06307596,0.31298047,0.0021008821,0.0011124044,0.62587893,0.01848733,0.015178845
2393,0.23542789,0.12628888,0.01021739,0.0064774556,0.7594739,0.40415406,0.0006792708,0.31682962,0.11004082,0.047119368,0.0071003297,0.0033411991,0.028995004,0.015469915,0.021140438,0.056425363,2.738592e-05,0.15721728,0.02291283,0.012886898,0.026669087,0.1964257,0.001541929,0.020743908
2394,0.027311062,0.01709255,0.001765383,0.0071509667,0.7612307,0.1317534,0.00047586678,0.445132,0.029424235,0.04130901,0.006732762,0.0016970385,0.053218048,0.02672597,0.022606062,0.07203538,8.281399e-06,0.46242422,0.024539221,0.005278114,0.005705994,0.16562082,0.0008479918,0.0006637413
2396,0.49268115,0.23801449,0.008724339,0.009741075,0.33287522,0.18972014,0.0032872,0.45705953,0.043830205,0.07226473,0.0038767739,0.0128773665,0.16524266,0.004311276,0.004991469,0.09198113,7.7538774e-05,0.119467564,0.35991448,0.0039303377,0.01656829,0.49779582,0.034400348,0.010880095
2403,0.37529173,0.39840648,0.056949235,0.01736278,0.17103483,0.005878229,0.06800448,0.17497687,0.10009863,0.14990945,6.180765e-05,0.030259002,0.08598489,0.010267251,0.007026957,0.019282876,0.00030205885,0.05536191,0.686368,0.013301721,0.009385804,0.099146746,0.019894894,0.00082434417
2408,0.08094908,0.027769906,0.0014263192,0.0061436826,0.7854997,0.26272026,0.00054657046,0.41837573,0.025853537,0.012171019,0.0050287414,0.002052367,0.006487064,0.013912848,0.014662552,0.036300786,9.707589e-06,0.31044057,0.009070997,0.0052985772,0.014253157,0.14106444,0.0011900215,0.0018375226
2409,0.28759834,0.21116363,0.015509398,0.023765806,0.47810614,0.17290957,0.0049078343,0.5646116,0.086464904,0.08229689,0.008301159,0.024183972,0.09521536,0.01500452,0.017119536,0.07291892,0.0001392303,0.21703641,0.10620407,0.011196156,0.03759709,0.27999464,0.04617335,0.032843277
2416,0.048241556,0.0048253,3.845864e-05,0.009691977,0.19754805,0.45214105,0.0005793604,0.78929055,0.0014057484,0.0064297346,0.021606822,0.0014659602,0.0548966,0.0013818456,0.0007320241,0.18538873,5.250787e-06,0.13242413,0.012860284,0.00038697908,0.000342091,0.55963224,0.00050335546,0.000733789
2419,0.0009333645,0.0042481516,0.0010236561,0.0012932937,0.93661803,0.008357118,5.80965e-06,0.23574623,0.033414636,0.035692547,0.00023226325,0.000112920825,0.00158861,0.028220726,0.0474424,0.0039250785,4.7952724e-08,0.7967686,0.0012664162,0.002833481,0.00061121973,0.00674629,7.02432e-06,2.2043281e-05
2421,0.36655217,0.19723232,0.01065807,0.006227687,0.2229952,0.077564426,0.00469545,0.27049974,0.039805476,0.10306466,0.0010858978,0.0063781072,0.48228893,0.00525248,0.004237171,0.11592271,4.903483e-05,0.054260585,0.53044045,0.003845363,0.004241019,0.47269598,0.0083538,0.00226325
2426,0.72397876,0.72251254,0.066455826,0.001682396,0.18500166,0.014465271,0.00054866535,0.09952835,0.160877,0.37708798,6.914972e-05,0.008089841,0.18134102,0.0016310657,0.006117178,0.024902448,1.1743874e-05,0.044900216,0.6810875,0.0032952963,0.0014636063,0.2185048,0.0055578677,0.0035387618
2427,0.030685615,0.014559361,0.0012194104,0.0044340235,0.8083331,0.19793752,0.00019589702,0.36463672,0.027881388,0.030858394,0.0075339093,0.000870423,0.036126688,0.024971163,0.02520199,0.07584874,4.4373237e-06,0.44091943,0.012694109,0.005008345,0.0044940235,0.16894625,0.000288814,0.00056824216
2428,0.40374267,0.20265023,0.013089626,0.0020566774,0.44066688,0.25344327,0.00039259583,0.22243184,0.08101339,0.1601985,0.0024832948,0.0018510092,0.3296279,0.0037692043,0.008522633,0.1039753,1.6012884e-05,0.0638657,0.13511732,0.0067967074,0.0018869208,0.41981742,0.0013710427,0.010216898
2430,0.82014656,0.84396803,0.10903051,0.00023062037,0.16319117,0.0034579027,0.000113960465,0.018554676,0.24476814,0.5058007,2.2659292e-06,0.0018898248,0.20503274,0.0007191632,0.0039868285,0.008970316,2.1441977e-06,0.01468111,0.87866396,0.0014623043,0.00049792917,0.123225346,0.00054449914,0.0003896447
2433,0.28914902,0.037632693,0.0011390114,0.003214369,0.71489924,0.7053765,0.0002514151,0.3315416,0.024251938,0.011093751,0.012497482,0.0011078431,0.016036272,0.0059979763,0.008274649,0.098296635,1.3115095e-05,0.10792683,0.008760815,0.0053529157,0.008342943,0.36388636,0.0004593265,0.0051001115
2437,0.38372,0.0748245,0.0013220161,0.0051490953,0.50389904,0.4425021,0.00060023455,0.45355958,0.015735706,0.020591367,0.009541552,0.0031746952,0.05327015,0.0032305599,0.004590119,0.1042992,1.8429018e-05,0.13868003,0.058845907,0.003175889,0.0060412684,0.52656627,0.0047980812,0.0058789672
2443,0.6094239,0.8541353,0.29482552,0.0007784598,0.36225954,0.0060850307,9.259606e-05,0.037806444,0.524458,0.6434672,2.0711843e-05,0.00444141,0.10282564,0.0022136085,0.022106634,0.012047763,3.461131e-06,0.05333881,0.38834623,0.007123796,0.0008718627,0.05346191,0.0010622106,0.0028902288
2448,0.033917893,0.012019825,0.00019395075,0.016330367,0.2617082,0.24582921,0.0006032283,0.80483997,0.005196357,0.01927669,0.026697062,0.0040645306,0.06931924,0.004680778,0.0035329189,0.14756514,1.01890355e-05,0.28306526,0.017239617,0.0008165482,0.001197531,0.40018508,0.0020632264,0.0024899892
2454,0.21441866,0.036238283,0.00066531263,0.023666054,0.33585265,0.45364755,0.0030356152,0.7401959,0.011106186,0.009176778,0.020833226,0.009200219,0.028259864,0.008336921,0.0050120247,0.094699234,7.6997356e-05,0.1656842,0.025035128,0.0022081512,0.030002795,0.41623995,0.009767772,0.010205091
2460,0.0005379861,0.0007814041,4.660582e-05,0.00058881106,0.91375595,0.010388815,1.0257701e-06,0.3642568,0.00496563,0.010692679,0.00028996696,4.285788e-05,0.0013011608,0.010309551,0.014778561,0.004573319,6.7022423e-09,0.84589255,0.0008790281,0.0003694873,0.00012930861,0.014118284,3.781443e-06,3.2733324e-06
2461,0.02622817,0.020980122,0.0048757135,0.086816095,0.63399935,0.031947177,0.079157814,0.37097332,0.082830355,0.0011909067,0.00015930271,0.0045771175,0.00019099975,0.36436403,0.059654888,0.00071493397,0.0001392364,0.09123641,0.0007300775,0.0058973385,0.9481948,0.003582462,0.00049102143,0.007829505
2466,0.0029963157,0.005138066,0.00519738,0.05571458,0.21564436,0.01780007,0.6918146,0.19177525,0.0070426827,0.010467026,0.00014120046,0.0121283075,0.061899655,0.10388867,0.0048559564,0.027476132,0.00068105885,0.021807155,0.031674337,0.01900528,0.0022173095,0.058690727,0.000598826,0.0003100587
2469,0.2684531,0.4752102,0.093319714,0.025640905,0.22589286,0.018281626,0.0054870564,0.49125883,0.21956007,0.41227746,0.0017526227,0.062382247,0.10288641,0.010055748,0.027947066,0.058046605,0.00016417797,0.27094126,0.31401277,0.016839363,0.0048696096,0.12848961,0.06294642,0.009595938
2472,0.090222694,0.3454529,0.29440793,0.0054092184,0.6456999,0.0066009713,0.007531064,0.07487698,0.4944236,0.39822662,4.362274e-05,0.0036064615,0.08436821,0.030729935,0.050971456,0.011556952,4.34475e-05,0.09508492,0.25092506,0.04665969,0.010650662,0.024968619,0.00031823615,0.0007794853
2475,0.036771175,0.022515314,0.0010653117,0.015594339,0.32042843,0.13616674,0.0013639163,0.72019994,0.012525732,0.074297525,0.014769163,0.005879001,0.17725508,0.006115616,0.0065050367,0.23100375,1.9698518e-05,0.36940992,0.10818891,0.0018224856,0.0011740644,0.43625927,0.004540037,0.0008363309
2479,0.18604803,0.13303657,0.008706954,0.01382763,0.23250654,0.13503352,0.005219796,0.44883257,0.039258063,0.10963292,0.004863509,0.012031712,0.47117117,0.008063769,0.006235754,0.14114833,8.0140046e-05,0.07896516,0.16228883,0.0065082978,0.0028776766,0.42616308,0.011888739,0.01670847
2482,0.00435491,0.010168828,0.0176002,0.17339335,0.3571763,0.028596321,0.66862196,0.2634269,0.0286802,0.009363743,0.00080563163,0.04038569,0.005126309,0.53035355,0.08364345,0.012369172,0.0033715647,0.07625624,0.0035150938,0.06362729,0.039221182,0.015885595,0.0019276574,0.0039232876
2489,0.003722501,0.008468414,0.0005793163,0.024786562,0.35089406,0.029868616,0.0006248108,0.8506479,0.017226486,0.03391558,0.004239227,0.004464099,0.024055108,0.01767731,0.007882534,0.030464083,5.3080316e-06,0.46399432,0.008273632,0.00076511985,0.0024518406,0.05755778,0.0015193607,0.0011502715
2490,0.1382846,0.09442043,0.013866542,0.0021739388,0.8575764,0.1353365,0.00040977268,0.20081699,0.1812485,0.07430783,0.00059537357,0.000679827,0.037485585,0.017772678,0.017760338,0.016571226,7.2857065e-06,0.15803458,0.06003865,0.009096958,0.05092074,0.09019869,0.00018457026,0.0026029318
2491,0.26950693,0.21638195,0.02342292,0.037335597,0.39480883,0.21481882,0.014209922,0.5409964,0.09831849,0.07542233,0.010645949,0.032470573,0.041563462,0.019689811,0.020194069,0.06815832,0.000429955,0.1493868,0.05702611,0.019369585,0.035997365,0.21021913,0.028365579,0.055826675
2493,0.783517,0.41912732,0.00915576,0.0023459252,0.18870439,0.12720188,0.0008931962,0.1849441,0.028398609,0.083585374,0.00074231724,0.006499557,0.15916829,0.0010066945,0.0022759722,0.06726831,3.1847256e-05,0.042555217,0.61990774,0.002014323,0.0025463402,0.57909983,0.012749747,0.0036641455
2494,0.39671156,0.07992865,0.0038383936,0.02602924,0.32953766,0.62788564,0.01708502,0.51075685,0.017322222,0.017428026,0.02864643,0.017206252,0.05200947,0.011162063,0.008485456,0.16336353,0.0005676978,0.087689504,0.050918054,0.0114034405,0.018080436,0.5411329,0.013852003,0.02768183
2496,0.021640204,0.06015991,0.0073029953,0.03436292,0.3610898,0.037968624,0.0024259745,0.765751,0.07883751,0.08988747,0.003993592,0.014987179,0.05402018,0.019648442,0.013916381,0.03487866,3.3974302e-05,0.30699942,0.021288406,0.004617604,0.008208921,0.06698148,0.0077722617,0.008457882
2497,0.056980345,0.06912359,0.006858699,0.0090674665,0.5119153,0.13692151,0.00043140588,0.5577066,0.06610154,0.14388214,0.009339411,0.0052216398,0.10163317,0.010704003,0.019370712,0.13035722,1.2652329e-05,0.36169294,0.045681287,0.0053886375,0.002493419,0.22808403,0.0023603893,0.00361336
2502,0.15409653,0.44705573,0.1353777,0.0029056203,0.32595542,0.013541081,0.00030612107,0.19836381,0.3725881,0.6190169,0.00033019934,0.005523329,0.2695732,0.005618257,0.027927049,0.05272687,7.4366694e-06,0.15206186,0.2053432,0.0103834,0.0007371992,0.0982606,0.001453575,0.0027869097
2504,0.014828542,0.0080838585,0.00019901322,0.010555991,0.4768527,0.106114894,0.00033408173,0.76343226,0.0055328077,0.018079204,0.0074621723,0.0027328543,0.019943703,0.0053128707,0.0048773037,0.06633852,3.5670369e-06,0.4869094,0.020722117,0.0007194175,0.001336077,0.22770166,0.0017727534,0.00045557186
2511,0.541806,0.046013635,0.00015838684,0.006784014,0.2179826,0.7399425,0.00046489167,0.62377393,0.0018210782,0.0038678918,0.03212709,0.0063159713,0.011780135,0.0005356324,0.0013986975,0.15619472,1.9430927e-05,0.106622785,0.016014894,0.0010609728,0.00084247487,0.7531899,0.008548786,0.0073762615
2512,0.0039973534,0.013507383,0.02221076,0.002169035,0.400256,0.03523687,0.0020163925,0.054507405,0.07409757,0.29743174,0.0006795721,0.00038346578,0.9452826,0.037725996,0.022082832,0.25013518,2.2779896e-05,0.03566216,0.058890108,0.03253689,9.4589166e-05,0.25746286,8.529442e-06,0.00013132862
2520,0.44915918,0.05369835,0.0010112018,0.004507802,0.44480753,0.67947984,0.00073673745,0.43294665,0.01201795,0.016298257,0.018478213,0.0023738637,0.048454028,0.0020892501,0.0034562682,0.20903791,3.3648994e-05,0.09433152,0.05245201,0.0031870538,0.003386912,0.6469892,0.0028191537,0.003476259
2524,0.5105127,0.30613425,0.008170243,0.014979831,0.26949742,0.20545267,0.0019888093,0.5534467,0.04158757,0.07334519,0.008235993,0.026019685,0.08502802,0.0033405405,0.0071358564,0.079457685,7.621338e-05,0.1517967,0.12016358,0.0052523254,0.0078970445,0.43649602,0.051768694,0.051177226
2529,0.20751268,0.1886668,0.022880815,0.0013033828,0.24958615,0.028418858,0.00060618547,0.112840556,0.093533866,0.28889838,0.00024710989,0.001370433,0.72394574,0.003458279,0.007007457,0.10631507,8.396574e-06,0.047829594,0.50737834,0.0038500894,0.0006527768,0.3462437,0.00056740275,0.0004013471
2530,0.18593755,0.16162579,0.029990913,0.0025640288,0.6421124,0.09186858,0.00089679356,0.19360232,0.17652759,0.18162522,0.0007188278,0.0013957222,0.3509825,0.012693106,0.014874749,0.055791583,1.3833783e-05,0.09887845,0.23274283,0.009715121,0.013260789,0.22129586,0.0007748418,0.0023719717
2538,0.3663426,0.028962908,0.00075394224,0.015437657,0.49422607,0.7028481,0.0056332694,0.54475236,0.010130485,0.0032080912,0.016110748,0.0059438697,0.0073449854,0.0083110295,0.004818795,0.08761795,0.00011077225,0.095096044,0.013990524,0.003846748,0.057501882,0.42021054,0.005321953,0.005699151
2539,0.017768783,0.021015577,0.0023968006,0.014597538,0.16292658,0.08116241,0.0039044488,0.5500561,0.01540743,0.14276418,0.0065786177,0.0049450872,0.7852052,0.0063383267,0.0036931725,0.349958,3.161513e-05,0.115168035,0.15525642,0.0028221055,0.00024782764,0.5048797,0.0020212142,0.0006837314
2541,0.052853703,0.03947966,0.0038491604,0.0012274717,0.15825807,0.040804695,0.0004592315,0.13551821,0.020701826,0.15013894,0.0004134869,0.00059324864,0.90664524,0.0032109134,0.0026029341,0.21708569,3.5969408e-06,0.030111635,0.29621604,0.0017612485,0.0001085765,0.4956713,0.00015943189,0.0001306104
2547,0.03217143,0.02251776,0.001268707,0.0033330948,0.77458954,0.08765867,0.00013263065,0.48002246,0.031416524,0.036901236,0.0016589618,0.0009264837,0.015519945,0.008603858,0.009834262,0.023475204,1.5176355e-06,0.42965573,0.02311927,0.0024616332,0.0051106326,0.10377061,0.00036899507,0.0006574701
2551,0.05050257,0.06619299,0.017238291,0.011568512,0.7742985,0.056863084,0.004333828,0.38556993,0.10782576,0.08978262,0.0012616497,0.0038137601,0.04329153,0.033580296,0.02558753,0.025455197,3.2416792e-05,0.3176097,0.08571637,0.014308737,0.03090823,0.080641516,0.002238726,0.0016925272
2555,0.113255896,0.036300655,0.0027224154,0.020691525,0.47751728,0.3087874,0.0072974116,0.6262276,0.028293686,0.04344484,0.014799792,0.006175895,0.14989498,0.017073518,0.008197724,0.16300878,0.00010235244,0.18789667,0.0950486,0.0063049914,0.016813077,0.41442257,0.005455781,0.00418334
2557,0.01445698,0.034037866,0.011915157,0.019251268,0.6876999,0.06371824,0.00190283,0.48952132,0.08291738,0.11304723,0.0064122393,0.005067845,0.068071045,0.059135593,0.047716334,0.070200115,2.9492647e-05,0.47258982,0.027383441,0.015614466,0.007580003,0.09260935,0.0017472816,0.0016948442
2558,0.5521225,0.3965636,0.0063514817,0.007966482,0.11036483,0.10015232,0.00068871304,0.46541744,0.024820263,0.10164279,0.0030421738,0.025486652,0.16856459,0.0011114521,0.0029160024,0.06863198,2.4240111e-05,0.078483514,0.16061316,0.0018264106,0.0009776573,0.46357232,0.05386189,0.05000873
2560,0.023778083,0.009884689,0.0005413525,0.0023630653,0.5410371,0.14766458,9.095328e-05,0.46349254,0.014643007,0.059193812,0.004419557,0.00041521437,0.28453094,0.0068052746,0.00572261,0.16307022,1.1562976e-06,0.27032435,0.04042626,0.0013099038,0.00050314725,0.36805403,0.00016473528,0.00017697956
2563,0.046403017,0.025009751,0.0014080079,0.012890939,0.29767695,0.16257808,0.0015618519,0.6387738,0.014769434,0.0819499,0.013717512,0.0043853265,0.3526124,0.006698971,0.006053975,0.29351598,2.352916e-05,0.25475982,0.14080356,0.0021421788,0.0010785875,0.5214906,0.0036637257,0.0007809336
2566,0.07066855,0.07002285,0.009541894,0.06421917,0.42934778,0.10373668,0.016693639,0.70757157,0.04991187,0.05321305,0.01530621,0.03864042,0.046830926,0.045172732,0.032168385,0.08687069,0.00038775217,0.38230136,0.061852254,0.011282754,0.03739135,0.1774996,0.06315282,0.007884062
2567,0.28283763,0.017352752,0.0002766111,0.0046573724,0.2602055,0.78032786,0.00044130548,0.41974765,0.0030739012,0.013896836,0.057421464,0.002027637,0.13854614,0.0023571947,0.0037542759,0.4593427,3.0420864e-05,0.10017714,0.023565626,0.0025266034,0.00033614444,0.7958578,0.0008954258,0.00180335
2568,0.45466664,0.02384854,0.0002535859,0.006300691,0.42560247,0.719236,0.001036813,0.5659316,0.0064590145,0.0034826526,0.0123224715,0.002074091,0.012160096,0.0030210915,0.0020994423,0.07980375,2.1315233e-05,0.07230102,0.018899921,0.0014430633,0.020351514,0.5325612,0.0014391596,0.0044272547
2573,0.23377085,0.028617581,0.00038469568,0.004862267,0.6354033,0.59724796,0.00030562532,0.4797146,0.008141591,0.004538793,0.013650336,0.0024116568,0.005094281,0.0034661035,0.0057205185,0.071597755,8.7536055e-06,0.18749061,0.0070286747,0.0024928951,0.0055485726,0.37008166,0.0015825882,0.003623012
2587,0.028142517,0.02178158,0.0022101987,0.019329846,0.5446502,0.16669957,0.0014607782,0.65461993,0.026600173,0.06415644,0.02114205,0.006004228,0.10349553,0.026101282,0.020740688,0.16791156,3.1801792e-05,0.44472286,0.04281669,0.0049029742,0.0046058362,0.2727343,0.0037236558,0.0018655849
2590,0.012036036,0.013059231,0.0017086148,0.028451424,0.7091144,0.03311534,0.0020667226,0.5506567,0.0280799,0.0087140445,0.0019109334,0.004065204,0.0023275875,0.11429645,0.051185526,0.009024371,1.6780416e-05,0.52200997,0.0037068494,0.0040764166,0.065386266,0.024784831,0.0024654253,0.001010607
2591,0.010618829,0.007893695,0.00465496,0.080230296,0.34050763,0.030712832,0.7227422,0.29877242,0.011991675,0.0029422084,0.0001644283,0.014220393,0.0025416468,0.19015513,0.011750951,0.005817387,0.00075456745,0.035989117,0.007833235,0.0165096,0.06654223,0.022237085,0.001415351,0.0012948003
2593,0.026573714,0.02340611,0.0042087957,0.014332294,0.72730756,0.10502957,0.0026318606,0.45369455,0.051154744,0.05335629,0.0056127105,0.0026128779,0.07303042,0.046451338,0.024940828,0.062825516,3.0818766e-05,0.3606061,0.039790608,0.008572608,0.020093372,0.14281283,0.001152089,0.0013667203
2597,0.81391895,0.41152424,0.0030998415,0.005705459,0.07370715,0.10788205,0.0025407777,0.288134,0.005162785,0.022588698,0.0010649794,0.033397585,0.058242183,0.0003156084,0.00077779795,0.0737733,7.993129e-05,0.04384805,0.5592313,0.0013476833,0.0010604807,0.6799671,0.12944272,0.0026675777
2599,0.23330872,0.082622826,0.0024802317,0.01616415,0.16788907,0.2733056,0.0052772425,0.56053364,0.009761598,0.048188075,0.012482133,0.015094794,0.27338585,0.0025682433,0.0027724958,0.24384287,0.00011928833,0.09389234,0.17630571,0.0036286577,0.0011894153,0.63522375,0.019411962,0.0053379773
2604,0.019051319,0.009166776,0.0008475552,0.0047069914,0.20484455,0.25758845,0.0005538212,0.29101905,0.0074784043,0.08626686,0.01680962,0.0011977775,0.85026604,0.006589815,0.005185299,0.52635396,1.7050517e-05,0.078680314,0.035410706,0.0034892373,4.349036e-05,0.6387422,0.00018324217,0.00048472526
2606,0.0896442,0.041922525,0.001880337,0.009860273,0.27538255,0.21260087,0.00186219,0.56120324,0.02070051,0.06318029,0.007560486,0.0037091132,0.4242024,0.00594232,0.0035710805,0.1623531,2.3622802e-05,0.09221454,0.06496185,0.002955859,0.0016610909,0.44648996,0.0023509567,0.006270684
2610,0.03913973,0.018910259,0.00090676703,0.025784658,0.38383055,0.21037099,0.0033803545,0.76524645,0.013110192,0.028668894,0.017586716,0.0076855314,0.071137145,0.011675071,0.0068885647,0.13536143,4.443687e-05,0.2967112,0.038855452,0.0025240895,0.004977748,0.31697857,0.0057019237,0.002669608
2612,0.12430387,0.10878898,0.004301407,0.039182376,0.18046771,0.13490005,0.004201156,0.75856507,0.028904462,0.08057996,0.021889882,0.03519684,0.15819383,0.008438601,0.010134157,0.15108058,0.00014476474,0.25364256,0.0709475,0.0036936428,0.0050552767,0.36470857,0.040707495,0.020979367
2624,0.19799037,0.0864411,0.00254729,0.026487742,0.4244042,0.23700827,0.0022155957,0.672547,0.022382857,0.019977918,0.019398386,0.02275582,0.026196582,0.012647108,0.016121287,0.08071256,8.185398e-05,0.33516794,0.03075534,0.0044661337,0.026431616,0.322918,0.04655606,0.015173131
2632,0.10433618,0.058463097,0.0032501547,0.008142096,0.16293898,0.08768846,0.0053603896,0.3654287,0.014578899,0.075335525,0.0017631357,0.0047183805,0.6792165,0.0048614433,0.00216063,0.1924226,3.3541473e-05,0.05081038,0.33725867,0.002526667,0.0008542629,0.51316035,0.003238077,0.0010681017
2634,0.14831536,0.03316505,0.00048799362,0.018708155,0.16451778,0.32010502,0.004379327,0.7355586,0.003998489,0.014472104,0.012511897,0.010604967,0.10261958,0.002070533,0.0012767556,0.17094351,5.8400987e-05,0.110881746,0.08074786,0.0011288017,0.0018488492,0.56331277,0.013697513,0.0029403027
2635,0.64263177,0.42018977,0.017004332,0.005739682,0.1797023,0.04677101,0.0057875463,0.2212728,0.037764795,0.09624271,0.00049348455,0.016739255,0.18315923,0.002065878,0.0032107104,0.06664435,0.000107536645,0.056613397,0.7296026,0.0038720276,0.0047274693,0.4345042,0.038324717,0.0018771804
2643,0.30830422,0.43694007,0.09869888,0.0036468236,0.46103874,0.027246695,0.0013213195,0.18281314,0.30334702,0.38611543,0.00032638322,0.005249235,0.26099637,0.0077988524,0.020458778,0.04384807,2.1246293e-05,0.1097983,0.41717622,0.010989361,0.006825114,0.1517295,0.003194198,0.0029979642
2645,0.029441508,0.0131352255,0.0005160445,0.012272528,0.60672104,0.08915475,0.0011946919,0.6740267,0.014928562,0.012925302,0.0025311767,0.0025147547,0.010948464,0.014348584,0.006723746,0.023355117,8.565545e-06,0.363888,0.022494592,0.0010920193,0.020655934,0.118897684,0.001887909,0.0008736327
2649,0.0030076886,0.0042574103,0.0003636506,0.0023263178,0.82156646,0.029003328,1.9088136e-05,0.49318436,0.012586785,0.033641987,0.0014688589,0.00040340502,0.007430785,0.01165058,0.017712787,0.0198928,1.9246079e-07,0.7516477,0.006592693,0.0012618379,0.00046295498,0.049540997,7.6662385e-05,4.1531384e-05
2655,0.24525109,0.1412518,0.013362632,0.0042512673,0.4180673,0.10836614,0.0019772847,0.2775297,0.080176175,0.12955143,0.0014252424,0.0023614268,0.48578358,0.009021916,0.007554448,0.09687359,2.6131787e-05,0.073053926,0.32313597,0.0054256334,0.008202704,0.37980416,0.0024006139,0.0027655133
2657,0.062222958,0.010993587,0.00047819086,0.009472692,0.31131086,0.44204882,0.0010325217,0.576275,0.0076857787,0.035167746,0.026982997,0.0019566761,0.29418063,0.008714061,0.005135714,0.33401266,2.3651679e-05,0.14494857,0.041818902,0.00256826,0.000900502,0.6030479,0.0006431641,0.0012873645
2658,0.50936824,0.3103395,0.02398865,0.013151845,0.29107004,0.17179316,0.009225385,0.34003967,0.06287262,0.12741233,0.004985093,0.018640712,0.24511126,0.00565016,0.009661717,0.14296444,0.00026754886,0.08930737,0.3683092,0.013263192,0.006872693,0.49210358,0.032112412,0.011512589
2659,0.007943449,0.0067603565,0.00017063456,0.0109033035,0.57817644,0.0520569,8.920692e-05,0.7369946,0.004614086,0.0072315717,0.006015149,0.003765203,0.0019246825,0.010567667,0.014621714,0.020886078,1.550993e-06,0.7189574,0.0028804252,0.0007020276,0.0017265271,0.07273948,0.0028537365,0.00038073672
2660,0.30117917,0.014447444,0.0002454191,0.002720341,0.55127263,0.7639863,0.00025461309,0.32304034,0.0058625843,0.007863921,0.032157943,0.00071135175,0.08599579,0.005382916,0.005977414,0.27430734,1.598963e-05,0.11863448,0.015801208,0.0027651687,0.0022725575,0.6599449,0.00037506103,0.0012398174
2661,0.22284487,0.021140976,0.00038229759,0.003098642,0.68296015,0.5290214,0.00033143317,0.4553325,0.011812593,0.005841938,0.0058678086,0.0009181192,0.008725149,0.004200135,0.0037618703,0.049813997,6.762817e-06,0.14182577,0.015073952,0.0017617088,0.013427136,0.32709017,0.0005265839,0.0016474042
2665,0.35698202,0.19765247,0.008884256,0.008799359,0.25366622,0.08997691,0.0042337175,0.36787948,0.03352113,0.09044624,0.00187385,0.011045997,0.3408698,0.003979466,0.004229209,0.114129856,5.726039e-05,0.09044883,0.44762233,0.0038476214,0.00454022,0.46687746,0.024405172,0.0030956266
2667,0.20969743,0.047010195,0.0014011821,0.009963204,0.27975002,0.44057578,0.001558266,0.5622963,0.012393018,0.04555071,0.021044027,0.0052444017,0.20072338,0.0036432543,0.004594003,0.27248544,5.0228096e-05,0.12871085,0.08676673,0.0035095415,0.0016528526,0.64761007,0.004284807,0.0041768136
2668,0.47114676,0.31685585,0.0019242807,0.06856699,0.036836527,0.028222034,0.013271931,0.73073614,0.0046001626,0.0041774847,0.0020522918,0.3294213,0.005222113,0.0013446215,0.0021181984,0.015208505,0.00044478485,0.10917715,0.022538034,0.0014151847,0.0053358185,0.18153556,0.86753565,0.020156302
2671,0.01151736,0.02027524,0.0010937278,0.032354414,0.36854312,0.04528327,0.0007494129,0.82535535,0.015440601,0.030951707,0.011002026,0.01576208,0.0117060775,0.016475288,0.018440213,0.04266052,1.7773566e-05,0.6116283,0.009414318,0.0019320538,0.0030059875,0.083160825,0.011311787,0.0022697633
2672,0.12318929,0.22247998,0.080979906,0.07382477,0.4770871,0.08084726,0.05531816,0.39869553,0.18465897,0.12728293,0.00708904,0.05168304,0.08863897,0.10055602,0.06427917,0.055768527,0.0013919829,0.18016204,0.061252233,0.05948087,0.05472011,0.1056893,0.039240003,0.05786636
2674,0.3600685,0.27466378,0.013351221,0.031907137,0.31353974,0.14572135,0.006991823,0.6036008,0.06186453,0.066875435,0.008788577,0.043337446,0.096876614,0.009236473,0.011892863,0.06898551,0.00023054585,0.16671382,0.103663705,0.008859242,0.027930997,0.3059488,0.10909859,0.05688833
2679,0.3694195,0.061725207,0.0024049068,0.0055784066,0.587293,0.5791811,0.0011728185,0.39571527,0.030392855,0.026054984,0.012607919,0.0024252615,0.078586824,0.0071894913,0.0074683456,0.13994801,5.0402843e-05,0.10797762,0.054575726,0.0062078633,0.013771407,0.49484113,0.0022725204,0.0062005166
2681,0.356776,0.20579933,0.008540284,0.00714785,0.20226274,0.10494664,0.0022667644,0.35998732,0.034539916,0.114472404,0.0021705618,0.009278011,0.4233162,0.0033955842,0.00413568,0.13928765,3.3738444e-05,0.07492589,0.35735753,0.0034681992,0.002114722,0.52022827,0.01543968,0.0047430336
2693,0.033272758,0.057728942,0.0052184947,0.11528762,0.23052937,0.06226819,0.010979509,0.8403425,0.036853738,0.034948543,0.020364398,0.08261704,0.025521042,0.05788339,0.036416758,0.05822496,0.00043553257,0.43841147,0.016700292,0.005207063,0.031527106,0.09773511,0.097891726,0.01831941
2695,0.035070088,0.00947017,0.00020912917,0.008552717,0.6612814,0.1622806,0.00041055822,0.63307786,0.0073271366,0.0041219303,0.005068653,0.0020857041,0.0041764905,0.01175593,0.007916139,0.023102554,4.4480853e-06,0.37803477,0.0043636244,0.0013497847,0.0124135725,0.12831426,0.0019671193,0.0009991894
2702,0.30457863,0.46825868,0.022859484,0.042974003,0.20550874,0.038945492,0.0012714452,0.61966246,0.07295958,0.09245046,0.0064335098,0.16741881,0.010833283,0.0060438863,0.03150249,0.03190468,8.388542e-05,0.42177352,0.026038043,0.006925999,0.005954921,0.11548421,0.2701904,0.059733693
2703,0.5380941,0.029113987,0.00026927755,0.0033896333,0.42432043,0.82655823,0.00039697616,0.42974472,0.0049521457,0.004668888,0.017901175,0.0014708843,0.015848923,0.0014433943,0.002067046,0.14491929,1.8043833e-05,0.059359413,0.015279857,0.0019381045,0.0029896395,0.65913486,0.00089520315,0.0043871803
2708,0.011260579,0.013319243,0.0015219005,0.0036186548,0.8392736,0.047631785,0.0001258676,0.4136559,0.032863755,0.037922706,0.0012047477,0.0007651086,0.0109969005,0.019275274,0.02057121,0.017317604,1.214447e-06,0.5603057,0.012174528,0.0036639054,0.003440249,0.051230542,0.00020519539,0.00026018373
2711,0.3217394,0.7410265,0.14968708,0.0088613015,0.21324071,0.018145174,0.00024914794,0.37239853,0.33414355,0.56259423,0.0011827754,0.051002182,0.029866135,0.0023586238,0.025260609,0.025071481,1.6313654e-05,0.22988676,0.05692358,0.012266866,0.0005850389,0.060337886,0.018809613,0.0581633
2712,0.087902114,0.06807785,0.0070106164,0.08068837,0.4656064,0.11437937,0.021622457,0.6815307,0.08459813,0.010849134,0.0037053248,0.018933702,0.0067073693,0.10540022,0.030449042,0.0122804735,0.0002732531,0.19274187,0.009218842,0.0066312104,0.57108486,0.04860964,0.012335252,0.029923871
2713,0.5038651,0.069368005,0.0008596088,0.003017155,0.18050955,0.5211828,0.00072139234,0.3439751,0.005374628,0.022672502,0.0060213157,0.0025148764,0.2159145,0.0009385845,0.0012445671,0.20101112,1.9744557e-05,0.03542314,0.107064106,0.0019401505,0.0004980251,0.74014544,0.0020587917,0.0037541883
2717,0.026575163,0.04136545,0.0109685995,0.00879563,0.33696243,0.08743889,0.0018442965,0.37905458,0.05938995,0.23741938,0.0067190034,0.0035799828,0.73524624,0.014817616,0.014251636,0.26276162,3.9589748e-05,0.14929537,0.10609604,0.009674464,0.0007096934,0.36570978,0.001146273,0.0014012855
2719,0.20064475,0.09891058,0.003325023,0.050034855,0.3803203,0.20821694,0.0055735973,0.71650994,0.04060258,0.012091805,0.009580271,0.027142713,0.012273333,0.030988192,0.017769076,0.027720219,0.00015861128,0.22952229,0.014865646,0.0039726924,0.21220165,0.15537116,0.035229377,0.05053245
2720,0.7237695,0.13051286,0.0007229784,0.007750533,0.18746379,0.61867654,0.0009827736,0.53448534,0.0043253205,0.007852523,0.013966455,0.012236144,0.01858372,0.00064525194,0.0017146969,0.09961209,4.2239644e-05,0.07253354,0.048721023,0.0016800801,0.0022300154,0.73743254,0.026696112,0.017598609
2723,0.11728301,0.08495208,0.017246608,0.031204887,0.3659066,0.25147727,0.12425176,0.3107246,0.04464193,0.049020994,0.0046304474,0.017537888,0.17788476,0.035209976,0.011104249,0.11452973,0.0008996894,0.0473397,0.07670902,0.03141148,0.01186867,0.2729929,0.0039871377,0.024743218
2731,0.21139646,0.41012996,0.14531605,0.014969646,0.6504899,0.035918657,0.0028617135,0.26092663,0.35308883,0.26381877,0.0011310421,0.018420411,0.039028913,0.03120078,0.061133236,0.026025107,7.9082456e-05,0.2736147,0.123615734,0.03005403,0.030894807,0.062145766,0.015149705,0.010421751
2733,0.008103805,0.0106977895,0.0012570622,0.003504739,0.6293451,0.061832376,8.700344e-05,0.5394231,0.025909951,0.10613782,0.0031405748,0.000727057,0.15008688,0.01011921,0.010765981,0.10202403,9.2038863e-07,0.47383878,0.037516333,0.0017235127,0.00047202248,0.18378206,0.00021058266,0.00013020764
2734,0.29261553,0.13726957,0.0060152453,0.032089643,0.35017493,0.21815406,0.0104857525,0.623421,0.023919571,0.041840028,0.016819434,0.037243765,0.067877665,0.006475298,0.010176342,0.14863768,0.0002778015,0.24001895,0.15205236,0.008433101,0.011776366,0.4696869,0.11017492,0.008234462
2736,0.31154996,0.24886812,0.02934742,0.004966829,0.42092472,0.051710404,0.003006652,0.24351956,0.11686079,0.19783086,0.00080859807,0.005598406,0.36935958,0.00794308,0.011902292,0.08258976,4.838526e-05,0.11783256,0.5622092,0.0071661053,0.008449781,0.29777685,0.006739701,0.0015033762
2738,0.3134719,0.2117438,0.0008963494,0.1123492,0.018671507,0.010946404,0.03322893,0.8033594,0.0015973328,0.001476206,0.0013368606,0.5252013,0.0014923733,0.0007694195,0.001321015,0.010546429,0.000949351,0.12483219,0.011787955,0.0011127233,0.0019537313,0.10022782,0.9608579,0.004852897
2739,0.2389359,0.1730921,0.010036358,0.0041735745,0.1960734,0.049563836,0.0016773901,0.30958304,0.05107968,0.17278083,0.0008280534,0.0039293556,0.58048123,0.003397437,0.0037986615,0.11604743,1.5376587e-05,0.06313516,0.44290388,0.0025305878,0.0013793255,0.413385,0.004271928,0.0016133776
2740,0.6038368,0.72406316,0.08270543,0.004459492,0.22689092,0.04118804,0.00023521496,0.25650635,0.18780719,0.4728463,0.0010954379,0.026863594,0.097414635,0.0017360101,0.015714888,0.048181076,1.733571e-05,0.14884987,0.21310255,0.0068159187,0.0007763825,0.22082973,0.025389664,0.035019815
2744,0.004326573,0.028395152,0.0053411536,0.028765384,0.2584956,0.011796456,0.00077398244,0.8007432,0.059457853,0.2179328,0.0050248397,0.011865868,0.12645443,0.02004243,0.019677887,0.078806624,1.3344499e-05,0.5559382,0.028430752,0.0022964056,0.0007480444,0.06381608,0.004741049,0.0009495011
2745,0.6350179,0.35350174,0.0008146208,0.039953075,0.022990378,0.06987939,0.00707475,0.70806754,0.0016307746,0.0036834422,0.0036487437,0.28159288,0.0110103395,0.0002979937,0.0007062858,0.029096244,0.00021536872,0.07195759,0.0356334,0.0006694341,0.001215003,0.41521794,0.8001115,0.033449024
2747,0.1266376,0.10398898,0.006153972,0.008026909,0.19352756,0.09250568,0.0012108588,0.5306455,0.037059955,0.19744344,0.004971606,0.0061999527,0.5350806,0.0036503614,0.005401087,0.22466286,1.8360255e-05,0.14725885,0.22549054,0.002654611,0.0007270004,0.4865867,0.006098065,0.0026954878
2752,0.009150017,0.01776845,0.013286258,0.18646356,0.36345503,0.037806317,0.33350584,0.5052625,0.03852521,0.013211712,0.0022149517,0.049662422,0.0058767837,0.3860816,0.079498336,0.017721409,0.0017782474,0.17410846,0.006565953,0.028496066,0.08270035,0.025052011,0.009131843,0.005453633
2757,0.3106397,0.020763375,0.00020281321,0.0074620415,0.22336525,0.6900312,0.0008083978,0.6199378,0.0029217477,0.009887332,0.029701015,0.0028349,0.06738514,0.0019356646,0.0019110763,0.2515278,2.3635737e-05,0.096044295,0.031264808,0.0014398895,0.0010508357,0.7255787,0.0016411779,0.003077995
2767,0.03699038,0.06560243,0.012337837,0.00952079,0.8417208,0.0489726,0.000673035,0.34930208,0.12986547,0.05195652,0.0010681769,0.0030664895,0.00509919,0.03990337,0.04408193,0.009906246,9.668027e-06,0.43591654,0.012289119,0.011802723,0.03667942,0.030024033,0.0011559254,0.0028113548
2768,0.090774894,0.025532944,0.0008604537,0.009720876,0.66791743,0.22934581,0.0010441019,0.5660307,0.018914262,0.010330551,0.0053687505,0.0030804267,0.010165538,0.012666338,0.00889151,0.035372,1.3983361e-05,0.28060457,0.014280007,0.0028920113,0.024440454,0.17639294,0.0028397946,0.0026154441
2772,0.30090487,0.086251184,0.003183435,0.0041578347,0.37904054,0.38545495,0.0005781925,0.37262577,0.030197345,0.07348656,0.00873843,0.0023740681,0.3106994,0.0035713387,0.0059278347,0.2064223,2.1453254e-05,0.09337166,0.08568231,0.0047911704,0.0016527142,0.5798044,0.0022703249,0.0062130755
2779,0.055629026,0.08664985,0.0922773,0.049679846,0.50090545,0.06737624,0.3295594,0.17357537,0.1398825,0.11255022,0.0014733243,0.020089017,0.22174037,0.13576332,0.039409548,0.072899535,0.0025321108,0.06065192,0.1232941,0.102397345,0.036333766,0.119778536,0.0034943973,0.005952313
2780,0.09161992,0.0247225,0.0023617302,0.013343071,0.74194586,0.31843418,0.004125312,0.3707925,0.030827386,0.012969732,0.008192422,0.0034907712,0.023268707,0.04594261,0.02256482,0.05799202,6.63715e-05,0.20989534,0.012747762,0.010338564,0.04086177,0.18037243,0.0018126131,0.003812474
2782,0.009887182,0.0098713245,0.00091477577,0.0048560803,0.8264537,0.073738016,7.8793244e-05,0.42753497,0.021333292,0.02357159,0.003991182,0.0011511242,0.0073548937,0.026008256,0.03478393,0.029129721,1.4280982e-06,0.6432917,0.0044306843,0.0036521105,0.0023498312,0.061686292,0.00034290258,0.00032655848
2785,0.026335051,0.020050656,0.0020842575,0.02077616,0.54636914,0.07284135,0.0063807582,0.6838324,0.04058519,0.03785002,0.0019006787,0.0032356738,0.044565257,0.022317357,0.0065699387,0.030305594,2.006773e-05,0.22938563,0.049644053,0.0028127746,0.023701297,0.11397767,0.0013276064,0.0019744853
2786,0.009623822,0.009550257,0.00426073,0.32274002,0.035159696,0.030086866,0.9500438,0.3083715,0.0046093026,0.0013716649,0.00036413714,0.24722265,0.0040099276,0.31117117,0.009688606,0.01248299,0.02087616,0.01022353,0.0034586915,0.017260578,0.017924156,0.022761967,0.017595112,0.0051511033
2788,0.073451795,0.008151587,0.00027798588,0.007704967,0.6007453,0.60065734,0.00053325196,0.4552928,0.0060619367,0.009156547,0.05405306,0.0015796331,0.045658115,0.016634498,0.013937256,0.25791505,2.204694e-05,0.26697788,0.008139132,0.0038050655,0.0028586811,0.48635286,0.00060612825,0.0011671052
2790,0.44088423,0.35202956,0.020763442,0.0065476154,0.16666456,0.023854299,0.008106626,0.24049304,0.05206935,0.14597352,0.00029734152,0.015020836,0.24368626,0.0030501066,0.0044696294,0.07232486,8.460523e-05,0.06787174,0.7628132,0.0043798094,0.003480555,0.33351254,0.016749933,0.0008791939
2792,0.13806549,0.05185938,0.0021415916,0.0024803306,0.19374871,0.15355314,0.00050665886,0.25755814,0.014195321,0.082901806,0.0026088285,0.0013948826,0.72564447,0.0029122173,0.0028434899,0.26545674,8.463502e-06,0.054513376,0.2061971,0.0018530551,0.0002767549,0.61272526,0.00083574094,0.0006888584
2797,0.010203319,0.009310262,0.00045507963,0.001004124,0.8708839,0.15115486,3.6461943e-06,0.3314382,0.02601655,0.034911122,0.0032369108,0.00017953673,0.0071722935,0.007633861,0.020411614,0.037303496,1.17935166e-07,0.5719395,0.0020821195,0.0020284469,0.0003961267,0.074711435,1.1422117e-05,0.00025891155
2800,0.39137182,0.18373546,0.013997097,0.004727545,0.45236844,0.10683329,0.005211919,0.25688207,0.07130959,0.08795058,0.00067495846,0.0032575608,0.27955455,0.01123625,0.0062205438,0.05660586,4.2666667e-05,0.071114995,0.47736692,0.0047316914,0.02537441,0.3285166,0.0030790137,0.003285441
2803,0.72652787,0.3653959,0.0074770134,0.0028462645,0.15697443,0.10234474,0.0013898223,0.20401257,0.022387909,0.07483873,0.00070016016,0.006905093,0.22051823,0.0011220477,0.0019935179,0.07873719,3.15638e-05,0.041142467,0.63912725,0.0019168933,0.0020257526,0.5836495,0.012115323,0.0026417284
2806,0.005695178,0.007453574,0.0005731851,0.0020720735,0.85899734,0.040562242,1.5945421e-05,0.40006843,0.020406919,0.031313725,0.0013728562,0.00038915916,0.0066512143,0.015380282,0.022051552,0.01612072,2.4117256e-07,0.6923373,0.0044203144,0.0019039805,0.0010694019,0.04156303,7.3008734e-05,0.00013557637
2808,0.02197241,0.010786414,0.0004656543,0.021145727,0.5513833,0.19318515,0.00082156935,0.7150641,0.009978981,0.010155677,0.020925228,0.005456337,0.009300794,0.026515404,0.020170003,0.06811299,1.7471872e-05,0.48743868,0.0061946893,0.0022728485,0.00792249,0.16074714,0.003260493,0.0017722193
2810,0.087879926,0.05827319,0.0044300198,0.022170788,0.35211822,0.17502242,0.004302939,0.6358922,0.03148414,0.09319001,0.017016929,0.011852815,0.2673462,0.011429201,0.01109914,0.22114167,9.0677364e-05,0.25209862,0.12706846,0.005781055,0.0049311672,0.43381062,0.01348574,0.004356599
2811,0.04675616,0.019001827,0.00087532675,0.00619764,0.6202389,0.16157162,0.0006652961,0.5928218,0.024163552,0.03173928,0.0031991026,0.0011771203,0.046480156,0.007868044,0.0048889327,0.051216915,4.4854087e-06,0.23797254,0.038312882,0.0020213441,0.006737572,0.2107574,0.00048937293,0.0012129765
2814,0.00079128717,0.0047199056,0.0010593103,0.0023246028,0.9019528,0.0025563526,2.087524e-05,0.33829984,0.028286682,0.028247453,5.7029174e-05,0.00023092225,0.0006348106,0.027593512,0.030517487,0.001226923,6.757131e-08,0.7915961,0.0020074665,0.0016438912,0.0012606143,0.003288175,2.0699126e-05,1.8993185e-05
2817,0.25258464,0.09164218,0.0031488216,0.010035329,0.2462823,0.26772478,0.002610811,0.50876015,0.020794652,0.07155745,0.0074577136,0.0072489223,0.32213727,0.0036518606,0.0037514947,0.18876243,4.817669e-05,0.09208441,0.16629352,0.0038894631,0.0021211638,0.58705395,0.0068653477,0.007366094
2819,0.014347499,0.019887038,0.0017177083,0.03163527,0.33770135,0.06708457,0.003935454,0.78756,0.026541332,0.05956596,0.007259175,0.008179398,0.13825616,0.018096074,0.007584779,0.08189263,3.4508477e-05,0.29089046,0.036109418,0.0023904545,0.004512953,0.15971933,0.004352973,0.002965415
2822,0.007939722,0.010747182,0.0011617218,0.008246921,0.6996653,0.06288243,0.00013814193,0.5973275,0.020841384,0.055127237,0.0073269154,0.0021864644,0.024071896,0.021950426,0.028634686,0.06574424,2.912916e-06,0.68998635,0.016395932,0.0026156304,0.0015453295,0.11112976,0.0008699968,0.00028068447
2824,0.37987414,0.19773717,0.0083969375,0.06261894,0.21990411,0.12462562,0.04586178,0.644515,0.022079675,0.021729032,0.007373671,0.10011043,0.041227978,0.0083122635,0.007794692,0.07204688,0.000999847,0.15912576,0.13039158,0.008973581,0.030946258,0.33359832,0.39711407,0.012974274
2828,0.026233815,0.01772326,0.0016191409,0.0016883323,0.13616796,0.07784851,0.00045348387,0.1852556,0.0096991295,0.11089123,0.0010131747,0.00061761023,0.9247735,0.0032503724,0.0018206795,0.29285845,4.0959567e-06,0.027796995,0.119947195,0.0019536817,3.658685e-05,0.55419624,0.000112829104,0.00021359834
2831,0.61338305,0.5411941,0.027469391,0.008119741,0.32349092,0.10978912,0.00060679275,0.36008304,0.10027419,0.19803312,0.0028402875,0.024517743,0.07793509,0.0031827993,0.011383654,0.049473993,3.3976732e-05,0.16078918,0.21001849,0.0059194416,0.0056205885,0.32204312,0.0354975,0.05509452
2832,0.43344805,0.1200606,0.0059811296,0.009601514,0.68538743,0.45359656,0.0016134238,0.33264738,0.057775185,0.021873124,0.009937367,0.0058740005,0.03329073,0.01483933,0.017365627,0.075233504,6.714499e-05,0.15299545,0.044584885,0.008027927,0.076658584,0.3654766,0.009353226,0.0130963605
2834,0.7480744,0.5147077,0.014979555,0.0032052991,0.109925024,0.03458384,0.0023931195,0.14787571,0.03320761,0.12089237,0.00023620404,0.011947739,0.2373557,0.0012637996,0.002229434,0.05604795,4.131404e-05,0.031317383,0.7530389,0.0022128872,0.0018157364,0.46897578,0.019642642,0.0022264237
2838,0.015274629,0.017106108,0.0018738733,0.011126289,0.7685227,0.11205317,0.0002615858,0.49973327,0.03292369,0.02939066,0.009291555,0.0026223762,0.006543671,0.03636881,0.048169754,0.043340616,6.406769e-06,0.6021688,0.0051535256,0.0061816135,0.0053996765,0.07343969,0.000771208,0.001138193
2839,0.022607509,0.0042376835,0.00032283395,0.030973297,0.61966604,0.05060859,0.023495885,0.5859271,0.023487542,0.0007145172,0.00012493705,0.0010456508,0.00028461425,0.11585947,0.008367683,0.00087468966,1.5778876e-05,0.09468284,0.0013354118,0.000990088,0.8125239,0.010337316,0.00010748026,0.0012726604
2841,0.019217718,0.014094028,0.0008248852,0.013559806,0.62290746,0.09899414,0.00068015273,0.684446,0.018528787,0.02072126,0.0052129384,0.0032723614,0.014211907,0.018536111,0.012315092,0.036549866,7.511453e-06,0.44740814,0.012076321,0.0023398953,0.00701694,0.10730371,0.0017596049,0.0012620908
2844,0.52884597,0.3582978,0.008307066,0.021915153,0.15914506,0.14357921,0.003606095,0.60461736,0.03232012,0.06887314,0.007828946,0.047302205,0.10140573,0.0025703744,0.0052919835,0.08582317,0.00012906372,0.12717608,0.16201979,0.0039353305,0.006825373,0.4618001,0.1353295,0.047389083
2849,0.008676633,0.012185268,0.00028535957,0.024098132,0.31113207,0.03902397,0.0006768358,0.8661984,0.0103821065,0.01210497,0.0027773343,0.006539791,0.011700673,0.008448582,0.0038046406,0.014169175,5.6526114e-06,0.35597885,0.004710209,0.0004977021,0.0048152837,0.054304495,0.0030741552,0.0034381137
2852,0.41780692,0.11236343,0.0033625923,0.0080686025,0.26049873,0.30017802,0.0030849897,0.45212194,0.020126741,0.047293264,0.006032084,0.006169009,0.24926116,0.003401579,0.0031164393,0.17343421,5.5370412e-05,0.07965312,0.29138276,0.003057856,0.005168661,0.6172607,0.009769689,0.00403924
2857,0.0058810497,0.018466974,0.0060394565,0.0200131,0.77352023,0.023258928,0.0006340569,0.4277103,0.04987,0.03600321,0.0030125056,0.004817579,0.002753729,0.13019098,0.13613805,0.01748045,9.6242575e-06,0.7269904,0.0032804795,0.010153592,0.008447603,0.01881496,0.0014729461,0.00062134437
2863,0.4579014,0.67960083,0.14740764,0.0012724731,0.3356817,0.0102568045,0.00020216354,0.103751704,0.38585737,0.5676329,6.846307e-05,0.0042670593,0.21793383,0.0025656987,0.016093886,0.02458651,4.426706e-06,0.07854273,0.44348726,0.005771624,0.0011714442,0.106707454,0.0017356656,0.0024454694
2866,0.40937626,0.20260715,0.005986669,0.027364776,0.30945086,0.3652742,0.003201249,0.5866118,0.034818903,0.02893862,0.017525058,0.02852966,0.027322588,0.008657541,0.0122791445,0.06804515,0.00015287646,0.1465914,0.028115418,0.0068276334,0.023468046,0.34322563,0.031986512,0.10740617
2869,0.54231584,0.14980663,0.003059921,0.004861596,0.14342567,0.12868753,0.009180859,0.22033326,0.0074620876,0.02017765,0.0007151354,0.007147474,0.27102208,0.0020836645,0.0010748422,0.10823589,6.146188e-05,0.026640404,0.5790924,0.0021849005,0.0031621302,0.6070101,0.01060474,0.0009286852
2871,0.06909022,0.024072735,0.0012491341,0.020339305,0.4541532,0.2848001,0.0028861293,0.6952022,0.024444195,0.028080646,0.013972846,0.0043784436,0.07759763,0.02080452,0.008547325,0.10316543,4.2656295e-05,0.20663166,0.031128446,0.003445537,0.019592496,0.28860372,0.0023360848,0.0060139913
2872,0.23963286,0.10099269,0.004092911,0.018834496,0.47766033,0.23540342,0.0037936142,0.581344,0.027922051,0.034414195,0.012059305,0.015377985,0.06601068,0.008032751,0.010088491,0.1071024,9.8085926e-05,0.24290444,0.09680639,0.0063735396,0.018196583,0.40246263,0.040995166,0.007477134
2875,0.31354785,0.09069718,0.0041055013,0.027179038,0.45003697,0.3998479,0.0062800413,0.63879097,0.04032505,0.024111504,0.016233524,0.013128366,0.049430903,0.017782506,0.011610105,0.0914074,0.00019290025,0.171456,0.06524519,0.0062792976,0.10581008,0.3827642,0.018865414,0.019899689
2878,0.007778114,0.0062868926,0.0006335054,0.0016149167,0.051327206,0.021510584,0.0023744418,0.09620372,0.0026855823,0.049397808,8.444177e-05,0.00038017568,0.9743996,0.0028596055,0.0003328,0.21930775,2.9301789e-06,0.0053409864,0.24108024,0.00079223857,1.1303892e-05,0.5078112,2.116207e-05,2.7619137e-05
2891,0.5576782,0.21103412,0.004228177,0.0036066573,0.26550698,0.25240782,0.00058119855,0.32594016,0.022248887,0.06903854,0.004034656,0.0050371224,0.2363021,0.0015601179,0.0037130006,0.15055694,2.0549332e-05,0.08945407,0.26640397,0.0026848314,0.0017411154,0.6394192,0.009592585,0.005000071
2896,0.02762861,0.049191643,0.011938094,0.006344709,0.8896928,0.06103344,0.00037073813,0.24642022,0.13440174,0.059034232,0.0014814178,0.0014061875,0.009527537,0.051948875,0.061155174,0.015404723,6.8184463e-06,0.46534827,0.010608519,0.014926262,0.028369462,0.034075264,0.00036349692,0.001514436
2898,0.018123018,0.034885652,0.0078197615,0.00873406,0.6830355,0.03991036,0.0009294062,0.5317668,0.06571812,0.13443546,0.0019658222,0.0028731884,0.07113371,0.019117378,0.018712861,0.045662537,8.469808e-06,0.4733176,0.09204339,0.005294874,0.0047074608,0.10029811,0.0012105654,0.00049388286
2911,0.027162256,0.021595066,0.0028032523,0.0074877893,0.6857102,0.0637938,0.0015044322,0.4936,0.045343515,0.064212464,0.0017257105,0.0012752819,0.109823786,0.019913936,0.009446872,0.042902187,8.504653e-06,0.30542168,0.09130607,0.0032065914,0.012984946,0.15003064,0.00064676465,0.0005525802
2914,0.10628295,0.09357956,0.014099693,0.019882606,0.2982918,0.036663674,0.050580326,0.36205223,0.04960121,0.08640701,0.00069959246,0.010373928,0.28568354,0.015401815,0.005369364,0.07480158,0.00016607602,0.07445009,0.48686936,0.006587977,0.014248321,0.24758856,0.0070955483,0.0011127259
2920,0.41616493,0.047803175,0.00068800786,0.0030819203,0.5275003,0.6842189,0.00023226082,0.39264616,0.010722981,0.012437605,0.015275259,0.0017308325,0.029376656,0.0021127798,0.004218125,0.14883919,1.31622955e-05,0.11341761,0.021983521,0.0028741565,0.0025201056,0.5882213,0.0015392408,0.0040730163
2923,0.8361639,0.47090635,0.004613987,0.0028547272,0.06800618,0.09995488,0.00086954376,0.20165443,0.009404158,0.06498314,0.00069721666,0.013165573,0.15511051,0.00035079493,0.0009632422,0.07906407,2.6663089e-05,0.029177738,0.62081546,0.0012198845,0.00043939467,0.67795014,0.026058372,0.0039576413
2931,0.0724797,0.18981461,0.041468162,0.016003536,0.7455586,0.061441716,0.0018987645,0.38178307,0.24280328,0.105533056,0.0014787159,0.007807924,0.014952289,0.051053353,0.050453376,0.013311825,2.7445507e-05,0.30183363,0.019263413,0.020197727,0.059175886,0.03554487,0.002120315,0.027460674
2946,0.5758735,0.029195087,0.00023038127,0.0051749754,0.30648643,0.8186511,0.000651902,0.5260781,0.004018665,0.0038190808,0.019020608,0.0025118866,0.014511905,0.0014571431,0.0017721198,0.12942626,2.735593e-05,0.05786458,0.016564326,0.0015157547,0.0051858327,0.67712414,0.0016701656,0.005933493
2950,0.42325658,0.10513781,0.0034015,0.010567777,0.43340403,0.44898114,0.0026451705,0.5130614,0.03386037,0.032118518,0.009233881,0.0056518717,0.08475689,0.006924268,0.0057332874,0.082387246,7.129353e-05,0.09086468,0.08541928,0.005259361,0.024970466,0.449434,0.0058781314,0.024170382
2951,0.33212218,0.18188763,0.00299669,0.08023714,0.105122246,0.07252633,0.036373235,0.75225574,0.008423577,0.006133108,0.0048763733,0.18292812,0.01144427,0.0041792225,0.0039652744,0.030370185,0.0008498122,0.14457953,0.03511167,0.003343426,0.018534184,0.21058203,0.66518223,0.015952332
2953,0.004275368,0.0075508314,0.00094754866,0.007764216,0.69542956,0.01957391,0.0005394688,0.58904195,0.022805763,0.027211508,0.00040700077,0.0010150805,0.013488353,0.02200304,0.008965257,0.0097996,1.2131447e-06,0.4238856,0.009881382,0.0018790781,0.0033970093,0.034069326,0.00023323658,0.00024691672
2958,0.03151755,0.017808007,0.0022406837,0.011119019,0.7497761,0.079793714,0.0033646417,0.47177184,0.03541524,0.025813589,0.0017363034,0.001799317,0.02704619,0.033758808,0.01394751,0.024671132,1.651672e-05,0.3143853,0.03428873,0.0054888315,0.029955924,0.09942452,0.00086405757,0.00085038366
2961,0.0748619,0.05449592,0.0028728002,0.028951995,0.4236416,0.1676427,0.0033135293,0.73416305,0.027190236,0.03694398,0.01586201,0.016647669,0.039012596,0.011496342,0.012062505,0.08958077,7.369436e-05,0.33238626,0.034152906,0.0050215432,0.010777026,0.23980951,0.019911831,0.007301834
2964,0.44587928,0.2897828,0.016544485,0.0037943637,0.28287384,0.095227085,0.0010296038,0.26907235,0.07089161,0.17849368,0.0013519073,0.005234418,0.40792802,0.003755414,0.006496919,0.09877712,2.1589283e-05,0.07494032,0.34841725,0.004317446,0.0026351998,0.4356996,0.007255753,0.0061368644
2967,0.049623728,0.06628917,0.0063802777,0.07658721,0.27695894,0.08174439,0.009472747,0.75712353,0.032466754,0.05970618,0.026767155,0.06975922,0.07481956,0.030113189,0.032626987,0.1288526,0.000384507,0.43269944,0.042493235,0.0075368728,0.010365942,0.20389593,0.106778026,0.008718218
2969,0.44082233,0.4617028,0.0060656583,0.03383552,0.14903593,0.13416947,0.00077755156,0.6547821,0.032579176,0.024019102,0.011705102,0.089322366,0.009895252,0.003764541,0.011747192,0.015851796,6.333897e-05,0.15790552,0.0074652922,0.0028980596,0.009878443,0.17247362,0.17096947,0.54051816
2975,0.85356665,0.021263188,4.9083807e-05,0.0014701771,0.20647494,0.9516837,0.00012907984,0.35063028,0.00083311397,0.00086564186,0.021351274,0.0010964416,0.003887847,0.00018338722,0.0005409948,0.1477929,1.2216793e-05,0.022225637,0.008603138,0.0005203347,0.0007574434,0.86304635,0.00077902863,0.0024977257
2976,0.21371336,0.12274221,0.013057615,0.0046206224,0.81303835,0.25188226,0.00077532826,0.24493872,0.1610596,0.04945451,0.0018191412,0.0018641754,0.02900555,0.021283219,0.020836279,0.02310225,2.0178075e-05,0.1295512,0.035367567,0.01099252,0.07986562,0.117087,0.0006466651,0.012964215
2978,0.46129072,0.054538317,0.0013439116,0.010196834,0.41807747,0.57764757,0.0035292858,0.5372194,0.015039076,0.012486005,0.012682915,0.0047646374,0.048198726,0.0058009047,0.00396707,0.12006171,7.4841875e-05,0.09493549,0.07839283,0.0036205756,0.026004706,0.560163,0.0058570984,0.006366405
2979,0.7604114,0.007719728,3.614223e-06,0.00035380878,0.052416015,0.9605693,3.3024803e-06,0.42494723,7.769732e-05,0.0012084536,0.06399267,0.00020789042,0.022841658,1.4353032e-05,0.00013378398,0.6329678,4.6928514e-07,0.03743032,0.009275551,8.6340675e-05,1.7296156e-06,0.9725723,0.00014967532,0.00010433453
2983,0.63036895,0.25944275,0.0034631004,0.013068594,0.19841029,0.26048982,0.0031598283,0.5055468,0.010507049,0.022381486,0.0071701505,0.03309854,0.044008482,0.0012326927,0.002918316,0.10079038,9.717599e-05,0.115592025,0.17875627,0.003237529,0.0037186723,0.62046576,0.13719209,0.012564327
2989,0.43279412,0.3564905,0.00682304,0.04567696,0.126484,0.08459787,0.0051983665,0.713307,0.02370027,0.032387357,0.008953151,0.1299134,0.02740571,0.0029651795,0.0068969755,0.047897484,0.00020822548,0.20101066,0.05433848,0.003730584,0.008928004,0.28809318,0.413358,0.058372844
2990,0.30481744,0.4088077,0.010065489,0.05165346,0.16621117,0.058331016,0.0013295924,0.72145957,0.046118606,0.039489683,0.01077786,0.15076274,0.011302826,0.0059409514,0.019450705,0.022505188,9.293123e-05,0.31707475,0.011196457,0.0042553423,0.01126181,0.12586841,0.31336382,0.19946845
3004,0.5995053,0.008763673,5.3504285e-05,0.005589395,0.27371955,0.92871433,0.0008673477,0.5088187,0.0009622543,0.0007917454,0.048560377,0.0020465339,0.0065033855,0.0015891652,0.0015558922,0.25719008,3.4793913e-05,0.06119146,0.0071966792,0.0011035163,0.00306855,0.8011027,0.0011391464,0.0011645583
3005,0.27363157,0.03158513,0.00033179892,0.0072884667,0.15777862,0.5587589,0.00085530337,0.6222483,0.002791989,0.020018138,0.028780054,0.0042939587,0.11471964,0.000855824,0.0014684332,0.3662698,2.6261645e-05,0.11415158,0.09758902,0.0012160284,0.00030885442,0.79381794,0.004165635,0.0013319771
3009,0.015325455,0.01399836,0.002165861,0.0272908,0.66467667,0.03423222,0.011861659,0.544968,0.045918692,0.015487741,0.0006048789,0.00216311,0.01204384,0.07605021,0.012164188,0.007453468,2.7191707e-05,0.21232761,0.016885592,0.003612639,0.1587,0.03618086,0.00065613555,0.0016861708
3020,0.562495,0.41822752,0.03893787,0.0045131454,0.36717734,0.09360288,0.0017941088,0.22832376,0.13615182,0.21779776,0.0012915296,0.0073930835,0.3001175,0.0058881263,0.011021437,0.0723061,5.3821048e-05,0.08010587,0.4459871,0.007501452,0.009158356,0.3600269,0.0115201175,0.009645688
3028,0.6627381,0.19841543,0.0035406386,0.0038854785,0.4011564,0.48782063,0.0003305231,0.33773872,0.027268266,0.04981516,0.0087772785,0.005239583,0.07894933,0.0016831019,0.005651778,0.1373518,2.7406562e-05,0.113364816,0.13599549,0.003372335,0.0037336,0.65588164,0.009055327,0.0112517215
3030,0.039264996,0.16772239,0.04760487,0.005580751,0.3384848,0.0109041575,0.0006152335,0.41778192,0.18888876,0.52773726,0.00069380476,0.0064768353,0.24818522,0.0072631286,0.02386702,0.07557485,9.459854e-06,0.33299658,0.28229442,0.0057947147,0.0006501033,0.10393775,0.0019584284,0.00050309696
3036,0.003228982,0.0043872404,0.0014251678,0.046634868,0.5471213,0.04850757,0.015972076,0.63550764,0.014573941,0.020211691,0.0058627063,0.0054287403,0.01610422,0.114613906,0.030641634,0.041672226,6.784875e-05,0.41348147,0.010549649,0.006578113,0.008076866,0.068110585,0.0014484238,0.0005167276
3040,0.33216485,0.1586383,0.0076089147,0.006954196,0.18669531,0.076199286,0.006788481,0.28733483,0.02451814,0.07992206,0.0011514362,0.006910897,0.4433098,0.004188333,0.0031394423,0.13236597,6.226745e-05,0.05419328,0.5616155,0.0034811073,0.0027255153,0.49815065,0.008250881,0.0012739083
3041,0.17975643,0.06932012,0.0062283836,0.005445699,0.818805,0.3210463,0.0006627209,0.2755291,0.09387727,0.03491604,0.0047537214,0.0016101243,0.032611694,0.025854247,0.022624025,0.045854546,2.1098394e-05,0.19787554,0.02519489,0.010036964,0.061708793,0.17299025,0.0007524675,0.005658701
3042,0.83114797,0.13918827,0.00038354343,0.003604478,0.113765605,0.6639385,0.00037588127,0.44857258,0.0019367603,0.006407881,0.010655763,0.007335865,0.022098595,0.00016501496,0.00064735115,0.1441878,2.0177496e-05,0.04540512,0.094302244,0.00082378235,0.00046185346,0.8502562,0.020690523,0.0061186273
3051,0.025205031,0.008454803,0.000651205,0.0073780315,0.2224211,0.4059994,0.0009430844,0.40710595,0.0061739055,0.06312417,0.041042715,0.001825003,0.628766,0.0067988764,0.006145917,0.56166184,3.7732396e-05,0.11204956,0.029171221,0.0037815361,7.533545e-05,0.6617775,0.00029386466,0.00073329895
3052,0.0035281258,0.006218313,0.0032099336,0.0026532467,0.12024811,0.026048113,0.0066733453,0.064874776,0.009503435,0.10285319,0.00020777113,0.00050507707,0.9751559,0.012491758,0.0022457156,0.29213884,1.8595996e-05,0.00935578,0.10279523,0.007531417,2.109433e-05,0.39931992,1.0763483e-05,5.343316e-05
3054,0.00026055385,0.00019223282,0.0021974242,0.15561588,0.009301621,0.0006677752,0.99999,0.0017382137,9.412956e-05,8.576711e-06,1.4051994e-08,0.051052425,4.8320988e-05,0.70255005,0.000993124,0.00034723026,0.048679847,2.6705917e-05,0.00025998682,0.07266199,0.00066575786,0.0007614474,6.565321e-06,3.0377787e-06
3056,0.03209898,0.023986248,0.0024359282,0.011718413,0.7257916,0.057156343,0.0024720046,0.53114665,0.06439529,0.027166823,0.00073995616,0.0015777376,0.01435419,0.031788796,0.009890749,0.010276807,1.1258514e-05,0.25445366,0.027950855,0.003034328,0.088349,0.051325697,0.0004467519,0.001630367
3062,0.26601267,0.1503388,0.01984454,0.011654593,0.749947,0.21223046,0.0035780189,0.33162096,0.16323742,0.074828,0.0035493032,0.0049584988,0.08206075,0.032486856,0.024637831,0.050095983,8.542988e-05,0.1869741,0.11639861,0.013393459,0.16110721,0.21015352,0.0056143077,0.010892069
3067,0.13227214,0.04417559,0.0013469837,0.0030041758,0.06531562,0.17710567,0.0010158283,0.26922616,0.004920164,0.07394767,0.002124144,0.002200497,0.80040103,0.0011752392,0.0009541843,0.3113332,1.2912136e-05,0.020648401,0.20988594,0.0014164143,4.0060604e-05,0.7094821,0.0006855351,0.0010391284
3072,0.33987045,0.13122272,0.0031263921,0.0059165386,0.2037483,0.27195534,0.0009354487,0.4415606,0.019905934,0.08685124,0.0071350015,0.0055455235,0.35702342,0.0020393052,0.0032226187,0.16549543,2.6092443e-05,0.06728893,0.11303032,0.003273046,0.0007723914,0.58394074,0.005536057,0.015763529
3073,0.012332359,0.02436298,0.006686466,0.05215218,0.62274367,0.058693696,0.0056345086,0.5902108,0.051034052,0.030764787,0.008343831,0.012237556,0.0073709595,0.14912823,0.086040296,0.03244361,8.803203e-05,0.51863086,0.006828183,0.013314481,0.032248057,0.043590203,0.00485477,0.0033860332
3081,0.05499218,0.09222732,0.030226199,0.0031777718,0.8132012,0.08998727,0.00035133495,0.19022787,0.20335265,0.16692762,0.0013499345,0.0011104139,0.10917995,0.025891634,0.038331613,0.042858653,8.080833e-06,0.24289048,0.043501634,0.019068478,0.009881829,0.100916095,0.00024388239,0.002096994
3083,0.17705418,0.10930647,0.016095366,0.0125597725,0.8151633,0.1374574,0.0038107743,0.23071747,0.14914124,0.028968474,0.0015795075,0.003662393,0.019229677,0.06303269,0.04072236,0.016016051,5.918952e-05,0.17283593,0.02796305,0.014449937,0.31467637,0.084543735,0.0023757275,0.011800825
3086,0.023879936,0.015696855,0.00063474104,0.0249817,0.392795,0.11870058,0.0016240419,0.79187095,0.011703099,0.028745567,0.014799877,0.006989225,0.05926361,0.012858576,0.00824083,0.10156677,2.4651757e-05,0.4084416,0.033873513,0.0015619381,0.0048625856,0.24859619,0.0067744013,0.0017321965
3093,0.0026709782,0.0092236,0.0018831205,0.0058582225,0.84599113,0.008346573,0.00013041701,0.42363474,0.033982523,0.029550914,0.00030518888,0.00085196196,0.001636408,0.036595576,0.03546644,0.0040375083,6.453354e-07,0.70463216,0.0039877095,0.0032021345,0.0032924316,0.009784611,0.00016398895,0.00010946171
3097,0.1847975,0.016106758,0.00081940915,0.0138526205,0.41898313,0.69156814,0.005914424,0.49237654,0.00875097,0.011913523,0.03464884,0.0042647053,0.074613884,0.013365971,0.00688615,0.28205854,0.00014747564,0.10542593,0.028946185,0.0057851537,0.0064425296,0.5800142,0.001868972,0.0029244327
3099,0.55185807,0.0565091,0.0006990107,0.009448809,0.16264457,0.67309475,0.0035270362,0.5943755,0.004599964,0.010817249,0.014067191,0.0063211685,0.056071945,0.0014621484,0.0012904537,0.15410393,6.8067144e-05,0.047716927,0.0819941,0.002074871,0.002886117,0.7024386,0.0050615063,0.0102119325
3104,0.022776278,0.026084647,0.0062797824,0.014808327,0.74122435,0.12778215,0.0018416125,0.43996903,0.051768094,0.06908876,0.010482556,0.004251049,0.064752184,0.051240157,0.044054214,0.10045213,3.6718273e-05,0.46230346,0.029303402,0.013640535,0.007913369,0.14784995,0.0017616347,0.0013123902
3108,0.76634794,0.43608344,0.009714044,0.0030240791,0.1473821,0.1165532,0.0008724951,0.21742137,0.029024078,0.108942226,0.0009978181,0.008562482,0.19263321,0.0009947086,0.0026181943,0.08475333,3.0102981e-05,0.04578211,0.56095904,0.0021648903,0.0015111186,0.5903365,0.015821509,0.005150827
3112,0.027964953,0.014235052,0.0005989336,0.0026958943,0.7327504,0.13917054,7.052807e-05,0.49912027,0.020489054,0.031955715,0.0029667758,0.0005266219,0.025420671,0.0069484753,0.008050929,0.041975696,8.673736e-07,0.3827335,0.0143505735,0.0020176854,0.0020531465,0.16062137,0.00015338299,0.0005896605
3116,0.3300305,0.1443646,0.015882168,0.015083223,0.67307246,0.28837392,0.007252011,0.34125027,0.12842281,0.03723678,0.0032625936,0.005555783,0.03380718,0.02985146,0.018548042,0.032915503,0.00012958325,0.10117459,0.07074584,0.012133445,0.23109518,0.17771149,0.003624066,0.019638551
3117,0.041291963,0.030877644,0.0053999377,0.07618523,0.34137204,0.066444196,0.11119047,0.6818252,0.032605156,0.023970112,0.0023316136,0.025036497,0.03792067,0.04766923,0.009228237,0.036094807,0.00044927027,0.15074293,0.07699558,0.0062540034,0.058135144,0.11768539,0.022733467,0.0037896228
3119,0.37791738,0.17042221,0.006013276,0.055361666,0.21268232,0.123531096,0.04437038,0.6540097,0.016880874,0.01962047,0.0066540726,0.08593874,0.034125898,0.006690195,0.005877959,0.07297861,0.0009992898,0.16840184,0.20341839,0.006789539,0.028848162,0.36269677,0.35697123,0.0073714163
3124,0.023120964,0.04130812,0.036506098,0.04030701,0.73678875,0.12613437,0.03171155,0.20848235,0.116847806,0.048854094,0.00547168,0.00936952,0.036448896,0.26357433,0.12781256,0.052166805,0.00053317676,0.20903517,0.010392821,0.0831181,0.06294735,0.06598357,0.001178146,0.008416593
3134,0.5157147,0.70259136,0.028576575,0.017430361,0.11608532,0.030030672,0.00031744677,0.5666108,0.095455654,0.2027311,0.0030080476,0.11462962,0.021866146,0.0016826838,0.01234962,0.022935713,3.3347398e-05,0.24982642,0.05095436,0.0036023,0.0018199899,0.13590911,0.15403347,0.14400548
3137,0.039822076,0.024282767,0.0016196172,0.002140515,0.097934484,0.096563496,0.0005443689,0.21434285,0.008599263,0.11932578,0.001674357,0.0009866125,0.916888,0.0022589355,0.0016383303,0.3392115,6.6115913e-06,0.025609152,0.120062605,0.0018749796,2.42903e-05,0.6037779,0.00020860542,0.00040785177
3138,0.61847806,0.5026467,0.010181814,0.009399158,0.1746071,0.11610818,0.00072728324,0.4911338,0.03851196,0.093027055,0.0034810198,0.038773153,0.06163612,0.0010969667,0.0047062607,0.053102497,3.0336792e-05,0.12612246,0.14151625,0.0030033146,0.0024934155,0.41811797,0.10150968,0.061618872
3141,0.3235158,0.033947013,0.00056695775,0.0075360197,0.32701674,0.56275,0.0013338401,0.5819684,0.007366823,0.01711551,0.016656656,0.0030193848,0.0845363,0.002811383,0.0025664372,0.19878598,2.9105584e-05,0.109286666,0.070973225,0.0021603226,0.0033226344,0.65324473,0.0027571253,0.0028127453
3144,0.046610013,0.014595336,0.0008946293,0.010684001,0.76338303,0.0946251,0.0019295673,0.47982296,0.028905233,0.0063984743,0.0010958512,0.0014417762,0.0037347192,0.039862063,0.013569117,0.008455556,1.1701739e-05,0.2755064,0.009245531,0.002616744,0.15596627,0.05685198,0.0007695852,0.0012702002
3147,0.20244798,0.10043727,0.0073339343,0.0076850476,0.6164584,0.34729928,0.0011489295,0.45984024,0.08028302,0.062408306,0.005748786,0.003556696,0.057433352,0.009214278,0.010512239,0.0657489,2.4327881e-05,0.12884498,0.035954937,0.010208945,0.0122514265,0.24900371,0.001471985,0.018866412
3152,0.07864509,0.047719926,0.0047601173,0.0065792226,0.2522093,0.07417038,0.007667032,0.2799674,0.021417484,0.07174179,0.0011564426,0.0028743441,0.7100454,0.008658196,0.0032440173,0.16802673,4.1262385e-05,0.049361,0.3555732,0.0040774625,0.0021058854,0.4417881,0.0016221242,0.0005842404
3155,0.15101698,0.05198451,0.0014137896,0.0017822895,0.14666761,0.1189262,0.00039484317,0.22839098,0.008494495,0.064031474,0.0011351152,0.001184654,0.7355398,0.001648731,0.0014126807,0.21465044,4.342022e-06,0.03681504,0.22945166,0.0011847313,0.00013201238,0.61743206,0.0006141529,0.00047471534
3157,0.05431461,0.07711562,0.005036589,0.03902209,0.30352217,0.11455982,0.0026225236,0.78564405,0.046599396,0.07864853,0.018630883,0.025386365,0.06715448,0.014714706,0.015279349,0.09103946,8.955561e-05,0.34295505,0.03053138,0.0048175054,0.008884232,0.18757135,0.018172937,0.018414373
3162,0.12835763,0.08351158,0.008560171,0.042210247,0.59561515,0.095041074,0.013264297,0.5495483,0.08921359,0.013380165,0.0021149958,0.013597676,0.011759072,0.0693471,0.025993446,0.012739045,0.00016873384,0.19130352,0.017450478,0.0071721096,0.44571298,0.06543256,0.020803973,0.014507848
3167,0.10406382,0.16213925,0.020356765,0.007767762,0.21895972,0.051724482,0.0011718761,0.4335846,0.09830737,0.35518986,0.0029200257,0.007877809,0.5766386,0.0048241923,0.009134346,0.15832199,2.4088524e-05,0.12542078,0.15916169,0.0056843925,0.0005784136,0.30933595,0.004881221,0.0053215865
3170,0.016510414,0.009878643,0.0003328603,0.005150541,0.5325283,0.069763914,0.00020358685,0.63633156,0.004796102,0.031528704,0.0043419735,0.0018612482,0.035142384,0.0030380546,0.004806093,0.11238085,1.8853187e-06,0.5761398,0.08111204,0.0006389737,0.00048422004,0.32566687,0.0025105884,5.311026e-05
3171,0.23473299,0.1533402,0.011378959,0.0111766085,0.5046312,0.2034148,0.0018377553,0.5017849,0.08378467,0.11118558,0.006392184,0.008200222,0.15010795,0.010101801,0.012465029,0.09626538,4.4465443e-05,0.18393233,0.10958788,0.008428951,0.012713235,0.32015246,0.008882582,0.014996156
3173,0.050291397,0.031198971,0.0032483756,0.006707518,0.8554096,0.09331197,0.00075954763,0.3120111,0.06587827,0.019911217,0.0013881829,0.0012702523,0.00677366,0.038447343,0.025681976,0.0120232,8.448736e-06,0.34179413,0.013075391,0.005747911,0.07761565,0.054274675,0.00049949577,0.0015622312
3174,0.8486849,0.30530235,0.0009837684,0.0043177637,0.0685219,0.3528557,0.0006363026,0.3398117,0.0022324985,0.0087202545,0.0034968788,0.021284664,0.03202574,0.00018177256,0.0006550088,0.08109023,2.821004e-05,0.034081113,0.15249293,0.0008114274,0.00042549576,0.7777848,0.08635053,0.011367137
3175,0.31151995,0.47151202,0.018048458,0.026818264,0.27997968,0.14005269,0.0008982478,0.55850554,0.09096518,0.06666525,0.010981504,0.052435424,0.018108184,0.007962146,0.022216363,0.022336608,7.399307e-05,0.17957503,0.010572051,0.007525816,0.010725485,0.115524635,0.04528331,0.4818948
3177,0.00046587564,0.0017231911,0.00024444386,0.0007461538,0.9280486,0.0037047565,2.4689375e-06,0.3133232,0.012905691,0.022585783,7.508986e-05,5.8664562e-05,0.0008720745,0.013706511,0.019386755,0.0018228969,1.0364474e-08,0.83843887,0.0017161128,0.00066933484,0.0002608004,0.0055380687,4.180711e-06,3.901221e-06
3178,0.091221794,0.040050816,0.0017424403,0.03389508,0.3021765,0.2808219,0.005574795,0.7663384,0.02099888,0.032786533,0.021405185,0.013302827,0.08536746,0.015071114,0.007839309,0.12431751,0.00011770531,0.20492263,0.043191895,0.0033923017,0.015333062,0.34215942,0.00928774,0.013491609
3179,0.25051013,0.10028911,0.00972123,0.0066051935,0.75008196,0.5089805,0.0010336944,0.29771653,0.09041498,0.04706459,0.011560291,0.003054526,0.052789718,0.016173445,0.020871269,0.09952028,5.3661977e-05,0.13498385,0.025729483,0.017850827,0.0215339,0.27614668,0.0015422805,0.0142312385
3186,0.006401661,0.005324308,0.00034723486,0.0066945436,0.69932246,0.059739657,0.00013329844,0.6057522,0.009864438,0.02694998,0.0052804323,0.0012440925,0.02322486,0.017134627,0.0155105265,0.05334736,1.5784764e-06,0.64640653,0.012760778,0.0013625044,0.0013445633,0.122857675,0.0006347741,0.00015124818
3191,0.015638208,0.014941807,0.0021338793,0.09691607,0.45410618,0.04479608,0.02813349,0.75818765,0.028895978,0.005941607,0.0024024781,0.014819419,0.0017345728,0.17296293,0.039175827,0.008139766,0.00016248168,0.3472692,0.0044044093,0.0041440353,0.24276207,0.023372758,0.007284821,0.004058653
3192,0.52044606,0.05491604,0.0009979596,0.010161823,0.37333617,0.73228157,0.0025414631,0.51398283,0.009727029,0.008956207,0.019918645,0.005665195,0.023322407,0.0033092971,0.0035878718,0.13567029,9.025467e-05,0.07610341,0.032596968,0.0039043725,0.010513937,0.60835207,0.0048819045,0.011493773
3198,0.00682591,0.010109324,0.00084527954,0.00925508,0.61931443,0.045733057,0.00032438114,0.70268375,0.023789588,0.040876575,0.0020778477,0.0015361645,0.019954253,0.013337591,0.008159215,0.0255232,1.8364402e-06,0.44134647,0.012700726,0.0015942955,0.0023098532,0.06523189,0.00038637492,0.00059962325
3200,0.11705212,0.12530838,0.0015782063,0.13780369,0.055819757,0.018954355,0.020451939,0.8610019,0.00551942,0.0035380437,0.0039957785,0.3423401,0.003260913,0.0049957763,0.005305779,0.015025232,0.0006465015,0.24429941,0.007219286,0.0015991314,0.009291238,0.07014894,0.8322294,0.01148217
3211,0.03228144,0.027887063,0.0032214427,0.003333841,0.13875964,0.08266848,0.0009977915,0.23341158,0.016276658,0.15743044,0.0022630016,0.0015115013,0.9118427,0.0039820676,0.0033315462,0.34635463,1.3328906e-05,0.042077348,0.13123232,0.0035561873,6.127075e-05,0.5570874,0.00035122642,0.00045077578
3216,0.024526943,0.023175959,0.0024387585,0.005730791,0.1687809,0.10741349,0.0007464706,0.43023628,0.018565847,0.18247849,0.006863693,0.0019744094,0.8569877,0.004494589,0.00441592,0.38567746,1.1287324e-05,0.10043916,0.10598413,0.0026741605,9.9386445e-05,0.5589138,0.000655838,0.00068823376
3220,0.28241673,0.04897715,0.0014099686,0.01035098,0.5059527,0.44847462,0.0024970032,0.5639281,0.016560445,0.01946392,0.012989378,0.004507866,0.053366225,0.0062939385,0.0051214723,0.12410717,5.429206e-05,0.16193943,0.07490417,0.004222924,0.015040198,0.49793407,0.0064940504,0.0044169854
3223,0.3775433,0.26626158,0.046523884,0.020795645,0.5044006,0.112674415,0.0243172,0.3762055,0.15512319,0.12917466,0.0020698553,0.0146079045,0.123760685,0.022659,0.01608052,0.054787982,0.0002874284,0.121432744,0.38018477,0.0183141,0.077119656,0.24137865,0.019487048,0.010644464
3224,0.045768715,0.087322265,0.023580097,0.008993108,0.78351897,0.038011618,0.0018217086,0.35917565,0.17384268,0.11560876,0.00063403364,0.0022663393,0.03363119,0.032007996,0.023816297,0.0139502,1.3986789e-05,0.29251355,0.0675902,0.0110894665,0.050733596,0.049946696,0.0007749463,0.002433339
3225,0.009553842,0.01888498,0.0006724352,0.023014782,0.3510831,0.022396985,0.00053563726,0.8160645,0.0069794464,0.015457703,0.0038085426,0.018030215,0.0028038202,0.0050551784,0.00920622,0.019044004,7.129855e-06,0.6534219,0.007875943,0.0011507636,0.0010380112,0.058868717,0.019909287,0.000637389
3227,0.73390067,0.07033664,0.00021512409,0.00592331,0.13040218,0.7789676,0.0005958484,0.5337586,0.0012899425,0.0037022403,0.027936185,0.009232929,0.015099651,0.0002766889,0.000999936,0.19905381,3.435055e-05,0.06624625,0.031116107,0.0010691651,0.0004597685,0.8456298,0.017969673,0.006356263
3228,0.033198297,0.008986145,0.00034019788,0.0053681904,0.7327788,0.25725853,0.00022117182,0.47249278,0.007555893,0.009631537,0.012258936,0.0013999583,0.014039857,0.011733549,0.013773226,0.08547736,4.293147e-06,0.4379681,0.0072895437,0.0026144516,0.0021611277,0.23210911,0.0008299671,0.00040345287
3230,0.34062052,0.23895678,0.007648885,0.014395509,0.13531813,0.090536244,0.0036834476,0.50470364,0.02519095,0.11641659,0.003823579,0.026318766,0.28076687,0.0020790237,0.0035251216,0.12641326,6.223682e-05,0.09790501,0.25301808,0.0038150519,0.0010278804,0.48240882,0.044618227,0.012587573
3236,0.032863256,0.027694836,0.0077962745,0.0046140924,0.74337935,0.19700631,0.0008698654,0.20433447,0.07339364,0.090412445,0.005034301,0.0009279507,0.26528564,0.038229253,0.02836406,0.11675627,2.1686765e-05,0.17952986,0.025947608,0.020167608,0.003919469,0.20902966,0.00013146782,0.0015140242
3237,0.14652966,0.0320955,0.000930204,0.0046044416,0.58705467,0.31974438,0.00045891906,0.4956707,0.014539932,0.028260246,0.008598909,0.0018993177,0.061285373,0.0051720627,0.0061004297,0.12565199,1.1359374e-05,0.2626501,0.07339728,0.0024716402,0.0037785065,0.45112827,0.0019015218,0.0010467212
3239,0.35246593,0.2031722,0.015372247,0.010428869,0.38094574,0.08361537,0.012798752,0.33786643,0.048997566,0.079379514,0.0015067024,0.011480848,0.1937508,0.0067424467,0.006448784,0.08639436,0.00016265822,0.111409,0.53354955,0.0075967,0.01373308,0.3606409,0.02393268,0.0020163686
3241,0.04659846,0.026683403,0.000554887,0.045430418,0.19907343,0.1707922,0.0035854096,0.8618851,0.0067599374,0.01318035,0.025384966,0.027773498,0.027995229,0.006722708,0.005524995,0.09413702,9.0931164e-05,0.31388885,0.016794676,0.0013331313,0.0044553517,0.26208425,0.03488546,0.0067745326
3242,0.039908722,0.0065492066,0.00017375061,0.013273556,0.26327926,0.54838324,0.0008380564,0.6788871,0.0027510775,0.017855551,0.08763157,0.0032930665,0.102664776,0.0050202594,0.0049791792,0.4509608,3.0861476e-05,0.24802095,0.020144725,0.0015936092,0.00035958973,0.6685414,0.001096822,0.0007816673
3243,0.0015304792,0.005419418,0.010125919,0.12815154,0.40992868,0.017418317,0.38709104,0.36294046,0.024009699,0.018071886,0.001147283,0.019240655,0.009550265,0.41393444,0.07159632,0.018347606,0.0012227155,0.15570699,0.0057427795,0.03514894,0.011999077,0.019239647,0.0012491602,0.0008674522
3249,0.03324389,0.021407876,0.0020283705,0.007455137,0.7958249,0.08835107,0.00073703204,0.43502262,0.037806563,0.030362245,0.0025620176,0.0015679693,0.022097308,0.029086199,0.019264163,0.02714707,8.270334e-06,0.42761108,0.026637496,0.004483917,0.02085713,0.099190086,0.0008633712,0.0008571162
3253,0.5971707,0.65105504,0.008254205,0.011352261,0.09747042,0.14562583,0.00017892542,0.46157956,0.030215556,0.05470038,0.0063217347,0.056547068,0.015200823,0.0009975453,0.006150683,0.013131394,2.6051912e-05,0.07501313,0.0105595635,0.002411995,0.00083557697,0.20455435,0.06246388,0.78141105
3259,0.1012022,0.039824698,0.007898905,0.12554991,0.26433897,0.14895587,0.38974282,0.52157027,0.035748456,0.0058549745,0.0018969345,0.041969657,0.0055584866,0.13888872,0.019054567,0.018599918,0.0017016877,0.06138367,0.013982237,0.013105757,0.3635261,0.06591573,0.011090618,0.015908387
3266,0.60199994,0.3088993,0.006991218,0.0100550745,0.10230626,0.06900196,0.011112168,0.3264943,0.013709522,0.060903333,0.0012009324,0.023975326,0.17609918,0.0014599849,0.001879658,0.112201355,0.0001643885,0.057808496,0.70533603,0.0031109955,0.002107337,0.5609995,0.04550707,0.0017649627
3267,0.0012906541,0.0031955375,0.00029174058,0.0045961225,0.75518125,0.0094870925,5.7564634e-05,0.62692344,0.013215698,0.021225747,0.00034718128,0.00042843178,0.0036951925,0.016809775,0.009153641,0.0052211042,1.8183042e-07,0.64313185,0.0036393777,0.0007044322,0.0011715278,0.015487643,7.4619464e-05,5.9876624e-05
3270,0.0133855855,0.018609464,0.0022719142,0.017918719,0.72986007,0.0445717,0.000839553,0.56001675,0.033510447,0.022960262,0.00295335,0.0039168675,0.005375798,0.057123687,0.039845683,0.017640024,1.0186277e-05,0.5818945,0.0072568017,0.004889492,0.01649194,0.040383704,0.0020931598,0.0010624317
3271,0.037348818,0.062088065,0.010385747,0.0049599996,0.12819833,0.031771723,0.0021375702,0.29261893,0.044126887,0.30501515,0.0010153498,0.003330335,0.83714676,0.004812042,0.0051644994,0.22116028,1.6595919e-05,0.058699485,0.22123905,0.0037904333,0.0001219296,0.3876761,0.00075829786,0.000721712
3273,0.0012427084,0.0027990632,0.00030406174,0.010354927,0.71086204,0.00826284,0.00024466842,0.666456,0.010160893,0.009686711,0.00037418318,0.0010326466,0.001269951,0.03245804,0.0140859,0.0035235053,6.257758e-07,0.6348523,0.0018676469,0.000957252,0.0024744386,0.010113629,0.00023276782,8.342354e-05
3276,0.39083937,0.3395645,0.008727306,0.019044448,0.20860924,0.116616905,0.001135465,0.64454484,0.04943804,0.09913209,0.007813224,0.040858198,0.0721731,0.0031314266,0.008478497,0.06401511,4.719444e-05,0.21124062,0.082249336,0.0034671926,0.005837855,0.3291068,0.06700938,0.07010284
3285,0.059490584,0.057328545,0.0071942303,0.051757857,0.4770264,0.06989393,0.024510484,0.6971917,0.05893908,0.04542905,0.0042924327,0.018860202,0.058087986,0.037777394,0.01467655,0.041490134,0.0002393304,0.2551626,0.07248089,0.0072261416,0.061804693,0.12383429,0.029408041,0.00636149
3291,0.09141463,0.11736575,0.0056916666,0.09416795,0.21816257,0.0464146,0.01177543,0.81523424,0.029899437,0.024776444,0.010564801,0.11694485,0.016095178,0.017584853,0.019158544,0.040434588,0.00043653467,0.38004422,0.02751168,0.004736735,0.026273068,0.11412543,0.3516201,0.013678318
3292,0.15979062,0.045533054,0.0022952806,0.004180671,0.7500664,0.302569,0.00042691597,0.37060323,0.04130927,0.029817812,0.005541005,0.0016159696,0.04279872,0.014068276,0.014018217,0.061922662,1.1097284e-05,0.24963705,0.037585042,0.0047904705,0.018852126,0.26245978,0.0012495255,0.002826536
3294,0.17880933,0.17039661,0.026411008,0.011056654,0.7622427,0.1982188,0.0017132064,0.3581887,0.2176701,0.08719128,0.002849606,0.004951027,0.03221982,0.02872143,0.026836988,0.03201742,4.006966e-05,0.18481553,0.04477171,0.014481174,0.104972415,0.10753194,0.0020710623,0.019797765
3300,0.52293324,0.052030645,0.00049635186,0.014225046,0.21133138,0.6557456,0.003395379,0.6658278,0.005168671,0.005008635,0.016244533,0.009253466,0.018192941,0.0019416764,0.0018308216,0.08582282,7.794637e-05,0.06452541,0.024666244,0.0017012972,0.0102535235,0.5876565,0.0093047405,0.015625998
3302,0.19290611,0.08108449,0.0065039396,0.009075199,0.71267945,0.43499604,0.001150302,0.3830206,0.074647404,0.043810382,0.012954688,0.0038833178,0.044383965,0.018639954,0.022595631,0.09802928,4.4174743e-05,0.18274699,0.023938555,0.012942249,0.022820825,0.26244146,0.0020285558,0.013584935
3304,0.60249984,0.27742738,0.015483421,0.0026365274,0.649914,0.55632627,0.00028013854,0.17349383,0.10321975,0.07877371,0.0040041367,0.0026209452,0.036827166,0.0033418708,0.010934939,0.07176347,2.5227055e-05,0.0710915,0.06205055,0.009515418,0.007812439,0.37532544,0.0012957503,0.023889685
3310,0.014138901,0.0228009,0.0031501781,0.01300524,0.72631645,0.019476153,0.0015551308,0.5580354,0.058964636,0.031057402,0.0003885653,0.0022115093,0.005679414,0.032882955,0.014153724,0.0055060135,6.8193435e-06,0.38958874,0.01766542,0.0030501138,0.038819414,0.02350534,0.0008769278,0.0008265142
3311,0.0020749092,0.0035453476,0.004237718,0.04755219,0.7258474,0.019259887,0.1332791,0.16423032,0.019511933,0.0033268437,0.0003667303,0.0030263744,0.0014186646,0.45363793,0.09264233,0.0038312515,0.00016700069,0.15166885,0.0009808209,0.031998992,0.05088296,0.008179596,0.0001566585,0.00060997956
3321,0.13141876,0.02121411,0.00052333204,0.03303363,0.21494137,0.5326135,0.006893985,0.76556015,0.0061663995,0.010815005,0.039625503,0.012548381,0.04849324,0.009430808,0.00479768,0.17870514,0.0001654113,0.14655572,0.025965676,0.002378031,0.00855263,0.5081215,0.006407323,0.009061859
3323,0.1105541,0.0907613,0.00770849,0.01928393,0.27026734,0.10309773,0.005226137,0.5951042,0.03900713,0.1523445,0.00961934,0.014572181,0.35494745,0.008004288,0.010439494,0.23744524,9.394807e-05,0.240738,0.30223796,0.0048660133,0.0030690795,0.4536649,0.018736713,0.002346002
3324,0.17958134,0.46895355,0.090369284,0.021175783,0.42766055,0.051236894,0.0012302516,0.49859527,0.29954454,0.2708613,0.0037402413,0.0354199,0.035380337,0.012888997,0.037511364,0.031747226,5.2442658e-05,0.26575616,0.038376927,0.018280054,0.010579755,0.06917828,0.021143567,0.06317723
3327,0.64562,0.04788783,0.00040659634,0.0046166726,0.31871814,0.7549871,0.0007703751,0.5098592,0.0055908426,0.005528056,0.012184951,0.0027352935,0.017192025,0.0011468665,0.001517289,0.10936881,2.4946477e-05,0.05587879,0.041072555,0.0014630831,0.0063170064,0.6901273,0.0029404787,0.0053386386
3330,0.2593099,0.14285915,0.0030522994,0.01220039,0.31554735,0.30699354,0.00088388135,0.5901079,0.031938463,0.03735695,0.011920925,0.01016533,0.06062743,0.0051865485,0.0071826973,0.04964461,3.4406803e-05,0.10998329,0.018794078,0.0041408916,0.0058074915,0.28262478,0.0069274064,0.124153085
3331,0.18327127,0.5806499,0.2761195,0.006776872,0.5219189,0.015346221,0.0009388918,0.2315548,0.5371623,0.53696716,0.00037472454,0.012349953,0.060362656,0.011640338,0.049131516,0.023204032,2.0245263e-05,0.2043868,0.14291078,0.026606044,0.0047571477,0.041795075,0.0036421795,0.007364664
3335,0.28866023,0.31214684,0.06306178,0.007809468,0.49584812,0.06117454,0.0058027334,0.24469492,0.21551833,0.23229726,0.0008114606,0.0069023115,0.30807802,0.014230992,0.017347045,0.059474446,7.508242e-05,0.09121677,0.39624694,0.014696851,0.020976754,0.2231125,0.005651004,0.0055779703
3342,0.06573675,0.04871637,0.0021217724,0.019835869,0.3405912,0.1791197,0.0016518552,0.7392307,0.026367333,0.060225867,0.014117867,0.009180278,0.09099619,0.0071822866,0.0072530448,0.116539665,3.1994074e-05,0.25921705,0.042549293,0.003029295,0.004071837,0.29828477,0.0059948866,0.0077531845
3343,0.038432557,0.0033240623,5.7677e-05,0.018190276,0.175256,0.660625,0.0017403373,0.74242306,0.00087516115,0.005677465,0.10647135,0.004481865,0.051794846,0.003684242,0.002458586,0.4312456,5.1808045e-05,0.17488399,0.011192277,0.0009555512,0.00028165788,0.69593763,0.0013087236,0.0006289731
3345,0.010048393,0.03378594,0.009548178,0.023456782,0.6446111,0.022348706,0.0011830272,0.5886569,0.07054943,0.09919717,0.003336813,0.00785752,0.017600933,0.05521931,0.05499315,0.03167134,1.641088e-05,0.64306986,0.01818397,0.008869829,0.00587972,0.039327048,0.0040960177,0.0010232097
3348,0.00822555,0.009506398,0.00712806,0.2199573,0.19659205,0.023700954,0.7979147,0.40133682,0.014587575,0.0033247082,0.0003841833,0.06840993,0.0026902005,0.40755036,0.031963076,0.008057134,0.0032422536,0.052419707,0.005041359,0.02073378,0.08599106,0.017681886,0.008956876,0.002808143
3354,0.043622904,0.03149119,0.0026734713,0.028112749,0.49388662,0.09099203,0.00990208,0.6739099,0.03515656,0.039742496,0.0037325788,0.0071920617,0.1135545,0.021471996,0.007083984,0.058652166,5.778452e-05,0.21661532,0.07914766,0.00346771,0.025116194,0.18173505,0.0083954055,0.0029372806
3356,0.100676365,0.034408137,0.0024601466,0.013155514,0.77399707,0.20270771,0.002161176,0.4089141,0.04594771,0.009408341,0.003337419,0.0030395486,0.0057315817,0.041612778,0.023560707,0.019779105,2.7653743e-05,0.25562015,0.00966138,0.0060611004,0.14565614,0.096146956,0.0018526546,0.0040075555
3361,0.00898587,0.018350117,0.0033917553,0.00757093,0.7466473,0.03141941,0.00033221132,0.52861965,0.047490623,0.07953084,0.0016586027,0.0016572428,0.023662865,0.024755182,0.02321367,0.026201986,3.0987835e-06,0.5820552,0.02836745,0.0039161663,0.003997388,0.057002038,0.00053522724,0.0003258345
3363,0.84924364,0.6665764,0.008567564,0.00333981,0.04744828,0.058525503,0.00062387245,0.1691396,0.013773699,0.093149036,0.0005119648,0.032273114,0.111811586,0.00039863694,0.001523285,0.03299673,3.138497e-05,0.025266852,0.34756824,0.0014229579,0.00023826896,0.5131103,0.048430514,0.042220872
3368,0.014224765,0.013881456,0.0020767674,0.006615414,0.33611807,0.082227744,0.0011294471,0.44215992,0.020251773,0.11947981,0.0043489817,0.0014388874,0.71476716,0.011174701,0.005732622,0.2562627,9.799395e-06,0.15897258,0.113930345,0.0029241547,0.0004996472,0.42707378,0.0005322939,0.00028408965
3373,0.048858497,0.1116549,0.039884422,0.09949373,0.57727206,0.04024898,0.0398746,0.43758646,0.14381243,0.025919128,0.0029347218,0.035529677,0.006126659,0.21332957,0.11550917,0.012022078,0.00059322227,0.25932935,0.006675612,0.035987068,0.18925546,0.022728369,0.025301343,0.025190914
3374,0.0018069913,0.0015555152,6.659511e-05,0.0030979705,0.80495363,0.016223855,4.5380428e-05,0.5874436,0.005312612,0.0051305154,0.00036158165,0.00024530236,0.00085152866,0.016641442,0.008136256,0.0032583955,1.3708915e-07,0.6494635,0.0015082189,0.0004153983,0.00237921,0.016541118,4.1628136e-05,3.728809e-05
3376,0.023567222,0.012956133,0.000838042,0.005716983,0.7749311,0.14600118,0.000165523,0.47192746,0.020029873,0.027329458,0.007689198,0.0014569417,0.018980676,0.021522453,0.0250485,0.061938196,3.8281014e-06,0.56476104,0.012047592,0.0032460603,0.0041543283,0.14944884,0.00057975313,0.0005433714
3380,0.02930993,0.024128323,0.0028417748,0.021962492,0.6803769,0.049627554,0.0055758045,0.5756899,0.03954941,0.024643235,0.0015670379,0.0043048826,0.016082624,0.045303527,0.016361339,0.016749375,3.0416077e-05,0.34542775,0.030162185,0.0043869074,0.05313189,0.06420293,0.003251108,0.0015230887
3384,0.025048707,0.03352704,0.008447664,0.017096011,0.50936,0.07290041,0.0065212906,0.51245224,0.058526356,0.12094525,0.0036107083,0.0040167663,0.39895567,0.028008409,0.012034959,0.106522806,4.7265326e-05,0.2048533,0.12735832,0.009125004,0.007830423,0.24010703,0.0020957242,0.0017080909
3385,0.15410213,0.11819327,0.033142447,0.017364042,0.8223386,0.23051473,0.007965544,0.22350313,0.18992469,0.058237605,0.004767693,0.0051352833,0.043613974,0.07979462,0.05690977,0.04308682,0.00016878099,0.17681937,0.034908418,0.03836961,0.19374268,0.12025421,0.0021619874,0.016371766
3389,0.7191917,0.39901918,0.014524383,0.0017870304,0.24037227,0.08621835,0.0011415378,0.13643812,0.0468524,0.09478172,0.00038508346,0.004173156,0.23381189,0.0017147844,0.0030348501,0.06692119,3.0650943e-05,0.03774799,0.6553877,0.002559819,0.0037638545,0.49230558,0.0075807455,0.0015412868
3390,0.5071666,0.14186971,0.0011950515,0.012264573,0.18089409,0.33750907,0.0015665687,0.59323955,0.005566131,0.018303776,0.01489739,0.021512546,0.050472893,0.00095427426,0.0025778203,0.1540041,4.9570473e-05,0.14953427,0.10043933,0.0019830812,0.0014984194,0.6748694,0.058499735,0.007818889
3391,0.3296346,0.08294691,0.0029606114,0.014359911,0.41658586,0.44133875,0.002991327,0.5722668,0.02621589,0.037711076,0.017576825,0.0076539502,0.108362325,0.008296611,0.0077274614,0.15351723,9.1701724e-05,0.15753144,0.091927536,0.005887897,0.016513215,0.52849495,0.009524344,0.01247894
3394,0.06313052,0.058026727,0.009238269,0.006222174,0.79321694,0.123233214,0.00081366464,0.35249835,0.10498954,0.079615854,0.002721486,0.0017154579,0.05959224,0.025392286,0.023844594,0.042429313,1.256731e-05,0.29855445,0.04567108,0.010721722,0.021904323,0.12996322,0.0007969281,0.0022637027
3402,0.55201155,0.38172516,0.024147658,0.01081954,0.346531,0.09187465,0.004862053,0.3246388,0.092438236,0.09731348,0.0013479714,0.015860211,0.1665697,0.008748653,0.008981102,0.04673251,0.00011816549,0.080920815,0.3771945,0.0059140567,0.04174127,0.31811005,0.0392018,0.017791718
3414,0.1448514,0.09572055,0.011598899,0.025933824,0.6775572,0.075981565,0.013040112,0.424647,0.12769358,0.019782294,0.0008376269,0.0066508106,0.016165448,0.06373394,0.021917025,0.009239942,0.00012070142,0.14390261,0.03761731,0.0067843026,0.54890144,0.062340375,0.0076820264,0.010411812
3415,0.0068839365,0.018400677,0.00607529,0.024367293,0.7363383,0.025457008,0.0022646354,0.47552395,0.050822258,0.040596385,0.0021910965,0.004124541,0.009826669,0.10300306,0.061179515,0.018514879,1.985106e-05,0.5487049,0.009326387,0.009936593,0.0155874,0.029925559,0.0014094609,0.0007819567
3417,0.057792302,0.03628674,0.0023747976,0.003134791,0.17290595,0.11211725,0.00047485522,0.31289166,0.015986748,0.13998935,0.0030379274,0.0015337471,0.8173249,0.003474801,0.003325704,0.29521602,7.349553e-06,0.06803133,0.12543286,0.0021843472,0.00010939659,0.5538626,0.00057576405,0.00078181113
3419,0.53396213,0.3544823,0.030294253,0.019878587,0.36409515,0.13723105,0.010940531,0.43073142,0.090675935,0.12790246,0.00488472,0.030957373,0.15691106,0.008645175,0.012191359,0.093371384,0.00031357762,0.14455603,0.42198786,0.0128521025,0.025930628,0.40638605,0.08681185,0.017208172
3420,0.04418472,0.01901952,0.0008903319,0.0029276814,0.07246898,0.16109294,0.00088899554,0.22338368,0.0037689698,0.06982778,0.0031581107,0.0015135818,0.87995154,0.0016921186,0.0012988233,0.46785566,1.3910486e-05,0.024878561,0.12147889,0.0016604045,1.3121437e-05,0.71339047,0.0003249547,0.00026841808
3426,0.06356245,0.040562607,0.00134715,0.042317707,0.32897323,0.17025344,0.0023242491,0.7938061,0.014191973,0.019278413,0.030222233,0.028126618,0.01912771,0.017190188,0.01850248,0.08722467,8.1425955e-05,0.44839838,0.01617428,0.0029620433,0.011218947,0.23059815,0.03426116,0.010547708
3427,0.35511404,0.28376514,0.02054492,0.004123559,0.36714476,0.096609645,0.00065950153,0.33818817,0.10377825,0.22801143,0.0019028926,0.005859139,0.2920806,0.0038240475,0.009649256,0.09486775,1.6548584e-05,0.13952656,0.2805108,0.0050742375,0.0030054701,0.36178336,0.0066690007,0.006022492
3430,0.112097315,0.11193667,0.04953665,0.0124407215,0.6094496,0.1129522,0.02714731,0.16801411,0.14572135,0.1294188,0.0017983519,0.004828019,0.4175242,0.05619201,0.028283339,0.10116544,0.00027498245,0.075065285,0.17722717,0.03985245,0.03113054,0.23364685,0.0015501317,0.004511675
3431,0.28955594,0.036291815,0.0006954544,0.0067767054,0.4507239,0.65220916,0.00055720884,0.5472685,0.011852518,0.015713735,0.022718405,0.0026206893,0.029242108,0.0036147542,0.005108376,0.17252292,2.2245376e-05,0.13979405,0.02264633,0.0031114463,0.004229972,0.5497836,0.0015940738,0.005432085
3432,0.11976497,0.27232102,0.054398235,0.011899971,0.7706585,0.15869848,0.0008092448,0.30704758,0.30201474,0.113341756,0.0030244847,0.0073595634,0.0131755825,0.031574663,0.051749032,0.017812053,2.9872257e-05,0.19386992,0.010333121,0.029703634,0.031333935,0.045127764,0.0014821918,0.091738164
3436,0.10990501,0.12427161,0.021763202,0.010353075,0.23247361,0.066178285,0.0052841133,0.32540444,0.075501576,0.24797674,0.0030965055,0.008272431,0.6783885,0.011948482,0.012380239,0.20797506,8.281734e-05,0.0899926,0.25320277,0.009792676,0.0014392404,0.39596874,0.0045111305,0.0031592217
3440,0.08954232,0.070837095,0.008384853,0.014268823,0.6740036,0.1942082,0.001562938,0.49066222,0.06964581,0.08046102,0.011224112,0.007132776,0.07102152,0.026709652,0.030251468,0.10572752,4.684434e-05,0.3713256,0.054477934,0.011172035,0.016327487,0.22252156,0.0056688357,0.005169499
3444,0.021696933,0.015399833,0.0010804345,0.018606404,0.4977701,0.09785398,0.002650588,0.7141541,0.01605888,0.04297545,0.0068501844,0.004634867,0.08022973,0.0126728695,0.0073348787,0.08936166,1.9717709e-05,0.36843106,0.06049297,0.0025007867,0.003907517,0.22917895,0.003522658,0.0008869361
3446,0.11444437,0.07942626,0.007695097,0.02759425,0.30146626,0.14568324,0.012302049,0.6312634,0.03837838,0.11696583,0.012072761,0.016238153,0.31935975,0.012480563,0.00978255,0.21963009,0.0001905559,0.20971389,0.2834575,0.0067151594,0.006605062,0.44994614,0.019282209,0.004050749
3451,0.7037144,0.039712187,0.000167326,0.0027572368,0.2699876,0.8651626,0.0001703345,0.43442804,0.0022778874,0.004221176,0.029743385,0.0021625967,0.015428587,0.0004778573,0.0015226979,0.22359857,1.40667535e-05,0.067009255,0.020178512,0.0011169374,0.00081462314,0.82319325,0.002065073,0.0035137965
3452,0.012612775,0.03595355,0.016112639,0.0025512439,0.87126416,0.051694416,0.0001529549,0.1792709,0.15125811,0.14440167,0.0009347858,0.00046770688,0.05632922,0.03164422,0.046641696,0.02962637,2.4438903e-06,0.36790404,0.016464988,0.016761739,0.0035281829,0.049722627,3.925437e-05,0.00049955933
3453,0.010838786,0.0030168078,0.0011290733,0.16791399,0.03223325,0.040446844,0.9845801,0.17389385,0.00051259174,0.00021374789,0.00010487647,0.14584023,0.0016179279,0.091592506,0.0017173158,0.013179903,0.01692773,0.003792625,0.0047762515,0.013267468,0.0035780664,0.040244225,0.010799692,0.00035905692
3456,0.018221991,0.28439838,0.53314734,0.004519204,0.8584451,0.015897848,0.0005874948,0.047916036,0.7045307,0.49135423,0.00024490134,0.0021979052,0.027489103,0.103429295,0.2774716,0.013760861,2.0427899e-05,0.21363108,0.010822965,0.17553777,0.005138673,0.009628031,5.1052517e-05,0.0035848971
3462,0.63926566,0.43500662,0.015365652,0.01332585,0.21197124,0.13682663,0.0033245077,0.45726115,0.04446011,0.10697654,0.004485532,0.035279125,0.11716376,0.0023903453,0.005752445,0.08879012,0.00011330761,0.118079215,0.32530448,0.0056431904,0.0056607113,0.50015134,0.111545354,0.027617041
3466,0.63083154,0.69363236,0.05055029,0.0031337454,0.15357031,0.022450797,0.0002664573,0.28239676,0.13552432,0.47113124,0.00048213944,0.021278013,0.13795815,0.0010394586,0.0076874876,0.042074908,1.112406e-05,0.1375194,0.45127082,0.0032995557,0.00060740346,0.25189376,0.018110214,0.011746324
3471,0.018246548,0.02565902,0.006812649,0.0055720564,0.16940838,0.07278817,0.002252399,0.23027647,0.028427262,0.23195648,0.0036801868,0.0022285657,0.9164422,0.009248218,0.007578303,0.38524365,3.6622143e-05,0.0558387,0.11572943,0.0074099023,8.740084e-05,0.49995887,0.00032094665,0.00053514226
3472,0.12222083,0.025685294,0.00087062945,0.007628401,0.26037046,0.47862554,0.00094422186,0.4772623,0.008066283,0.04625865,0.03500035,0.003280197,0.32891774,0.0038392637,0.005397538,0.42648542,4.070677e-05,0.13697658,0.05294963,0.0034007807,0.00038980893,0.690433,0.0015292395,0.0020211
3476,0.21573482,0.18968529,0.024394821,0.0047803307,0.31245735,0.03960542,0.004426816,0.20891349,0.09338821,0.18080118,0.00037382738,0.003819591,0.5301627,0.008550561,0.0072218464,0.07805933,3.0829793e-05,0.05634888,0.4960712,0.006319851,0.0044545373,0.30465394,0.0024391657,0.0014518443
3483,0.29262084,0.15988429,0.009029742,0.0056965686,0.25313663,0.12753952,0.0020103182,0.33570218,0.04447022,0.13190468,0.0028141206,0.0051215496,0.5074545,0.004658947,0.0054871948,0.16021435,3.667719e-05,0.07480024,0.3125537,0.0041390397,0.0024211626,0.50294304,0.0062031727,0.003781942
3486,0.4327223,0.06429248,0.0014159428,0.004634979,0.39881918,0.67496455,0.00055001257,0.44193435,0.016305782,0.026981696,0.016475646,0.0024867358,0.07190719,0.0022040303,0.0039859507,0.19518766,2.9693352e-05,0.07804095,0.03557765,0.004046057,0.0026920435,0.6153333,0.0019571332,0.008183125
3489,0.1400921,0.5090482,0.022145903,0.02275596,0.22438708,0.008496061,5.1996027e-05,0.5283471,0.064906485,0.09206563,0.0027649624,0.19850712,0.0010063814,0.0040086675,0.08159296,0.010192041,6.2051854e-06,0.7282853,0.0024230646,0.0040935944,0.00049247727,0.023544047,0.19706073,0.034243934
3490,0.103928134,0.04581046,0.002356624,0.003400645,0.17418902,0.109054185,0.0014773451,0.27235058,0.013630268,0.07095111,0.0013224947,0.0016838183,0.7671551,0.0038674872,0.0018684712,0.19967695,1.1359504e-05,0.035124175,0.23596017,0.0020838014,0.00040683092,0.5400579,0.0009131944,0.0007707385
3492,0.18049558,0.0633498,0.0062776557,0.018949177,0.71746296,0.23007469,0.008269764,0.41573068,0.045319915,0.019532554,0.0063339463,0.008518484,0.02399758,0.032709904,0.022872325,0.05255939,0.00011881992,0.24819526,0.04449899,0.011874671,0.08089844,0.20926145,0.015025717,0.0048007593
3493,0.027398823,0.021927,0.010994484,0.13453867,0.29095435,0.08334751,0.4725095,0.5123962,0.024167852,0.01494032,0.0031567432,0.057272717,0.01499234,0.15686166,0.026259938,0.04484526,0.0028659592,0.11047906,0.031685293,0.024484145,0.044329915,0.08961823,0.02136553,0.0036294784
3496,0.17712271,0.018467372,0.0004891029,0.00892296,0.5232209,0.6142591,0.0013756753,0.5377869,0.008871492,0.0102857435,0.023789914,0.0025907874,0.035034403,0.007888588,0.006239964,0.16973221,3.368633e-05,0.15494183,0.01787415,0.0037949714,0.0059878947,0.48793885,0.001385156,0.0029543093
3500,0.0054223514,0.011379747,0.0017957147,0.01027764,0.74092984,0.015156786,0.00067288015,0.558437,0.031778723,0.024531346,0.00037993165,0.0017140236,0.0042937393,0.031032285,0.016116643,0.0058631874,2.1355918e-06,0.49220857,0.0076679606,0.002756783,0.0073759784,0.018434366,0.00047726935,0.00029971974
3506,0.12847415,0.0711917,0.009321622,0.008718618,0.8128677,0.16872858,0.0020611049,0.3069785,0.12505537,0.04459167,0.002326124,0.0018733846,0.041412804,0.04089526,0.023468541,0.028081026,3.061098e-05,0.20726724,0.04315794,0.011152178,0.13997948,0.11957943,0.0009251314,0.0055381153
3507,0.733855,0.5104886,0.013743328,0.0007439701,0.09613968,0.025254145,0.00025993676,0.09326508,0.040806945,0.21472071,8.481169e-05,0.0027321682,0.42089033,0.00074574334,0.0018821787,0.050510015,4.915482e-06,0.023805186,0.7572103,0.00095188105,0.0003365937,0.45249408,0.00225696,0.0010099814
3510,0.19728458,0.062446903,0.0029445973,0.05046787,0.17863674,0.26233736,0.048714496,0.6353477,0.008352112,0.024614085,0.013493407,0.04770968,0.11862095,0.008307132,0.004319675,0.1930522,0.0007601341,0.113817364,0.18087694,0.0060163233,0.00607015,0.5333592,0.06184286,0.005905367
3511,0.0044977837,0.003266578,0.00044161142,0.0012392363,0.93086857,0.028895812,8.9354115e-05,0.211899,0.025307188,0.007294441,0.00010758207,6.867604e-05,0.0008891171,0.026604718,0.015150226,0.002351863,2.3618465e-07,0.41128877,0.0019723217,0.0021380533,0.010276807,0.010998934,2.9162013e-06,3.7557355e-05
3512,1.4025696e-05,0.00035533885,0.016412022,0.03157423,0.9329468,0.0002730307,0.3844431,0.0040326905,0.030760285,0.0003011973,7.688442e-07,0.0002027587,1.9206818e-06,0.97891295,0.73945004,1.8954119e-05,5.6699308e-05,0.07261458,1.2097192e-06,0.31338465,0.03556135,1.750835e-05,5.4365337e-08,3.5757002e-05
3516,0.10682879,0.06184272,0.0073591904,0.001185282,0.3614806,0.07893657,0.00035374923,0.1227473,0.043414935,0.1453058,0.0006350693,0.0006217714,0.79810214,0.0077786148,0.006574247,0.14913468,5.523007e-06,0.05130572,0.22537693,0.003961179,0.00075956236,0.43524152,0.00023858197,0.0004682716
3517,0.015058788,0.009820157,0.0012678693,0.008464095,0.77088374,0.15432537,0.00047671804,0.4353969,0.022289565,0.029230623,0.010401706,0.0014632843,0.026708834,0.042731695,0.03612453,0.079536974,8.529678e-06,0.50834095,0.011525967,0.005698819,0.005127902,0.14401236,0.0003832136,0.0004368471
3523,0.01926401,0.009736302,0.0008480443,0.0040632896,0.6853066,0.1363546,0.00035432776,0.48918983,0.022026084,0.0386674,0.0030452702,0.0005251727,0.0730475,0.012912692,0.007866849,0.060547303,2.5019267e-06,0.2695762,0.022432735,0.00293426,0.0020470396,0.18356533,0.000116745556,0.00040135704
3525,0.27504227,0.026627393,0.0001983986,0.0002457961,0.036025226,0.096098565,0.00020514886,0.060361605,0.00078855176,0.010815842,8.4762294e-05,0.0001775998,0.8539602,0.00020220943,7.867649e-05,0.19477277,7.011779e-07,0.0030102765,0.47692147,0.00016662848,1.13239075e-05,0.77217984,6.0230595e-05,1.7553006e-05
3530,0.3318045,0.19058177,0.012618358,0.008401085,0.2671064,0.06278025,0.009326731,0.29192734,0.045356415,0.09563832,0.00084350863,0.008547328,0.3789085,0.0075011533,0.0050005545,0.097946785,8.1878876e-05,0.07105486,0.58021504,0.0045085894,0.008543732,0.4004002,0.011655726,0.0017817256
3531,0.016933048,0.011666777,0.00082156976,0.0035934316,0.78693956,0.09409086,0.00012709502,0.469577,0.025045456,0.03565406,0.0025138983,0.0006643584,0.025590513,0.013635521,0.01314653,0.03597339,1.4328743e-06,0.47815472,0.016643517,0.0025956272,0.0029939802,0.11449046,0.00019280278,0.00032802028
3536,0.26586574,0.1937159,0.038497776,0.007725505,0.7157334,0.115814224,0.00533384,0.2812694,0.21407467,0.11427255,0.0009527649,0.003575281,0.11296783,0.02506612,0.017472763,0.033197723,6.202181e-05,0.12823611,0.25531206,0.0115714995,0.15390812,0.1675602,0.0034565984,0.0054194946
3537,0.10058736,0.12625197,0.013819465,0.018530006,0.5093142,0.119879,0.0019390649,0.57646716,0.097560264,0.12085385,0.0077213026,0.012179174,0.12044122,0.018012835,0.0198653,0.07960527,4.7496585e-05,0.27031234,0.057813767,0.009682133,0.013339819,0.18956783,0.010608839,0.015274986
3549,0.5496678,0.32021406,0.010474848,0.0021721085,0.13617055,0.035684764,0.0016892336,0.16856647,0.033289395,0.12745206,0.0002693474,0.004324152,0.3566926,0.0015376917,0.002438573,0.08483238,2.3352315e-05,0.042411223,0.77805924,0.0016727247,0.0013876858,0.459087,0.0044765538,0.0005244351
3553,0.09279724,0.025453001,0.0013033455,0.0030896051,0.6737918,0.313029,0.00024592387,0.3741145,0.023980366,0.039188888,0.007933823,0.00089095056,0.11686134,0.009162991,0.0104186535,0.14576013,6.356336e-06,0.24802154,0.039776128,0.0039468445,0.002769959,0.38057283,0.0005202127,0.0008405272
3556,0.42475417,0.10857826,0.004106611,0.008933183,0.44527614,0.43898913,0.0022948594,0.41985157,0.029949829,0.045893036,0.013644732,0.0062629124,0.17753708,0.00664934,0.008190648,0.17969729,8.3844e-05,0.1229007,0.12273938,0.006984365,0.009773954,0.58039206,0.009463388,0.00964123
3561,0.087587565,0.031440288,0.0036554725,0.022688169,0.68504995,0.29721892,0.0126466565,0.47788295,0.03715644,0.012895294,0.00712183,0.006406352,0.008119604,0.04671917,0.021255668,0.039398745,9.963829e-05,0.20918103,0.014490691,0.012189419,0.07121153,0.12721981,0.0025377003,0.007123442
3564,0.12087801,0.01639971,0.00032657592,0.03651795,0.16534168,0.5643978,0.009666605,0.80202144,0.0036032465,0.00756834,0.03950501,0.014568505,0.033654507,0.0059607415,0.0028577256,0.173236,0.00019532107,0.1225328,0.02391483,0.0017882057,0.004898479,0.5283333,0.007049875,0.0076824697
3568,0.013348954,0.021297155,0.0024947622,0.011455383,0.4764846,0.061690874,0.0007224632,0.6848985,0.033680644,0.13141829,0.005496302,0.0032673776,0.17072354,0.011369469,0.009876377,0.12277549,6.5301283e-06,0.41851148,0.063118555,0.0026143745,0.0012117549,0.1969546,0.0013780257,0.00066970877
3572,0.026844852,0.09010797,0.044835113,0.045432135,0.66214967,0.034007955,0.010775958,0.47203588,0.17632212,0.114735626,0.0029255997,0.0155395055,0.02349108,0.11650525,0.08118649,0.028095698,0.00014468691,0.41054374,0.027258238,0.030894132,0.04421685,0.038498815,0.007084715,0.0059308335
3575,0.7487015,0.50206125,0.011831749,0.0029522243,0.122801974,0.060623307,0.0010036234,0.19908208,0.03037641,0.12824494,0.00052283914,0.010981467,0.22161432,0.00089848146,0.0023047677,0.066792324,2.3826131e-05,0.043521512,0.6158166,0.0019636005,0.0011218702,0.530249,0.020481136,0.0045132507
3579,0.03723083,0.017139638,0.0009075813,0.012811006,0.25114867,0.25746793,0.0011695742,0.6266718,0.011426934,0.07436883,0.029554496,0.0038223334,0.38554597,0.0072128023,0.0066653625,0.37046495,2.7337781e-05,0.21069042,0.051475275,0.002466543,0.0004869115,0.5514798,0.0015181691,0.0015509991
3581,0.3347773,0.10894325,0.0028909924,0.01200173,0.37859288,0.41057125,0.0011699279,0.54025763,0.022049673,0.036823865,0.02424093,0.0108275665,0.06749801,0.0049499655,0.009932878,0.17540668,5.9313374e-05,0.20470327,0.052905858,0.0049064998,0.005416897,0.5293469,0.015488218,0.012419088
3584,0.045968298,0.051934853,0.0108171785,0.08757555,0.4082563,0.093250304,0.07209431,0.66816664,0.064020395,0.031499162,0.005070291,0.029776257,0.030739775,0.09616531,0.02460305,0.03371736,0.00063341064,0.18643665,0.0286164,0.01330612,0.10201121,0.08281592,0.017603332,0.018255968
3586,0.3194775,0.048771773,0.0030054557,0.008710556,0.68218756,0.57074857,0.002172918,0.35326466,0.041080035,0.019258326,0.013265438,0.0028047897,0.0548348,0.025332399,0.016106758,0.111749396,7.0204915e-05,0.13438216,0.035152946,0.00835954,0.06140793,0.376308,0.0018672291,0.0069765677
3591,0.015427405,0.07525373,0.10656148,0.005498867,0.8827784,0.026630098,0.0037590512,0.07528705,0.3013241,0.15271309,0.00020986445,0.0012038873,0.034441657,0.08785909,0.086476184,0.010897967,3.114947e-05,0.17147669,0.018489188,0.091128595,0.01448444,0.019157242,4.2251326e-05,0.0015017993
3594,0.0011790403,0.004480999,0.00094818935,0.024022872,0.7957402,0.0040406943,0.00032343928,0.48617077,0.016484912,0.004760223,0.0004151489,0.0024101324,0.00014257901,0.19901597,0.13799883,0.0016880101,2.155213e-06,0.81016743,0.0002972817,0.002930195,0.012002448,0.0026359481,0.0008574904,0.00011970869
3596,0.048220098,0.07081534,0.007968215,0.02424535,0.34449598,0.06965085,0.0032357445,0.7002249,0.044087145,0.16982056,0.009551222,0.019108623,0.11260839,0.009490786,0.015282843,0.14493744,5.7697027e-05,0.43087694,0.1391729,0.005918622,0.00227952,0.24768113,0.012734453,0.0023745268
3598,0.06967055,0.016823431,0.0008312354,0.03914001,0.32265154,0.34864447,0.010810578,0.75598073,0.010616224,0.014070458,0.024422294,0.011709019,0.057768356,0.02533062,0.008553089,0.14099021,0.00016780166,0.20425066,0.036117744,0.0030012082,0.02086794,0.36491233,0.00818119,0.0047221235
3600,0.36684224,0.052189793,0.0011836624,0.005308136,0.22335322,0.5735023,0.0010212001,0.44564888,0.008470369,0.03501578,0.017161282,0.0032290926,0.24449149,0.0019332432,0.002833167,0.30287263,4.0542778e-05,0.07017129,0.09548229,0.0032077404,0.00083378225,0.7387275,0.002445116,0.0037386299
3604,0.4581305,0.03780741,0.0002959069,0.004193754,0.37793133,0.69412065,0.0003026864,0.53149736,0.0048756097,0.00960883,0.020392403,0.0023571216,0.024778534,0.0013008913,0.0024443856,0.16939491,1.3559929e-05,0.12924606,0.03661265,0.0015615722,0.0020369356,0.7026255,0.002413138,0.003259071
3607,0.15463513,0.025549632,0.00047817192,0.0059884624,0.13723263,0.4900764,0.0006395662,0.46378168,0.0033501827,0.034459494,0.027748756,0.0038060867,0.35555485,0.0014569073,0.0023762046,0.4564454,2.8858605e-05,0.087398686,0.0661537,0.0018095666,0.0001025893,0.7839478,0.0019339785,0.0014527205
3610,0.008375568,0.009543498,0.0011441594,0.008633469,0.80278635,0.033342354,0.00044698507,0.46934032,0.021195209,0.01883756,0.0013592772,0.0013979931,0.005897467,0.039486874,0.02590285,0.012772486,2.9379407e-06,0.57068264,0.0072552213,0.003502235,0.007970669,0.037887413,0.00057024806,0.00030232445
3627,0.1324112,0.26132485,0.04563598,0.0047530113,0.32000345,0.028074294,0.000577794,0.37020352,0.19831516,0.45120123,0.0010564442,0.0061197705,0.3866894,0.0057520927,0.015000828,0.08579565,1.0011403e-05,0.18238306,0.24370094,0.0057380656,0.0012653926,0.19164301,0.0037515997,0.0030301348
3628,0.059748016,0.006829389,9.898599e-05,0.014660872,0.17237446,0.5938204,0.0011334112,0.6998677,0.0013911228,0.011645924,0.082562126,0.0045162,0.11417266,0.002790871,0.0024951252,0.41590607,4.0420942e-05,0.17171551,0.019180603,0.0011291415,0.0002225398,0.72499365,0.0015216898,0.0011987865
3629,0.011033793,0.018376112,0.0012844043,0.023063414,0.5144601,0.035165027,0.0006947121,0.7595643,0.019997131,0.029607836,0.0047627087,0.008284979,0.009486519,0.021555094,0.018423954,0.02544688,1.0053615e-05,0.6056584,0.011455436,0.0020776766,0.005414627,0.061769634,0.0066335574,0.0012828626
3630,0.7673183,0.01263134,2.107987e-05,0.0016100176,0.11709129,0.9438451,0.00012152809,0.49668226,0.00043107205,0.001038306,0.023560824,0.0009034141,0.007047302,0.00013261179,0.00029397226,0.19621824,6.1166616e-06,0.022339925,0.008647299,0.0003078596,0.00019238172,0.8753221,0.00035627082,0.0018594108
3631,0.0141109405,0.015378563,0.0012130673,0.020027636,0.65425205,0.0440197,0.0012094111,0.65740716,0.017921858,0.014359305,0.0027850778,0.0059583066,0.0037350846,0.031432953,0.02259024,0.014518009,1.0538665e-05,0.55618733,0.0070360764,0.0032438876,0.010575842,0.04624807,0.004215964,0.0010441426
3633,0.12453263,0.05726587,0.0037918626,0.0061801868,0.25521785,0.18867084,0.0015414248,0.35940957,0.02268869,0.10005052,0.0063551366,0.0033016752,0.65235233,0.006289854,0.0059379865,0.28688216,3.1667725e-05,0.09255059,0.17784266,0.004198843,0.00085249636,0.5780724,0.0022290526,0.0017806708
3636,0.03442056,0.009647533,0.00037870216,0.0061552348,0.72942287,0.28694114,0.00012753266,0.444681,0.008137392,0.011750995,0.022515582,0.001999102,0.015326881,0.019814072,0.028704578,0.11726709,4.7553335e-06,0.55379456,0.0069504594,0.002512429,0.0025421642,0.26583198,0.0011066266,0.000575718
3637,0.0028538273,0.004367975,0.00072644436,0.004375717,0.9066633,0.04549891,7.0570124e-05,0.27179208,0.025780436,0.00962482,0.0013085853,0.00032484194,0.00093073194,0.07718992,0.06309928,0.007561334,7.459915e-07,0.6169653,0.0005211219,0.0049798028,0.0055002808,0.013426068,2.3748436e-05,0.00022529431
3638,0.23311087,0.08707992,0.0030607982,0.015104254,0.38970375,0.5156305,0.0013177127,0.49669522,0.026948389,0.03041462,0.03601347,0.00925153,0.05851861,0.011637979,0.015977299,0.12308822,8.858015e-05,0.14138475,0.0138854375,0.008400028,0.0076083387,0.38723445,0.0040264535,0.07113693
3640,0.4571268,0.15433203,0.005726885,0.0098231705,0.36224538,0.34452453,0.003944895,0.46433106,0.031589888,0.055954374,0.007928784,0.008056482,0.18337439,0.00418365,0.0049492186,0.14114146,9.3685136e-05,0.094057806,0.2147623,0.0064371326,0.008745846,0.5662381,0.014251636,0.012268594
3644,0.56885374,0.6135632,0.054447338,0.010397546,0.05725386,0.0011978403,0.02348401,0.11952721,0.08029132,0.1574569,1.473967e-05,0.059482325,0.05902631,0.0026265227,0.004233949,0.0140569825,0.00025984953,0.04193815,0.786978,0.00644776,0.0018128434,0.079868875,0.08541399,0.00016809198
3648,0.07575384,0.0664556,0.0053964355,0.09214939,0.26026922,0.14930132,0.022524152,0.7875221,0.03588449,0.023393862,0.018827025,0.05520993,0.024503015,0.04665442,0.021881966,0.055998642,0.0005831656,0.25051194,0.020111797,0.007212823,0.063147224,0.14124008,0.05147325,0.035245124
3654,0.011598188,0.009422118,0.0012174713,0.0013310887,0.126283,0.055537593,0.0002962781,0.13962398,0.0073212082,0.12031361,0.000935257,0.00037863778,0.9585102,0.003888383,0.0022996399,0.37579504,2.7636124e-06,0.031017063,0.115497,0.0018277194,1.3540765e-05,0.57949734,4.2310676e-05,5.4964123e-05
3655,0.63880444,0.37114,0.011819853,0.0061080963,0.20041259,0.11705401,0.0016477862,0.31402352,0.034359477,0.10721255,0.0025353914,0.016278842,0.2059418,0.0018804596,0.0048459917,0.12462601,5.8262365e-05,0.10176941,0.47378075,0.0035139134,0.002767542,0.5631757,0.041796267,0.005217995
3657,0.08600389,0.02417933,0.00080322596,0.0043602446,0.17567116,0.26218545,0.0005164226,0.41877905,0.0072835768,0.06020339,0.0098663885,0.001716112,0.6243949,0.0026486726,0.002787358,0.38536674,1.1898169e-05,0.08590806,0.1081001,0.0016935902,0.00014480423,0.686216,0.00084866676,0.0006796949
3665,0.47073188,0.23946969,0.004987407,0.0013150427,0.08018518,0.021646786,0.00083158194,0.12542184,0.018444235,0.11144295,9.19184e-05,0.0022367109,0.59873855,0.0010503688,0.0010890859,0.079925954,5.5416685e-06,0.021193784,0.7619488,0.0007309425,0.00033781305,0.4841586,0.0016384261,0.00028310815
3670,0.120388485,0.056170482,0.0031126419,0.010774388,0.22569759,0.21845314,0.0030278224,0.5008329,0.019468037,0.08860832,0.00893917,0.0058951923,0.51700103,0.0053449543,0.0045084264,0.2735565,5.3802272e-05,0.10005696,0.15655375,0.004154154,0.0010356515,0.58152306,0.0039858497,0.0030467631
3672,0.13206857,0.19788894,0.029181704,0.00940745,0.6237457,0.13614385,0.00038680848,0.34895322,0.14801103,0.191653,0.009277549,0.010924831,0.06798074,0.019006483,0.057731487,0.101920314,2.7144033e-05,0.40089822,0.033909775,0.015601484,0.0048817233,0.16290887,0.005897241,0.012677321
3674,0.17396921,0.14268886,0.012373262,0.0020802806,0.14389788,0.039725866,0.0009406194,0.15035726,0.047323458,0.22787623,0.000514896,0.0021516155,0.8012633,0.002748184,0.004379628,0.17197008,1.2474244e-05,0.033286158,0.33403736,0.0037223522,0.00021759336,0.4553597,0.0010738049,0.0007607714
3675,0.040260773,0.007824972,0.00013613248,0.010359995,0.46904525,0.32476923,0.0004240429,0.6974483,0.0029837692,0.0067575458,0.028858421,0.0029607296,0.018254517,0.005887758,0.006273766,0.13573933,8.560833e-06,0.39528346,0.011082743,0.0012001288,0.0015615751,0.40350133,0.0024742126,0.0006950993
3676,0.063450105,0.08015222,0.014424243,0.018396957,0.7772442,0.046209008,0.0070395516,0.35204625,0.16597107,0.02955355,0.00047550176,0.0032923361,0.0075830272,0.07579315,0.028153306,0.0051634484,4.274343e-05,0.19219927,0.020169767,0.009894257,0.35393313,0.02604996,0.0010211029,0.008489147
3683,0.02683469,0.023777362,0.0038227204,0.039838523,0.4072036,0.11202236,0.020203678,0.677441,0.027028339,0.06825993,0.009894317,0.011628264,0.23075582,0.026823603,0.010329055,0.15328787,0.00016396894,0.24323715,0.11666412,0.0070031653,0.0074789277,0.28916192,0.009783054,0.0019857765
3687,0.06964188,0.06610045,0.0019992972,0.030115424,0.32945448,0.121304214,0.0019751978,0.802765,0.027301127,0.030546926,0.009004471,0.020115867,0.025501357,0.008307375,0.0073895887,0.038199205,4.1981308e-05,0.27875084,0.018555315,0.0026010645,0.011458056,0.1471209,0.016416438,0.0237477
3690,0.014407001,0.015355051,0.0016048055,0.006281396,0.77279836,0.07882511,0.00017312828,0.4869523,0.026760256,0.043924563,0.004534101,0.0018512594,0.017513609,0.021385297,0.027964845,0.045130357,3.0128253e-06,0.6137614,0.014973443,0.0038078679,0.0028239891,0.099872865,0.0007027683,0.000409579
3695,0.34392133,0.43703547,0.0076923203,0.048200022,0.13452885,0.09487091,0.0013238116,0.74185514,0.040902294,0.03440667,0.013698087,0.12213557,0.012093559,0.004861628,0.013077521,0.020644853,0.00010340477,0.22453234,0.010437451,0.0034389026,0.0128104575,0.15029706,0.21340129,0.40925363
3696,0.008151559,0.010015997,0.0017329807,0.005558437,0.85324264,0.029164504,0.0003947319,0.32918254,0.035594273,0.0269166,0.0006925726,0.00054788665,0.013780781,0.0456232,0.02416352,0.010954496,2.4792153e-06,0.48086926,0.011236521,0.0040980587,0.013968137,0.03733643,0.00014337478,0.00022294204
3699,0.058589328,0.090947956,0.03545037,0.00522103,0.850895,0.03845168,0.002646411,0.17163368,0.20604905,0.10645555,0.00030643938,0.0011055801,0.049341157,0.04418241,0.03123612,0.012647174,1.7537042e-05,0.21319887,0.09345741,0.017711792,0.075448304,0.050349627,0.00024952926,0.0013273788
3701,0.01714375,0.03856387,0.016539022,0.08523304,0.44144586,0.046733327,0.053033996,0.6270949,0.06315712,0.08041818,0.0070536053,0.029896917,0.068193026,0.10340585,0.04182093,0.06958544,0.00052990735,0.31554204,0.049955603,0.019502472,0.020623047,0.09192809,0.017625429,0.0041455766
3709,0.11385561,0.099382184,0.010796982,0.013192934,0.5525837,0.13661394,0.0016678075,0.51010853,0.064252846,0.109236084,0.009433999,0.010872727,0.110931054,0.014609958,0.025176376,0.13603753,5.2988085e-05,0.37517565,0.10732975,0.009614464,0.008238968,0.28391823,0.014853947,0.0034760744
3711,0.013458047,0.0048200595,0.00039495292,0.003186749,0.362811,0.24484608,0.00016751901,0.37343398,0.008550953,0.058984425,0.0124240825,0.0003783996,0.7167994,0.009558081,0.005085936,0.36352894,3.5495402e-06,0.12736359,0.022046577,0.0022725489,0.000112903916,0.54685,7.308396e-05,0.0002473951
3712,0.03893969,0.03313847,0.0033202684,0.061966874,0.5372963,0.06810652,0.00988203,0.67725945,0.04945849,0.007309885,0.0028534066,0.011569188,0.0027814354,0.1187158,0.0394548,0.009350178,0.00010879633,0.31720573,0.00472589,0.0047738766,0.34580073,0.031160058,0.007816887,0.0085403565
3713,0.31934482,0.35312623,0.010714507,0.039021257,0.1677743,0.07017026,0.003027831,0.70125484,0.055942364,0.07786943,0.0071771564,0.07964816,0.06004638,0.005998647,0.009542908,0.044217706,0.00011615657,0.20136334,0.05869124,0.0038000364,0.01231435,0.21330103,0.16906382,0.1104649
3714,0.014867602,0.0060373787,9.44755e-05,0.0056632482,0.507823,0.11546665,0.00011959277,0.7365809,0.0043747406,0.011535488,0.0043308125,0.0010859149,0.012077493,0.0032785607,0.002752217,0.03863,9.550905e-07,0.40926602,0.0100247,0.0004944724,0.00086460897,0.17700689,0.00039377096,0.00037651585
3716,0.19370453,0.32967204,0.011766255,0.08520075,0.14358284,0.027795712,0.0036402405,0.78380275,0.051478937,0.0447688,0.0069008763,0.21956305,0.00998656,0.009837926,0.023175044,0.02243088,0.00020854734,0.39224282,0.017251935,0.0047967606,0.01614438,0.08173226,0.44744396,0.065884516
3718,0.12561755,0.046306554,0.006188874,0.02716773,0.56432843,0.5499923,0.0052818833,0.45037934,0.04661288,0.040562302,0.056666292,0.010020456,0.09536663,0.06779086,0.052829463,0.25381482,0.0003076454,0.23713286,0.023935825,0.020556293,0.034744073,0.38143864,0.003545157,0.017116806
3719,0.53425956,0.6667769,0.11128132,0.0038061806,0.32640308,0.026426142,0.00064157514,0.20622393,0.2895661,0.46175653,0.00038159103,0.012282117,0.12713851,0.0034531818,0.015858425,0.031965345,2.1472657e-05,0.11637554,0.41080824,0.008358496,0.0033433882,0.15085652,0.008467348,0.009660189
3725,0.018423695,0.01680965,0.0013890378,0.006195538,0.7621282,0.06774033,0.00023837552,0.5180701,0.023973038,0.037612934,0.0028808073,0.0019236158,0.0148094185,0.015903084,0.017967556,0.031318355,2.9941214e-06,0.5708294,0.020598361,0.0030690462,0.004017986,0.09631476,0.00097023026,0.00046031928
3726,0.08961234,0.13362248,0.022704808,0.0044858493,0.5296136,0.07537878,0.00044623474,0.3517872,0.12727629,0.25599536,0.0026377575,0.0034387768,0.29635006,0.008823544,0.019429777,0.10705881,1.0400472e-05,0.24149868,0.13054651,0.008629389,0.0023578585,0.22623003,0.0020498838,0.0021843514
3727,0.7278605,0.20992807,0.0076675145,0.004765094,0.32211056,0.2377525,0.004595041,0.19637229,0.029572567,0.019866306,0.0009364541,0.005928062,0.059599154,0.0049392395,0.003909595,0.0419608,8.807973e-05,0.03361214,0.34794542,0.0029845142,0.05207133,0.45460728,0.011085801,0.0038631528
3730,0.060063574,0.06398522,0.0026653707,0.046463978,0.19881181,0.093454175,0.0058902306,0.81182456,0.021301301,0.055266768,0.0152455205,0.03580842,0.11111776,0.0070963474,0.007313405,0.115641184,0.00013956871,0.27687094,0.05680464,0.0028051948,0.0044717495,0.26980928,0.047924355,0.008784799
3735,0.13083121,0.06291843,0.0056600617,0.00407421,0.33687723,0.14518498,0.0018002841,0.26386184,0.03477434,0.09642017,0.0024213563,0.0019331872,0.6745113,0.007859718,0.0053906185,0.18151712,2.5962428e-05,0.06179209,0.21090841,0.005106326,0.002022266,0.48377943,0.0012240607,0.0014644874
3736,0.6959722,0.11813397,0.0027250254,0.012718336,0.22434218,0.55312806,0.008638536,0.45631948,0.012350034,0.016370706,0.008600653,0.011365047,0.039585546,0.003171739,0.002823597,0.108859375,0.00021084344,0.053251177,0.17735682,0.0039311326,0.015594222,0.6448717,0.014958225,0.010487425
3738,0.0075514643,0.013036504,0.0020363436,0.005234133,0.8060566,0.047729306,0.00013351545,0.4521587,0.043080606,0.060744796,0.0022945798,0.000782788,0.021365944,0.027359772,0.026891768,0.029951526,1.6483016e-06,0.581926,0.012967462,0.003867203,0.003602562,0.05989564,0.00015988771,0.0002905035
3740,0.019847823,0.04472107,0.0062021003,0.0133503545,0.734912,0.020433957,0.0011228218,0.5285577,0.0961603,0.0335989,0.00031542822,0.0030395759,0.0040395544,0.03453085,0.01842042,0.0036243072,6.8226223e-06,0.34777957,0.009048886,0.005077076,0.059469897,0.016492173,0.0009813724,0.0030139005
3741,0.033631995,0.03687268,0.003872925,0.0034452637,0.7425226,0.07202082,0.0001637026,0.43583867,0.05495269,0.091641404,0.0018361466,0.0013373832,0.052047104,0.011274512,0.015117936,0.040531363,2.4107883e-06,0.4364619,0.053762283,0.0034636126,0.003781987,0.124215424,0.0005909399,0.0006530661
3744,0.32667252,0.14286952,0.0042528966,0.013746011,0.5042551,0.44781834,0.00077662524,0.5055913,0.040310737,0.023461401,0.015760414,0.011070024,0.014507308,0.00787366,0.014644982,0.06328972,3.7040252e-05,0.1806938,0.013381922,0.0064844834,0.018690078,0.29900846,0.00809167,0.05429793
3747,0.03848565,0.03950292,0.008308349,0.0057153516,0.33953038,0.13667636,0.0014211939,0.28053907,0.04688402,0.18269996,0.006336522,0.0022975365,0.763789,0.01229445,0.0107809305,0.28099102,3.414388e-05,0.091143966,0.07249299,0.009694925,0.00049717556,0.42698598,0.0006291815,0.0019655921
3748,0.01302351,0.009528803,0.0019940778,0.020316383,0.662465,0.055298544,0.021976428,0.50558984,0.026814139,0.0115967225,0.0006480737,0.0021510187,0.0072584166,0.05191621,0.009791349,0.009725597,3.223685e-05,0.169596,0.01167999,0.0064940136,0.03917708,0.042634048,0.00036729674,0.0010955959
3750,0.32356352,0.3160253,0.026716793,0.008980581,0.61500764,0.23764332,0.00042337753,0.30723512,0.119639836,0.103315085,0.009404652,0.01614681,0.02955521,0.0087401485,0.03695897,0.0843106,3.1913383e-05,0.2788516,0.031641,0.014185544,0.0071392627,0.23233707,0.015562067,0.02897336
3754,0.024045534,0.005987245,0.00020608479,0.005418238,0.64878607,0.1849345,0.00030616953,0.5854048,0.007398937,0.0136171635,0.006579827,0.0007474049,0.033854794,0.00963326,0.0057104435,0.072907254,2.888655e-06,0.35312393,0.015265573,0.0013754736,0.00244576,0.24203886,0.0003632494,0.00027639707
3756,0.0056330618,0.008622343,0.008034651,0.28737202,0.14628415,0.025584675,0.85942507,0.40330797,0.013211738,0.0031380174,0.0006159631,0.1140308,0.002739537,0.50495017,0.040809166,0.009499858,0.0075188964,0.046368927,0.002815052,0.026498258,0.05245999,0.015140986,0.010618297,0.0045149783
3758,0.019616706,0.031127539,0.012503745,0.09092977,0.20477572,0.12612627,0.10215615,0.5902882,0.03378761,0.1296154,0.02560349,0.050504074,0.31261766,0.045191064,0.021772526,0.3020829,0.0022150245,0.16109514,0.078655966,0.023187425,0.0019361243,0.29563913,0.013454584,0.0051375977
3760,0.18977498,0.009616367,9.233965e-05,0.0013907208,0.6668503,0.8863507,2.4815477e-05,0.32550794,0.004637028,0.002178081,0.02081652,0.00035592096,0.0021216583,0.0024668926,0.004852135,0.079619244,1.5198442e-06,0.086871885,0.0005415616,0.0020323668,0.0006289914,0.33735952,2.890317e-05,0.0048423987
3762,0.6375114,0.6451976,0.05352891,0.0026848083,0.15637583,0.021149917,0.00064430287,0.17119636,0.13421622,0.39563227,0.00022577557,0.011671517,0.23465623,0.0017549868,0.006482748,0.041678317,1.5494008e-05,0.059855055,0.5251386,0.004004873,0.00087686186,0.25948948,0.009064541,0.006941461
3763,0.47680178,0.13436891,0.0014966868,0.034503013,0.106160894,0.22547723,0.024642695,0.62644285,0.003007663,0.0071146013,0.007152579,0.0777485,0.029620253,0.0013778872,0.001515295,0.10631787,0.0004217248,0.09276066,0.15222813,0.0028021394,0.00374597,0.5809259,0.2894486,0.0054290695
3764,0.023416603,0.019924652,0.0009637471,0.03192542,0.3690186,0.10019661,0.0022368596,0.7942829,0.014700768,0.03289892,0.015270936,0.011105411,0.067502126,0.016697912,0.010784645,0.097056866,3.643195e-05,0.41843235,0.030011658,0.0020383415,0.005877817,0.21601611,0.011362454,0.0029218995
3766,0.002153415,0.0069038277,0.000499801,0.008320808,0.5942323,0.013521389,7.728918e-05,0.7445959,0.014025851,0.036346372,0.0013075517,0.0020315805,0.006955695,0.011349322,0.0104493955,0.013274599,6.0371866e-07,0.689947,0.0059663807,0.0007199038,0.0006613999,0.028586281,0.0006304869,0.00019642504
3769,0.05799833,0.06869668,0.011300668,0.0037117063,0.30912703,0.08447454,0.0005829925,0.29127136,0.062947944,0.26134977,0.0032328577,0.0022467116,0.72683066,0.0067302845,0.0108983535,0.23001944,1.42900135e-05,0.12147745,0.13532804,0.006237285,0.00044641847,0.3995309,0.0008546273,0.0011542398
3775,0.05244147,0.032758325,0.0018241126,0.0094442535,0.5891125,0.14737675,0.0005700285,0.5994152,0.026323218,0.056565817,0.00790141,0.0040876213,0.06288139,0.010735275,0.012729549,0.0965235,1.00752295e-05,0.41768163,0.0517502,0.0033309527,0.0042153094,0.26179034,0.00289708,0.0016567283
3778,0.044118084,0.017399907,0.0009219236,0.0017402793,0.1296288,0.14782557,0.00042454325,0.238064,0.006911738,0.07655409,0.0016898687,0.0005536302,0.87766063,0.002253208,0.0011902115,0.28026265,4.174894e-06,0.022592815,0.09764594,0.0014542125,3.769453e-05,0.60187507,0.000111807574,0.00046100386
3788,0.020628808,0.015474773,0.0012620487,0.0075587654,0.19201028,0.14157914,0.0007491534,0.50480247,0.012108545,0.1308166,0.012719736,0.0020564517,0.7793924,0.0052778884,0.004703894,0.42152306,1.252198e-05,0.1369318,0.08028528,0.0021968086,0.00011410988,0.5719847,0.0007113639,0.0005570302
3796,0.029559273,0.04032422,0.011242091,0.001694979,0.92072964,0.08151575,0.00012599923,0.1265884,0.13996065,0.074625,0.00074708194,0.00036853307,0.019880474,0.03353644,0.051284965,0.017270966,2.1239555e-06,0.3597375,0.0117919985,0.016059302,0.009066494,0.042730484,3.467017e-05,0.0007402394
3797,0.7144587,0.05211133,0.00013640225,0.0038793266,0.14120138,0.80958205,0.00022903671,0.58927643,0.001662025,0.003376827,0.018510932,0.0036999143,0.012328422,0.00025174808,0.0007164949,0.12671484,1.1995626e-05,0.04690966,0.016967373,0.0006703199,0.0007470097,0.79531676,0.004190181,0.008896058
3800,0.4131054,0.31311998,0.026300594,0.0062206998,0.35370216,0.08822558,0.0020132735,0.3110558,0.1057561,0.20538902,0.001783791,0.008743276,0.33121437,0.0058964947,0.0105871,0.09460864,4.3938373e-05,0.11256779,0.37913576,0.0071477923,0.0059296447,0.3706313,0.012523178,0.0070254835
3802,0.74754274,0.7712382,0.07740955,0.0004893148,0.10550835,0.0017191857,0.00057912385,0.026820723,0.16734448,0.39425987,1.7200899e-06,0.0034355056,0.21234085,0.0009586439,0.0029421945,0.009753728,5.1675684e-06,0.016387315,0.93317544,0.0015226392,0.0007024797,0.1259924,0.00089944387,0.0001413221
3807,0.057965137,0.016844068,0.0010684477,0.0065593375,0.18888712,0.3438468,0.002328714,0.3670397,0.007819987,0.054857105,0.007852578,0.0021406717,0.6913171,0.0060142763,0.0023804223,0.30985263,3.6482605e-05,0.03704696,0.054455973,0.0037742176,0.00020808277,0.59946644,0.00041274633,0.002942073
3808,0.095442206,0.10003736,0.016123027,0.0056469166,0.8174095,0.15007271,0.0005389089,0.305408,0.15302132,0.09656207,0.0027605519,0.0022860558,0.03873697,0.022785766,0.031794727,0.037415862,1.3236524e-05,0.2876526,0.037529554,0.013886489,0.021746421,0.10978465,0.00087512075,0.0052057514
3810,0.49221253,0.30527893,0.0088727,0.00055315514,0.10105762,0.011239998,0.00034882218,0.07077213,0.034436405,0.16459279,2.3948734e-05,0.0011460698,0.62056875,0.0010422369,0.0012937593,0.05155779,2.2046102e-06,0.01857618,0.821431,0.0006432846,0.00029500775,0.37823904,0.00067560916,0.0001377145
3812,0.05939298,0.056709062,0.0074608447,0.0044488986,0.8251875,0.12965629,0.0003021651,0.326385,0.102470756,0.07206213,0.0025788688,0.0014848023,0.03900642,0.021728499,0.026325138,0.035604093,6.229145e-06,0.33872545,0.027720591,0.009475136,0.014558882,0.10660421,0.0005819366,0.0023008708
3814,0.014149514,0.00958496,0.0010986332,0.0032291121,0.8210961,0.10733552,0.00014830087,0.33740386,0.027683249,0.038062982,0.0036266602,0.00044982758,0.05381348,0.024458056,0.020251196,0.053593148,2.1133017e-06,0.4389716,0.013705047,0.004261663,0.0029429107,0.12858608,0.00010550217,0.0002343583
3818,0.0047451113,0.02380147,0.011337188,0.10261301,0.4543961,0.021792391,0.01069279,0.66297615,0.061563324,0.049685944,0.008499131,0.02796889,0.011177046,0.23403226,0.120066956,0.033329494,0.00020511932,0.5373858,0.005024062,0.01439988,0.016458075,0.02559916,0.010107424,0.0036574702
3825,0.4400737,0.09228505,0.00292893,0.00424116,0.481156,0.449249,0.00090103026,0.39807916,0.031132055,0.041720662,0.0076139183,0.0022859839,0.16328597,0.0044233454,0.0051261215,0.1416413,3.0052672e-05,0.09683814,0.13315263,0.0041803177,0.008831483,0.5637525,0.0033810583,0.0051966235
3828,0.05808938,0.046498816,0.0057588792,0.034790702,0.6378554,0.042051427,0.015291356,0.5713452,0.080754936,0.015111072,0.0007187469,0.006429829,0.007869265,0.0654013,0.017127752,0.006496768,8.485756e-05,0.20535846,0.024995252,0.0042423746,0.4283241,0.03765331,0.0058073844,0.0046317116
3830,0.045275703,0.03975438,0.0061142365,0.00425488,0.22315845,0.075840205,0.0018711479,0.23671833,0.029886706,0.15722671,0.0018719977,0.001990313,0.85812056,0.007838441,0.0056042727,0.26139918,2.2717437e-05,0.055793364,0.186654,0.005389732,0.000374659,0.4839343,0.00065137725,0.00060406484
3831,0.7037165,0.36675906,0.0060132127,0.0058553102,0.10738038,0.1303948,0.0026989395,0.28367072,0.014133458,0.06897555,0.0015547127,0.015594559,0.22467768,0.001035793,0.0016906639,0.09171071,5.720619e-05,0.03624585,0.48354402,0.0025052764,0.0011559685,0.6065482,0.028511906,0.010071211
3835,0.0043966775,0.0023956562,0.00017230304,0.0011823119,0.88188803,0.029782724,4.1040894e-05,0.34379396,0.016033232,0.01312445,0.00023091586,5.3216223e-05,0.007103608,0.01625268,0.00685699,0.005956302,1.4748393e-07,0.4665497,0.0064732954,0.0008476884,0.0053822775,0.034922637,5.235237e-06,2.898921e-05
3839,0.20627046,0.024028923,0.00039432253,0.01202831,0.27184197,0.5665653,0.0016639803,0.6601027,0.00428578,0.017459285,0.03636154,0.00533254,0.07889206,0.002620267,0.0028558364,0.30419892,4.4423523e-05,0.16964383,0.06560879,0.00196027,0.001489592,0.70902705,0.0047578346,0.001963064
3840,0.18439111,0.40196207,0.072333135,0.08524792,0.33504945,0.06277125,0.020354278,0.48926273,0.21525036,0.07308128,0.005205873,0.07734823,0.015137544,0.062037133,0.05646168,0.018161854,0.00071471534,0.15492354,0.016607422,0.027048532,0.101008356,0.047484923,0.05364052,0.22974332
3841,0.07522143,0.04740021,0.0033572528,0.018867038,0.6100885,0.18094611,0.0023638378,0.63185513,0.032639645,0.035320915,0.009389721,0.009344199,0.02048608,0.016197208,0.015938174,0.063211575,4.3771717e-05,0.37370196,0.03674953,0.0063209743,0.015682628,0.19476028,0.008824774,0.0041753147
3843,0.15778978,0.016742134,0.00047769927,0.04006114,0.12730291,0.7107843,0.02646465,0.7130257,0.0028327762,0.0066115544,0.049360964,0.019758273,0.04725872,0.0065307138,0.0026812025,0.2267184,0.0005908602,0.062060483,0.01885439,0.0035427825,0.0026345607,0.5999677,0.005879405,0.014120641
3845,4.914948e-07,2.6071305e-06,0.0010584577,0.7637531,0.0033003367,3.2756638e-05,1.0,0.00023005225,2.2638325e-05,2.3633449e-07,4.897855e-10,0.13605487,2.983897e-07,0.9992636,0.0314408,7.444141e-06,0.43691745,5.6241506e-06,1.6010056e-07,0.29308948,0.0005321752,5.628722e-06,5.8856656e-08,2.3425887e-06
3850,0.05735022,0.017323261,0.0011157261,0.003752382,0.79279816,0.14466666,0.00063777214,0.408721,0.02115419,0.020901103,0.0022729023,0.000983232,0.018806763,0.012767634,0.009489747,0.034208503,8.105802e-06,0.3729064,0.05063677,0.0029419637,0.011200237,0.16409089,0.00060004805,0.0002949304
3851,0.105117545,0.085177824,0.005169092,0.022860507,0.56642663,0.15051612,0.0016282743,0.60786724,0.044207387,0.03370582,0.0111187305,0.016412567,0.018410843,0.019008672,0.025296038,0.053456068,5.2152598e-05,0.3948941,0.020771261,0.007287705,0.02244523,0.16265696,0.021753158,0.0108747855
3854,0.0023355626,0.008173862,0.002079648,0.061368015,0.5502219,0.034916557,0.004074222,0.63308924,0.02755496,0.013630776,0.0056435196,0.006896476,0.004324641,0.23529929,0.06814225,0.013504251,4.8012633e-05,0.43831673,0.0013297836,0.0067769527,0.021389898,0.018039275,0.0009949943,0.00418966
3863,0.01170203,0.017034693,0.0014689924,0.0153322425,0.6217497,0.047552265,0.00047831668,0.68895054,0.02191653,0.033837922,0.0042610704,0.0053441203,0.009205685,0.020555986,0.020382185,0.028912475,6.2088025e-06,0.603392,0.012009223,0.00277039,0.003650882,0.06663391,0.0030235185,0.00089290226
3864,0.4227035,0.06319055,0.0010638954,0.0044517275,0.37652594,0.5885854,0.000721806,0.46838424,0.012909415,0.026545452,0.011380612,0.0022624622,0.11096508,0.0020484945,0.0027791709,0.1583995,2.3076342e-05,0.07708677,0.05311321,0.003587294,0.0021168613,0.62289906,0.0018032944,0.00919504
3866,0.24144365,0.038332034,0.0004966427,0.007337021,0.121317565,0.49171865,0.00090748275,0.5760888,0.0036500704,0.03170833,0.018758608,0.004814644,0.2540521,0.0010698088,0.0013990214,0.32255602,2.6024898e-05,0.07435517,0.08741174,0.0013668214,0.00021465632,0.76482975,0.0029900274,0.0035624802
3867,0.25666973,0.49734095,0.06989182,0.028631296,0.20721006,0.04003076,0.002511122,0.5487282,0.19176328,0.3411957,0.004699581,0.07390157,0.06873798,0.008172458,0.02656133,0.05565549,0.00014097405,0.24372853,0.102139704,0.014123588,0.0038683824,0.13448921,0.05499063,0.056175597
3868,0.1954338,0.10622331,0.015932268,0.01888366,0.765358,0.13033782,0.007018113,0.3153856,0.20360102,0.02329988,0.00088493,0.00351292,0.014998987,0.06845801,0.026188105,0.01022869,9.663679e-05,0.116905645,0.03622965,0.0083492845,0.7509377,0.060340334,0.0018984221,0.010307066
3871,0.016622154,0.031469893,0.003510277,0.031409737,0.5713582,0.0444118,0.0010633179,0.6631601,0.032398228,0.028197497,0.007985373,0.015381192,0.0062095225,0.048638515,0.054565024,0.029283699,2.1074546e-05,0.6396974,0.0062015327,0.0052446704,0.00989598,0.04946121,0.012007061,0.0025550327
3874,0.6983594,0.021504076,3.5849807e-05,0.0068150405,0.06522577,0.8954272,0.0011451752,0.6367074,0.00025449003,0.00068097806,0.032372013,0.0076829535,0.0052226973,0.00017714723,0.00030833928,0.15904163,3.3297034e-05,0.031080693,0.0075707934,0.0004642414,0.00023476328,0.8530408,0.0061614364,0.006121664
3876,0.08086726,0.07198539,0.0024842068,0.06622642,0.28443652,0.08340176,0.0075838673,0.81869876,0.019599888,0.013348407,0.011203649,0.058081076,0.012213705,0.01751072,0.014392756,0.033715077,0.0001939378,0.3633179,0.015859518,0.0033250751,0.034826476,0.12610225,0.14729653,0.01667796
3890,0.6609237,0.51808774,0.020644734,0.0004002406,0.10868842,0.0073277615,0.00036105738,0.043133654,0.057789575,0.20878033,7.873074e-06,0.0015659768,0.45195806,0.0008840148,0.0016600174,0.027445635,2.6471994e-06,0.014463891,0.880815,0.00084901374,0.00040059237,0.2962173,0.0007534685,0.00017180253
3893,0.08032324,0.040785793,0.0029437153,0.020971205,0.54617715,0.19180769,0.0043436787,0.66801214,0.039045423,0.026768608,0.0056031696,0.006519428,0.02183174,0.018017579,0.009791945,0.041424852,4.5573248e-05,0.21951874,0.030817872,0.0053529157,0.03359737,0.16241443,0.004282696,0.0067382036
3896,0.09803771,0.120428786,0.021888932,0.0038890273,0.84016234,0.15851635,0.00033458407,0.24891447,0.19376044,0.11360762,0.001931907,0.0018362524,0.028892213,0.021040889,0.03406838,0.027625114,8.499156e-06,0.2492868,0.025794644,0.017001804,0.016226625,0.08436167,0.0003673134,0.007737947
3897,0.012811663,0.015241871,0.015179373,0.18009865,0.11789315,0.012679416,0.9604922,0.15341021,0.013752121,0.002790153,6.8045265e-05,0.0804091,0.003246068,0.3275531,0.014314367,0.0060714334,0.007242953,0.0104268035,0.006243753,0.04256711,0.024760053,0.012883119,0.005164673,0.0015336901
3899,0.7194158,0.4121095,0.0065022823,0.0017518421,0.07020383,0.030950002,0.0012228208,0.13451,0.016510675,0.09827986,0.0001400624,0.005510201,0.35631236,0.00070730655,0.0010994991,0.065156944,1.4938368e-05,0.022893133,0.8153615,0.00095029443,0.00057378394,0.53626287,0.005683905,0.00076197943
3900,0.3429775,0.08810688,0.0012538312,0.00631695,0.123861246,0.3471656,0.00075952656,0.5207579,0.007438456,0.053693857,0.010635107,0.005962326,0.3263643,0.0011309393,0.0017692972,0.21692085,2.2832484e-05,0.06564866,0.11673401,0.0017421069,0.00038561432,0.7027082,0.005039627,0.009503152
3904,0.27151054,0.11985613,0.014443936,0.008680752,0.7800855,0.37085456,0.0020362593,0.27487817,0.115183994,0.050535534,0.007616134,0.0041531776,0.05593899,0.028289301,0.029896628,0.0814478,7.726509e-05,0.18495268,0.048685633,0.01761841,0.06259424,0.2526291,0.0032884872,0.01029277
3906,0.00039045382,0.00057843456,2.751238e-05,0.018389907,0.47113043,0.011294819,0.0003943776,0.85760593,0.0028397741,0.0024074074,0.00073708256,0.00081751985,0.0010562073,0.027768567,0.0041987393,0.0033483477,6.326175e-07,0.48063123,0.0005179392,0.00017490887,0.001895461,0.009972628,0.00012814315,9.670344e-05
3911,0.12558684,0.17277399,0.04146117,0.021181501,0.7557126,0.09850113,0.0075683435,0.3447333,0.230138,0.077316664,0.001819633,0.0077509074,0.025543246,0.05746555,0.038140215,0.018574197,9.3304705e-05,0.19669956,0.044121273,0.02323902,0.16394305,0.06294156,0.0038982932,0.020732526
3913,0.11802247,0.18081306,0.043011438,0.042115364,0.48167697,0.029877225,0.032430045,0.5201971,0.15285918,0.14991626,0.0014908875,0.027012408,0.06779447,0.037015673,0.025016086,0.03156855,0.00028135214,0.24886324,0.21836397,0.016617706,0.052595377,0.09255258,0.030202238,0.006335
3920,0.033313442,0.030658722,0.0048496327,0.0026851557,0.7092994,0.07559723,0.00033124926,0.3592317,0.071181566,0.11033681,0.0011171699,0.00055657665,0.18377113,0.012677458,0.010451319,0.05010617,2.8195175e-06,0.24026062,0.081532605,0.004421351,0.004226646,0.16549885,0.00017089477,0.00048182099
3923,0.02817141,0.1448847,0.08357784,0.0015173439,0.8544025,0.030382354,8.2523766e-05,0.14672104,0.38168138,0.32344475,0.00021963859,0.00058973685,0.033028375,0.017713724,0.050045814,0.0119240135,1.1463477e-06,0.2681711,0.02123472,0.025245773,0.0030348273,0.02529745,3.0178233e-05,0.0017473864
3925,0.32967025,0.26851344,0.004195734,0.08576926,0.06292089,0.02667712,0.026754886,0.746397,0.009979702,0.011264561,0.0031144058,0.28029138,0.013330402,0.003009266,0.004046809,0.02783772,0.0007853647,0.16023374,0.04711617,0.0031545612,0.0075238436,0.16359878,0.7910673,0.014121285
3926,0.011702668,0.32447737,0.44207588,0.0048030694,0.43412203,0.0070636277,0.00013613676,0.12681127,0.5955405,0.817856,0.0011134249,0.008224911,0.1531988,0.022899361,0.20046529,0.06679598,1.41152395e-05,0.34220922,0.0120263165,0.079674974,5.249855e-05,0.019515622,0.00023487995,0.002835132
3930,0.044900298,0.039654903,0.0035220375,0.0191063,0.66109097,0.07255981,0.0016587471,0.5634091,0.033353288,0.022191718,0.0037832018,0.009587491,0.0044416627,0.026780216,0.030107293,0.020026803,1.7087095e-05,0.48466426,0.012306975,0.0063578715,0.018089663,0.07275529,0.008530511,0.0027175546
3935,0.36166403,0.30029905,0.016829062,0.018636577,0.34886843,0.22638561,0.002202916,0.53442514,0.08669891,0.10488884,0.009905521,0.021211367,0.059040137,0.00885496,0.01454332,0.058626164,9.820123e-05,0.14288078,0.05650009,0.00991942,0.013087545,0.25856057,0.017485946,0.121666856
3943,0.34491885,0.03710717,0.00065057754,0.024968527,0.25479573,0.6355848,0.011152746,0.69022393,0.0063451026,0.0049159657,0.023122245,0.013454293,0.018900817,0.0055409763,0.0033463717,0.10322125,0.00019728337,0.086017966,0.02100407,0.0030365936,0.018477999,0.49321204,0.011167348,0.017160641
3953,0.32957107,0.10760039,0.0024405017,0.014168448,0.31089625,0.37471592,0.0021258043,0.6198684,0.016283508,0.037705507,0.020509744,0.013140474,0.07022854,0.0028907822,0.005600352,0.17851707,7.553492e-05,0.18315214,0.09742367,0.0040836553,0.0042215833,0.5847893,0.024202805,0.008980745
3959,0.20733248,0.38910517,0.11997687,0.024602877,0.36041027,0.024743617,0.011711523,0.41093302,0.28260994,0.37157804,0.0015392695,0.031035297,0.13070813,0.021440191,0.036754157,0.057505865,0.00019844854,0.22183569,0.32575008,0.02529381,0.013680009,0.11630561,0.023744881,0.007397137
3965,0.2977051,0.12687969,0.0122190565,0.0082957465,0.7503834,0.3994675,0.001609047,0.32939112,0.112651475,0.052104596,0.0074635115,0.004148654,0.05269081,0.018982077,0.020805527,0.08048664,6.335565e-05,0.16659266,0.05513582,0.014067885,0.055007022,0.27848384,0.0038113117,0.012171427
3967,0.01650089,0.012166033,0.0020502734,0.007535739,0.7549864,0.078728326,0.0011013203,0.4492187,0.026729047,0.048157025,0.0041287374,0.0015040899,0.05430631,0.028246583,0.022174662,0.06838279,1.0278521e-05,0.50126886,0.043280292,0.0052746353,0.005323846,0.15603003,0.00073339324,0.00022513045
3970,0.03017902,0.012625495,0.00047381682,0.042122163,0.25996074,0.20452343,0.007449331,0.8308337,0.008792945,0.010980596,0.014687539,0.010136215,0.047239732,0.01660075,0.004756452,0.07693129,8.677202e-05,0.19247788,0.018687582,0.0014634293,0.012974317,0.2290845,0.006792305,0.004864875
3972,0.37379444,0.58011425,0.12242699,0.00798976,0.28262097,0.03160881,0.001429397,0.2571603,0.28094885,0.46482125,0.0009959457,0.020752857,0.17523097,0.006384012,0.023776786,0.0596055,4.9394705e-05,0.12696245,0.23203659,0.014580612,0.00235484,0.16381386,0.013882904,0.016381158
3974,0.39959776,0.13956487,0.0074874456,0.031191481,0.54078233,0.37992695,0.008397462,0.47910017,0.0634751,0.014658991,0.009643175,0.016854502,0.023900766,0.031205334,0.019912759,0.043722417,0.00026620412,0.12956963,0.032918435,0.008570611,0.3034872,0.2521448,0.024105344,0.04524013
3976,0.2293456,0.35085043,0.05418316,0.016054127,0.28207445,0.04897611,0.0021751553,0.45635387,0.15096302,0.3524698,0.004352655,0.033907846,0.23947643,0.009189828,0.026077166,0.12112529,8.4424944e-05,0.2532599,0.21664532,0.011497058,0.0030442988,0.25317517,0.041881952,0.011890615
3983,0.033127666,0.027319636,0.004540888,0.06172518,0.34600097,0.116871305,0.045681085,0.71234304,0.026572129,0.047187738,0.010007962,0.02343116,0.10366696,0.036037773,0.0120865535,0.10787564,0.00043584072,0.22525062,0.082315326,0.008750023,0.013552672,0.2234502,0.018074121,0.00393993
3987,0.43548894,0.71315837,0.13034679,0.0059540938,0.26570854,0.027122952,0.00024124914,0.29128593,0.27853373,0.5390265,0.0010705226,0.031822994,0.0668935,0.0027645943,0.02533895,0.038946677,1.5841235e-05,0.21382307,0.1409816,0.010390928,0.00093793374,0.12235817,0.019772608,0.031956755
3988,0.28510422,0.03137967,0.0005163953,0.0050464915,0.37513605,0.67649734,0.00046891754,0.47291732,0.0079371305,0.01948027,0.026959684,0.0020107506,0.09288447,0.0026352361,0.003736178,0.24014892,2.2193464e-05,0.10181338,0.023509076,0.0030927602,0.001183565,0.64099586,0.001030916,0.005329344
3993,0.089196615,0.016972113,0.0010277139,0.016897097,0.72810304,0.32607114,0.0037907155,0.43667403,0.024878098,0.0033006081,0.0047081443,0.0027179047,0.0025819836,0.061097898,0.022551293,0.018727154,3.3920915e-05,0.19350974,0.0033230828,0.0051669762,0.18718971,0.092901096,0.0009421212,0.005309498
3996,0.46665716,0.2645069,0.010887374,0.0008060675,0.032964256,0.0010118425,0.056343734,0.008665407,0.009204142,0.026015794,2.413366e-07,0.002159706,0.56103563,0.0011645578,0.00028730265,0.020949572,2.9504485e-05,0.0011664301,0.96087295,0.001509502,0.00046767585,0.22423786,0.00037926703,4.4892818e-06
3998,0.19047566,0.02705042,0.0005464515,0.017027222,0.49936888,0.38692746,0.0028490657,0.66270745,0.008543188,0.005238179,0.013259692,0.0070613204,0.010383737,0.008110181,0.005857656,0.06712171,4.9308623e-05,0.22074276,0.020870117,0.002464498,0.02995347,0.36045718,0.012935673,0.0035013712
4000,0.6184757,0.08421096,0.0009553504,0.008735465,0.20209791,0.6465229,0.0019228406,0.55574596,0.006363021,0.012948842,0.016182065,0.007578586,0.049193945,0.0013211918,0.0019824065,0.15914671,6.4183034e-05,0.06503181,0.07477576,0.002332024,0.0033006081,0.71860474,0.010644659,0.010367312
4005,0.008807235,0.0171268,0.009656873,0.048184752,0.36398196,0.032871198,0.10596994,0.4668734,0.033881113,0.07584816,0.0013358628,0.011535467,0.2467935,0.06258329,0.010981192,0.076327324,0.00027115952,0.122491024,0.10878785,0.01428801,0.006038334,0.14237377,0.003266893,0.0009559014
4008,0.50554454,0.30275005,0.015896853,0.015546106,0.3589023,0.1917103,0.004601119,0.47989616,0.06819339,0.09659054,0.006903508,0.021977512,0.15270467,0.0060990592,0.009818575,0.10017256,0.00015356387,0.14083618,0.24874051,0.008399276,0.019921273,0.4481597,0.061011873,0.025837574
4009,0.0012706287,0.0035231637,0.002840648,0.0013154054,0.92056036,0.004876077,0.000438013,0.08459375,0.04784657,0.033995245,1.9689953e-05,4.7319492e-05,0.0113568045,0.05542575,0.022714082,0.002747256,5.219391e-07,0.31162664,0.009582157,0.007136383,0.0043643867,0.0093140155,9.943036e-07,8.218066e-06
4014,0.25589862,0.021476302,0.00033567162,0.0055418983,0.3457681,0.7208835,0.0005934516,0.43895286,0.0045223995,0.012392979,0.039301097,0.0024092235,0.08686216,0.003694808,0.0046628867,0.2712093,2.8666984e-05,0.10330416,0.016373409,0.0031259507,0.000822612,0.6740304,0.0010085574,0.0051465724
4018,0.51445127,0.23901351,0.0024188245,0.03048957,0.16577606,0.45656773,0.0019455937,0.57645893,0.014320334,0.009572294,0.020014202,0.0460962,0.0070444136,0.004022727,0.008494988,0.02845996,0.00012275731,0.086691536,0.006261307,0.0033926487,0.011388827,0.30600995,0.03815468,0.43560067
4020,0.028293537,0.017109975,0.0033736385,0.011896841,0.76412725,0.15835999,0.0026609688,0.3459904,0.053456567,0.032864753,0.0047678817,0.0012489663,0.0622661,0.06741268,0.023491235,0.049330536,2.9313216e-05,0.23396078,0.018401155,0.010580379,0.046166994,0.12518194,0.00026600598,0.0018271375
4021,0.02031219,0.01580445,0.0017435885,0.012530976,0.78477657,0.05297699,0.0017266889,0.4566456,0.03152333,0.016751409,0.0014331664,0.001962812,0.008682722,0.04824699,0.021927908,0.013079601,9.978412e-06,0.40290293,0.012061396,0.004548771,0.035273276,0.049091324,0.000917675,0.00088755327
4025,0.032420035,0.12228936,0.038563985,0.0066925557,0.86191785,0.035182506,0.00022932474,0.27056074,0.23418911,0.12892158,0.0008730569,0.0034042394,0.0068890275,0.038925987,0.07413218,0.010372543,4.912764e-06,0.50090396,0.0116965985,0.019022344,0.014473519,0.020942703,0.00085292856,0.0037774856
4033,0.3642436,0.06657917,0.0019918794,0.008223336,0.51535034,0.5683059,0.0013944986,0.4726759,0.02094216,0.023395909,0.019184642,0.004562732,0.054130424,0.005549512,0.0075243213,0.1681666,5.821883e-05,0.1453331,0.054065485,0.0055019557,0.010074025,0.5432099,0.005134033,0.0068668146
4036,0.16845445,0.16590728,0.028037345,0.0028711534,0.35879546,0.026127575,0.0035763327,0.13617544,0.1123471,0.19563432,0.00013275666,0.0018575125,0.58127666,0.009584515,0.007091296,0.05501018,1.7681969e-05,0.042529184,0.5162704,0.005896221,0.0043192357,0.24102554,0.0007040607,0.0007754882
4037,0.3570352,0.022767363,0.00029241169,0.007675533,0.26570463,0.7326235,0.0012395504,0.568945,0.0032145034,0.008869535,0.03506862,0.0035085743,0.04818181,0.0019974655,0.0024198648,0.29738963,3.8964205e-05,0.10438732,0.036124505,0.0020872182,0.0013909836,0.74464756,0.0026094527,0.0021987956
4061,0.056225277,0.09611557,0.0023812754,0.09544441,0.15559898,0.054560546,0.0012570437,0.8546366,0.012854068,0.013787303,0.039708752,0.18330568,0.003055598,0.014928072,0.04833787,0.045784313,0.00012005758,0.67188936,0.0034489823,0.0025918768,0.0064741233,0.09650876,0.3035453,0.022766752
4063,0.37158993,0.008528852,3.3211087e-05,0.0045493753,0.2625461,0.867161,0.00026884195,0.5824435,0.0007144355,0.001971908,0.06679475,0.001675742,0.013644161,0.00088381855,0.0014813212,0.33048826,1.2690662e-05,0.11770322,0.009103291,0.0008473816,0.0004363735,0.81613874,0.0009766067,0.0009751237
4070,0.00038224235,0.0021171917,0.0003695502,0.0030435624,0.8016423,0.0039422056,1.9438767e-05,0.58251524,0.021069868,0.033095494,0.000107238855,0.00015327157,0.0017836288,0.018052557,0.010296729,0.0024673257,3.677708e-08,0.68446624,0.0018369482,0.0006635507,0.0006259066,0.0061977487,7.246202e-06,2.314875e-05
4072,0.013503578,0.01715605,0.0021531268,0.0070516015,0.80659604,0.03283823,0.00051929447,0.4523098,0.042017844,0.033961732,0.00074940117,0.0011084856,0.011533972,0.02957143,0.017335866,0.010881126,3.2362243e-06,0.4619078,0.018129518,0.0035745301,0.015643539,0.039929967,0.00038847234,0.00047661766
4079,0.50921047,0.06456433,0.0017226802,0.0036717171,0.638077,0.7137369,0.00054869463,0.31629446,0.023953136,0.011684699,0.01013104,0.0017217383,0.019975081,0.004253209,0.0058952146,0.101000845,2.816166e-05,0.08254679,0.030653939,0.0045720385,0.01522903,0.48591697,0.001276741,0.0051997327
4082,0.18699388,0.024988223,0.0010723681,0.0050146487,0.77697355,0.6400292,0.000617836,0.32464564,0.022649014,0.0059976093,0.0117697,0.0015834422,0.006104097,0.014294412,0.013893334,0.06530359,1.995426e-05,0.15140495,0.00474395,0.0062935622,0.01894588,0.23169081,0.00051743496,0.0039017089
4088,0.03362624,0.047520034,0.006150438,0.0047122845,0.83746743,0.0451028,0.00035998315,0.37542295,0.110199906,0.052638777,0.00043825232,0.0010994561,0.00703608,0.021355396,0.018175501,0.0070482297,2.951415e-06,0.35365424,0.020312462,0.0052428795,0.034840584,0.0322419,0.00022372587,0.0016337801
4090,0.686731,0.36073652,0.005197437,0.010232166,0.1345087,0.1816068,0.0026195731,0.4661938,0.013349706,0.04795338,0.0045618545,0.031748127,0.08574643,0.0007487027,0.0020538704,0.110997185,8.607326e-05,0.08730084,0.3393072,0.0029081302,0.0019324955,0.6350358,0.111050844,0.012130685
4107,0.0021060207,0.0058308933,0.021594223,0.15680633,0.20020773,0.019495651,0.92969203,0.12926412,0.016397916,0.011707517,0.00031394916,0.048056945,0.020739598,0.48373473,0.039682407,0.024173988,0.009461041,0.02135214,0.007567011,0.09012945,0.0052082962,0.02518269,0.00083651335,0.0010499001
4109,0.003753468,0.018249014,0.004257664,0.016080016,0.53959304,0.018828256,0.00023153868,0.6967529,0.042457443,0.1390046,0.006456481,0.006375995,0.024614688,0.026079921,0.044777144,0.06019759,4.905713e-06,0.7592813,0.014474676,0.00412445,0.00066585024,0.051001664,0.002130503,0.00035398087
4114,0.6809008,0.44471365,0.023389999,0.0048358655,0.29758924,0.122584246,0.001728802,0.23933505,0.08064695,0.15887299,0.0014794667,0.009630605,0.21478824,0.0035371245,0.0070503163,0.07270785,5.7306548e-05,0.070841946,0.48963448,0.005200339,0.0075313174,0.4586209,0.018650278,0.01136028
4116,0.050995503,0.04267623,0.006155188,0.0026314626,0.28478676,0.08112525,0.00062062877,0.25508383,0.039794616,0.18073684,0.0017424145,0.0010626534,0.81180525,0.006583057,0.0061315973,0.21736391,8.120836e-06,0.07547045,0.1808378,0.003816611,0.0004451592,0.45691076,0.00039905004,0.0005131608
4117,0.005726866,0.014230919,0.0007086037,0.0026993607,0.7636223,0.030108413,8.36486e-06,0.53593415,0.021703847,0.039408498,0.0015769941,0.0010259545,0.0045657777,0.0077571594,0.018719401,0.013886555,1.5446061e-07,0.72407246,0.0026969,0.0013883725,0.0005136487,0.032703724,0.00016924107,0.00042194777
4118,0.12939624,0.011882438,0.0004682743,0.0152856335,0.3192745,0.669573,0.0034803052,0.5414642,0.0044313516,0.013536534,0.0649936,0.005080522,0.115325175,0.010803854,0.0072168834,0.4205634,0.0001317522,0.1529897,0.031361498,0.0042072693,0.0019920878,0.6829103,0.0022664377,0.0015160419
4124,0.012139169,0.0319429,0.0022924608,0.011154761,0.4877755,0.03115743,0.00013689087,0.6806728,0.028191637,0.08950983,0.0057841507,0.007610431,0.025919694,0.010601984,0.02262173,0.053593002,2.9454227e-06,0.6789412,0.014196984,0.0022875667,0.0008686105,0.08556234,0.0032849852,0.001179429
4133,0.05287187,0.068270065,0.0055468096,0.008448474,0.6989375,0.09593878,0.00022426192,0.4880151,0.06200024,0.07976238,0.005424286,0.005485002,0.019370727,0.016307235,0.031692173,0.04323396,7.1360932e-06,0.51974,0.020538699,0.0060340627,0.0066933515,0.10963316,0.002627976,0.004176757
4135,0.5541738,0.30389595,0.016219275,0.0081160525,0.31599262,0.16849153,0.0036872628,0.35825542,0.06296578,0.111588374,0.003294698,0.010860827,0.22313035,0.004155855,0.0066725044,0.10857797,9.0512025e-05,0.088873714,0.4059429,0.0065649576,0.0096485,0.4950169,0.02403552,0.009870498
4142,0.073615916,0.06495562,0.009665902,0.04459127,0.63624215,0.05720853,0.0147495335,0.54182386,0.113895625,0.015998378,0.0010943407,0.008456403,0.0071130553,0.09602656,0.02894424,0.0074024117,0.0001265653,0.20083424,0.015236311,0.0072311894,0.55079,0.03499051,0.006413734,0.0098212
4143,0.27657098,0.040205605,0.0013361668,0.0022275914,0.79498565,0.6438008,0.00015526074,0.25064015,0.030709125,0.010897931,0.008834973,0.00081360724,0.015444349,0.007927096,0.011029621,0.070675515,9.7587235e-06,0.12872225,0.009173349,0.0052114124,0.012123921,0.2912398,0.00031763114,0.0038232158
4146,0.0032496634,0.00531819,0.0009917468,0.112213865,0.38392115,0.033529885,0.016607368,0.80132705,0.0140857,0.007689307,0.0050745388,0.014738388,0.003333502,0.20145112,0.04096979,0.015697857,0.000119844495,0.4535468,0.0033193766,0.0029388142,0.047662593,0.02638036,0.0053647743,0.0016756568
4150,0.21054287,0.15584393,0.018227143,0.004907923,0.53445256,0.22423597,0.00069469,0.2836595,0.104539774,0.15944542,0.006147958,0.0036134766,0.3156513,0.010219304,0.018534133,0.14989667,3.0087313e-05,0.13731326,0.08310519,0.012361031,0.004344017,0.35076636,0.002745035,0.009223399
4152,0.12454296,0.06480866,0.0035600807,0.003357141,0.16255444,0.10320223,0.0012545701,0.27106163,0.017536877,0.10746551,0.001574858,0.002032649,0.76246995,0.0032940167,0.0025074987,0.21374483,1.3119323e-05,0.041652806,0.2571889,0.0023208892,0.00028706226,0.5482391,0.0010903405,0.0010179442
4154,0.7106874,0.35804832,0.0064278315,0.0070312778,0.14837146,0.17990929,0.0021936742,0.3600575,0.018230105,0.0682313,0.0029807552,0.017850159,0.14598018,0.001044358,0.0023259025,0.1128676,6.218982e-05,0.064500704,0.4384762,0.0029326591,0.0018850898,0.63822854,0.044724338,0.010091616
4158,0.09357392,0.1082503,0.019110816,0.034273766,0.34606126,0.081976816,0.019314228,0.6052333,0.07408602,0.18262485,0.008366785,0.02466532,0.28063294,0.018040814,0.017055761,0.17295736,0.00028503078,0.2514273,0.3227495,0.011557317,0.008474402,0.31641862,0.02787963,0.0036517857
4164,0.054823555,0.058015183,0.002960579,0.07039826,0.23596396,0.10564825,0.00912414,0.8235688,0.02280854,0.033775978,0.021097118,0.055540383,0.04971449,0.020156743,0.014658949,0.08422157,0.00029864642,0.338227,0.030915216,0.00394571,0.014748895,0.19616413,0.07468161,0.016242802
4167,0.13806993,0.012366085,0.00012750408,0.015722396,0.2762842,0.55482817,0.0021460636,0.7485975,0.0019725799,0.004218281,0.033039924,0.0057142763,0.020498546,0.0026538474,0.0020110789,0.1627017,3.598751e-05,0.16982824,0.018187903,0.0012090707,0.0024494193,0.57440174,0.0049215253,0.0019530553
4171,0.02851659,0.022532532,0.0029892498,0.014364617,0.6978685,0.07091705,0.0025106575,0.53370017,0.02897519,0.02975178,0.0033552323,0.0043201405,0.015782345,0.027869603,0.021038452,0.03360918,1.6840342e-05,0.44249606,0.02974752,0.006545562,0.011435243,0.10888986,0.0046826135,0.0007662063
4175,0.08319788,0.008123025,0.00016049042,0.009866948,0.27781588,0.6523126,0.0007928609,0.59828395,0.002253236,0.014191025,0.08619229,0.0029299592,0.100923225,0.0034036166,0.0040243217,0.48634613,3.5421213e-05,0.20412615,0.023444021,0.0018395075,0.00032336626,0.74030656,0.0011561766,0.0007265399
4177,0.102866605,0.068144985,0.0035021715,0.0037358676,0.12397219,0.04976314,0.001448632,0.29731286,0.017722288,0.12484647,0.00090253825,0.0024534445,0.76838917,0.0026611623,0.0020822412,0.2093373,1.0518223e-05,0.04894341,0.40743315,0.0014389863,0.00027902675,0.51490384,0.0015234157,0.00036532927
4178,0.14869516,0.11233377,0.009088373,0.0040960526,0.62875307,0.1709681,0.00036999118,0.4390906,0.09605939,0.12025069,0.0024391948,0.00253959,0.08929468,0.0067435713,0.010750132,0.058987528,6.973154e-06,0.20397614,0.0820396,0.0058441623,0.006186288,0.23533182,0.0014633888,0.0052258666
4179,0.16503176,0.11269955,0.018648189,0.10463032,0.39505294,0.08121829,0.12720042,0.5600859,0.102567255,0.014176543,0.0017822413,0.038345687,0.009331831,0.09606676,0.02627272,0.014376226,0.0009066323,0.11199376,0.02931582,0.01132903,0.5686328,0.058255125,0.04159304,0.01735142
4183,0.096949644,0.032600466,0.002333681,0.010718853,0.6019418,0.2754876,0.0018233707,0.513463,0.029120434,0.04751343,0.013103179,0.0032936991,0.1376848,0.017872911,0.013233632,0.16205212,3.9528895e-05,0.27380425,0.08045473,0.005467392,0.010420045,0.39832515,0.0033182157,0.0019581453
4186,0.07446482,0.019625895,0.00043838893,0.0056418767,0.6312909,0.23509634,0.00034722843,0.5964866,0.010266611,0.014926635,0.0062542795,0.001827856,0.016871348,0.0040828176,0.004489844,0.0636126,4.9058954e-06,0.32557285,0.026036603,0.0016820318,0.0040889666,0.2926231,0.0017063947,0.0008819695
4188,0.077129394,0.020914368,0.0037524926,0.0037036478,0.721491,0.5129485,0.00056379027,0.14199355,0.042414796,0.05035988,0.02185381,0.0008667297,0.35079882,0.041361537,0.03701282,0.30507782,4.511803e-05,0.14631802,0.016924476,0.021700956,0.0035452365,0.4283669,0.00015631886,0.0018360759
4197,0.015549456,0.028498385,0.0058970903,0.015175332,0.7571498,0.03311534,0.0015423469,0.49591354,0.05575797,0.046271298,0.0015116639,0.0039963983,0.008800721,0.04668197,0.036305744,0.016160559,1.2583246e-05,0.5248985,0.017733,0.007958678,0.014550722,0.038397048,0.001870726,0.00094732025
4199,0.12805504,0.37357122,0.23277707,0.023398587,0.5302158,0.05023847,0.010796131,0.24906601,0.41687572,0.3776217,0.0023387924,0.019916557,0.13307966,0.047420766,0.068311654,0.057609938,0.00029973005,0.14262116,0.08908661,0.07128313,0.016212368,0.08352102,0.0063086078,0.025928507
4200,0.02483586,0.044297505,0.005972764,0.03463836,0.42162868,0.044619694,0.00832489,0.729721,0.06198997,0.055116486,0.0020894888,0.011373537,0.058077585,0.020487767,0.009495422,0.029051973,4.682857e-05,0.23295282,0.03607676,0.0048230565,0.016542917,0.075463876,0.007270036,0.0044120774
4203,0.03985308,0.05158503,0.009090674,0.041325122,0.2345884,0.10416664,0.019214628,0.650645,0.040242467,0.17018315,0.014901295,0.021356521,0.5130427,0.017032746,0.011332343,0.26904836,0.00027571173,0.18886696,0.16021028,0.009295365,0.0022364755,0.38207346,0.013709088,0.0047267764
4206,0.433775,0.034868293,0.00043660833,0.0075970744,0.41459924,0.73666066,0.0009823889,0.52488923,0.0060055405,0.006813046,0.029206887,0.0039325748,0.022037834,0.0026263355,0.0038372509,0.19364189,4.0514064e-05,0.11813724,0.022344805,0.002782397,0.005040483,0.6536546,0.0040117167,0.0043835533
4208,0.46152228,0.21998788,0.003133361,0.060927115,0.12982744,0.13709216,0.007910753,0.7059792,0.009726675,0.006449318,0.0111000445,0.15507877,0.006055051,0.004312701,0.008180421,0.037774,0.00037817325,0.20555146,0.021607248,0.0035120808,0.019751804,0.29504827,0.56296873,0.026421057
4211,0.6979674,0.3042929,0.0048434236,0.0048645153,0.17275159,0.23913826,0.0009718691,0.35143167,0.019930825,0.0677474,0.0032502753,0.009959465,0.16687423,0.0010663859,0.002507935,0.11591502,3.2814416e-05,0.0583908,0.31065044,0.0025144853,0.0017299247,0.6464437,0.021031544,0.011813383
4212,0.0027759508,0.0075499495,0.001198009,0.009017467,0.7608639,0.01788501,8.413128e-05,0.5462644,0.020124633,0.031203408,0.0025684852,0.0019208669,0.003192832,0.04179182,0.053673428,0.016258735,1.142203e-06,0.7973516,0.0034320462,0.002771519,0.0015123213,0.024354368,0.0006468405,0.00014814905
4213,0.31325924,0.6851008,0.27769068,0.0023425103,0.5275257,0.009300275,0.00030203295,0.10748404,0.5660225,0.5662959,7.9054254e-05,0.0051751845,0.08145541,0.0070781405,0.036776423,0.014416212,7.421465e-06,0.12786585,0.2637442,0.01340601,0.004650309,0.04381944,0.0013641937,0.0034640373
4214,0.15372017,0.0990217,0.00895746,0.09110829,0.24657954,0.051680785,0.1446701,0.6736903,0.026278911,0.017404329,0.0026356622,0.076552376,0.022431009,0.021390485,0.009001709,0.035002757,0.0013931937,0.15743116,0.10958337,0.009475754,0.059447736,0.13783227,0.2390659,0.0040948587
4218,0.040367678,0.065188445,0.015626535,0.010428269,0.5366342,0.085505225,0.0012918784,0.46726674,0.08904558,0.20371625,0.0065909238,0.0053827143,0.31263894,0.02287272,0.026790326,0.15522109,3.0273412e-05,0.33202323,0.11774663,0.009833282,0.003884556,0.23478813,0.0031229747,0.0017143151
4223,0.06465338,0.020587001,0.0019949747,0.048798688,0.4799478,0.1564759,0.036888205,0.68131924,0.03197756,0.008926286,0.0031471113,0.009269672,0.013347973,0.0597949,0.011085294,0.021698743,0.00016247487,0.15120062,0.021986853,0.003795736,0.25955424,0.1049472,0.005020605,0.006282116
4225,0.144854,0.044680946,0.0019511036,0.004833262,0.3236055,0.286032,0.00075506844,0.3981989,0.018843813,0.07195657,0.0076953447,0.0020453902,0.50252485,0.0050578555,0.0046608783,0.23255627,1.7195474e-05,0.09268456,0.09159218,0.0034265213,0.0008763498,0.56592715,0.0013331778,0.00272547
4227,0.08552477,0.045667224,0.003241577,0.014493156,0.549085,0.13491888,0.004454531,0.5986402,0.026531976,0.053503428,0.0057631014,0.0071937535,0.08080443,0.0092582535,0.008195314,0.094552234,4.749622e-05,0.3168866,0.16436148,0.0045835697,0.008589443,0.30475888,0.009128276,0.0013421006
4232,0.17754553,0.080448665,0.0015000642,0.017655168,0.22091936,0.31413314,0.0014624033,0.70786047,0.02029653,0.029771069,0.014924327,0.010620146,0.06872181,0.004839996,0.004361448,0.06346569,4.5715537e-05,0.10061018,0.015124782,0.002437977,0.004719424,0.30142212,0.005644764,0.084398806
4234,0.052496206,0.032108855,0.002859007,0.0026902582,0.82520866,0.08926118,0.0002594386,0.34764516,0.06836615,0.045317296,0.00083008374,0.0005665788,0.02630741,0.015300061,0.012059591,0.016330656,2.774249e-06,0.3054431,0.04102764,0.0036228213,0.022368845,0.09036501,0.00017322639,0.00085856963
4236,0.018965302,0.04159578,0.030681977,0.026553253,0.77203,0.10396436,0.007934378,0.25521505,0.11296737,0.08321929,0.006884416,0.007034281,0.06415659,0.15786666,0.10875608,0.0691077,0.00020179301,0.3318289,0.013855084,0.06475721,0.019436773,0.07736705,0.0015703054,0.0042927465
4242,0.021827929,0.010051605,0.0009093037,0.027774794,0.7616093,0.024072692,0.009765498,0.33226907,0.075535536,0.0003400923,2.8456678e-05,0.000646443,6.106427e-05,0.21368828,0.022172932,0.00013402977,1.7990295e-05,0.060386132,0.00032753375,0.0011205203,0.9859215,0.001902244,5.7089896e-05,0.0028949154
4243,0.2967377,0.31093642,0.060579382,0.0041412045,0.6110034,0.08330201,0.0013263192,0.19008873,0.23713109,0.22360167,0.00085561594,0.0037169908,0.244723,0.014119182,0.022919245,0.052905116,2.9453715e-05,0.1065889,0.23316228,0.014275947,0.017559221,0.20088573,0.0027392479,0.006395356
4249,0.07992879,0.04632663,0.0026942384,0.009491826,0.48248354,0.11039175,0.0031822748,0.572173,0.021627512,0.05036047,0.003965994,0.0038194912,0.108557984,0.0059341798,0.0047096596,0.10850889,2.3141818e-05,0.24650596,0.21051228,0.0025768043,0.0054211505,0.34813902,0.007816769,0.00066288415
4255,0.42101848,0.33163026,0.04957983,0.0071287323,0.63265294,0.16071388,0.0023834612,0.2560586,0.21133737,0.17133078,0.0023180356,0.00731291,0.1688991,0.01618404,0.022624204,0.06396185,7.6587996e-05,0.13484028,0.26554278,0.014384039,0.04216916,0.2641123,0.009518501,0.014137572
4258,0.052099235,0.019877115,0.0011398596,0.01129506,0.6213299,0.22975409,0.0013500417,0.5961734,0.016094092,0.026141508,0.012264579,0.0034269632,0.04591949,0.012496341,0.011119145,0.117453225,1.8352552e-05,0.35832608,0.03496854,0.004093029,0.0050081243,0.30216667,0.0027179474,0.0010803789
4259,0.12480274,0.04270571,0.002358408,0.11869889,0.106253035,0.14160465,0.2581455,0.6884211,0.004358233,0.004964002,0.0063853096,0.15405717,0.021927873,0.017291835,0.004511908,0.074585,0.0035518543,0.09539509,0.06305429,0.006386493,0.014801315,0.26549307,0.28703752,0.0047930763
4260,0.26510036,0.0974084,0.0033029383,0.018967573,0.17522685,0.29669502,0.005970129,0.60096335,0.016694875,0.057007402,0.011969007,0.015647754,0.24620362,0.004150432,0.0036329837,0.1734855,0.00013123448,0.08472098,0.1274868,0.0041887723,0.002811542,0.5640769,0.014171925,0.017674945
4261,0.37835997,0.009565952,3.7677062e-05,0.004770941,0.25856385,0.86702985,0.00039145097,0.5712643,0.00082182966,0.0018705772,0.05103297,0.0017804259,0.012650319,0.0008619183,0.0012335718,0.2567388,1.4101367e-05,0.08751479,0.0059701144,0.0009585973,0.00044183774,0.7690871,0.00085030997,0.0019231738
4263,0.149276,0.047512405,0.002951225,0.017664956,0.5878645,0.26830187,0.0064194254,0.58057576,0.030075755,0.031304035,0.009384483,0.0066568214,0.06284114,0.015218507,0.009421217,0.09424196,8.476674e-05,0.221227,0.08382249,0.0064712535,0.026972193,0.33926934,0.009230147,0.0042174277
4266,0.015059397,0.066094175,0.0632101,0.16659446,0.39633772,0.01829062,0.22846083,0.38942242,0.13751121,0.03292334,0.0012648267,0.050073244,0.0046983855,0.40011552,0.13101734,0.009573414,0.0016649376,0.16469654,0.0051141814,0.06239193,0.09525675,0.011346172,0.0074806167,0.01884302
4268,0.025589038,0.015054348,0.0010516935,0.015435159,0.20309386,0.19793427,0.0023900238,0.6252363,0.010477132,0.0922317,0.019685928,0.0041253553,0.587811,0.007101469,0.0046401075,0.40274268,3.693577e-05,0.16056359,0.09060778,0.0023843267,0.00032098824,0.5721048,0.0015552752,0.0009816342
4278,0.60363317,0.18295166,0.0071195103,0.0031821218,0.5509497,0.47522235,0.0006368628,0.25593716,0.065126844,0.06370686,0.00401181,0.0022458106,0.11239869,0.0045445575,0.0071186437,0.0809655,3.547987e-05,0.062759034,0.13723291,0.0061958316,0.013828339,0.47720742,0.0020374372,0.016346874
4282,0.19917488,0.15361942,0.013021861,0.07513445,0.37059504,0.08483554,0.0337846,0.65782785,0.09341086,0.023715204,0.0029418785,0.038307562,0.02256045,0.0519267,0.018323194,0.017908812,0.0004889735,0.15804465,0.044678666,0.0068738707,0.4050086,0.0931344,0.06314467,0.034898683
4283,0.067511134,0.03482271,0.0021008942,0.015681501,0.33381057,0.18529667,0.0029614305,0.6387937,0.02027464,0.07777987,0.013169068,0.0061331224,0.3045913,0.008374011,0.006634569,0.23409535,4.1966538e-05,0.22445045,0.12197865,0.0034552075,0.002334597,0.47167453,0.005344192,0.0020547926
4285,0.052689474,0.028599644,0.0025150403,0.007774935,0.7831049,0.13066725,0.001064381,0.43211085,0.03901646,0.0246735,0.0030486784,0.0021726782,0.017750883,0.021657433,0.01698792,0.030553749,1.2816933e-05,0.34171337,0.023777666,0.00588441,0.020034611,0.1165076,0.0014400439,0.0013936835
4286,0.22448495,0.110224105,0.010962863,0.0028097339,0.79922533,0.42337218,0.00020316876,0.21071719,0.12633696,0.075550884,0.005853287,0.0015069162,0.06037001,0.01375022,0.027265785,0.08641386,1.384545e-05,0.16978975,0.027094318,0.0132943,0.010800864,0.23944469,0.00055769103,0.0072311442
4289,0.054352034,0.08893685,0.009413869,0.058769763,0.18990804,0.06901262,0.020321952,0.74456215,0.05134633,0.10563841,0.008789396,0.04537749,0.13423452,0.01717918,0.01105608,0.08973403,0.00029575173,0.19793302,0.07570206,0.0071412334,0.0062256837,0.18044804,0.024757043,0.018584354
4293,0.090840146,0.13300903,0.025103193,0.010088645,0.70067036,0.074375324,0.0012385161,0.4110182,0.15248513,0.13982567,0.0022615981,0.00621158,0.07262704,0.020759752,0.026546218,0.04109664,2.4942765e-05,0.30756155,0.07280453,0.014022977,0.019905915,0.11494108,0.0055073644,0.0049302643
4297,0.26363468,0.3201401,0.057047687,0.012303313,0.6512047,0.16299328,0.001906562,0.34209293,0.24702863,0.19153482,0.004701207,0.011948151,0.092303805,0.020662634,0.03441757,0.058822144,7.507791e-05,0.18838026,0.081471376,0.022123495,0.030743847,0.16614072,0.009400038,0.038797673
4300,0.7235797,0.07947969,0.0006304908,0.0025667313,0.31259456,0.8249018,0.0002862626,0.3309892,0.005611082,0.01018641,0.017176151,0.0024044618,0.0273297,0.00054394826,0.0018731742,0.1816685,2.42982e-05,0.043761767,0.029695788,0.0023030522,0.00075339165,0.76739836,0.002278801,0.009169548
4311,0.13268262,0.0829451,0.0032756682,0.03772515,0.3308927,0.13759261,0.00984386,0.71226525,0.024640294,0.032256782,0.008917547,0.026837397,0.09202804,0.010522284,0.0072223386,0.07645822,0.0001524703,0.20706284,0.07063072,0.004437968,0.0187898,0.2860129,0.05724035,0.013722165
4312,0.5655691,0.38697287,0.0033334559,0.039729264,0.03858653,0.023729648,0.01447818,0.5879468,0.0060258694,0.011007797,0.0010397973,0.24099581,0.017202856,0.00092371204,0.0015251843,0.027459782,0.0004236064,0.08186096,0.11600771,0.0019782693,0.0024746035,0.2636008,0.775341,0.007547006
4318,0.012813684,0.009198824,0.00058651716,0.005445346,0.62558335,0.106368035,0.0001402392,0.6033828,0.011950278,0.047905114,0.0071162623,0.0014355759,0.054291613,0.0083145825,0.011166643,0.116790555,2.1783771e-06,0.5536046,0.030861154,0.0016023214,0.0006772598,0.23613022,0.0006249725,0.00016692301
4320,0.7822685,0.57623523,0.015104942,0.00068488636,0.05522264,0.0032036705,0.002772994,0.0268187,0.025697032,0.09414312,2.6745365e-06,0.0039488003,0.31726417,0.00075155776,0.00076428254,0.020192739,1.5547797e-05,0.0072934576,0.9637525,0.0007755218,0.00095771305,0.30743986,0.0022865736,6.0249902e-05
4324,0.22521608,0.108164474,0.0059281546,0.008422399,0.43147597,0.23818731,0.0015228835,0.5129806,0.050000135,0.09519897,0.0069829635,0.0051419893,0.18894339,0.0060646264,0.007883853,0.13381638,3.265225e-05,0.15771002,0.13882394,0.0052637835,0.0058800518,0.43187085,0.0056336992,0.0068721813
4330,0.05998988,0.04881508,0.0043560364,0.008153927,0.22284596,0.13268712,0.0011395513,0.49208787,0.028997118,0.17853847,0.010404843,0.0043068305,0.65453947,0.006188437,0.0083007235,0.34670722,2.5187679e-05,0.16529916,0.13727209,0.0035759571,0.00045641468,0.52327967,0.0025580067,0.0015458814
4340,0.030221734,0.028264767,0.0028596641,0.012936621,0.47610444,0.12914643,0.0007447245,0.5635539,0.030582558,0.09324039,0.01602686,0.004351741,0.23417033,0.017596409,0.01785969,0.19714513,1.915188e-05,0.37154216,0.046494227,0.004899232,0.0022792167,0.3049023,0.0027313943,0.0016101679
4346,0.1813653,0.026180642,0.0007602029,0.019372048,0.53217345,0.43927756,0.0036198741,0.6233399,0.016540295,0.005082373,0.0125315,0.00501168,0.0099679455,0.019832384,0.008793971,0.049136642,6.3792635e-05,0.16667509,0.01165322,0.0031661533,0.10230014,0.25193772,0.0040290453,0.007510055
4349,0.002423943,0.0064373338,0.0014122316,0.019306187,0.7345234,0.012958768,0.0004387945,0.5795326,0.019591799,0.01996917,0.002039046,0.00286048,0.001749926,0.0874774,0.07002232,0.010433201,3.770963e-06,0.77706546,0.0031660874,0.0036271992,0.0047926917,0.016302746,0.0011989247,0.0001638247
4356,0.021640426,0.008905081,0.0003185892,0.01970365,0.33780771,0.1941955,0.0018171275,0.7557973,0.0059722625,0.025521867,0.020613313,0.004025794,0.13819025,0.008173548,0.004428382,0.19143897,2.0333244e-05,0.2889591,0.04129174,0.0013406423,0.0014345373,0.41743356,0.002626147,0.0008752225
4358,0.009217221,0.039953172,0.009343836,0.009214013,0.6057768,0.015544087,0.00036475228,0.5991231,0.082025565,0.2004523,0.0012355627,0.0035705566,0.055883817,0.015816625,0.019163938,0.030998118,3.2835121e-06,0.5523014,0.046389267,0.004321625,0.001833545,0.05173158,0.0012494125,0.00057360594
4360,0.040024005,0.022432499,0.0015359232,0.011727684,0.21706405,0.2063828,0.0018619178,0.57471895,0.014084376,0.10054112,0.015471628,0.0035653063,0.61248124,0.006654734,0.004821304,0.3530876,3.098634e-05,0.12882015,0.08933356,0.0028638577,0.00040043928,0.55939627,0.0015390994,0.0015437183
4361,0.12769678,0.3111252,0.14835176,0.0034254047,0.78866905,0.037837602,0.00082198245,0.12686628,0.4377285,0.2921941,0.00028559036,0.0020376514,0.09024704,0.02434282,0.046079688,0.019894704,1.2960941e-05,0.1491903,0.11924036,0.0257109,0.023622513,0.058028895,0.0005083861,0.003489189
4363,0.39984497,0.22678098,0.0025601014,0.008197212,0.24615525,0.4127036,0.00025487685,0.5209788,0.023196757,0.041153118,0.015681002,0.01075495,0.02591451,0.0020170624,0.006077143,0.038928602,1.9221503e-05,0.09591863,0.010075182,0.0036421192,0.0012401994,0.30910036,0.0039113313,0.34997126
4364,0.42361274,0.27332732,0.017969027,0.0056694057,0.33796617,0.10642172,0.0018794263,0.32945284,0.08384199,0.16626431,0.0019409771,0.0068617137,0.34630138,0.0051677953,0.007910427,0.10170817,3.6111025e-05,0.10376151,0.39724952,0.0052076364,0.006652928,0.42314258,0.011357758,0.006160631
4378,0.006591216,0.011862759,0.0027875379,0.005932287,0.8878001,0.031424183,0.00033809416,0.29058558,0.03999277,0.021511005,0.0008950112,0.000951392,0.0030091645,0.05493443,0.053491414,0.008933207,2.4137305e-06,0.56701386,0.0034187373,0.007974818,0.0068667815,0.019287972,0.00018311152,0.00028747995
4380,0.056987967,0.07909572,0.015551268,0.004218754,0.67737496,0.057949763,0.0006652049,0.3591528,0.11094148,0.17883937,0.0013778217,0.0020347764,0.17578344,0.012738205,0.017317062,0.057453267,8.679241e-06,0.29106432,0.17567515,0.006367081,0.006413771,0.15910928,0.0012335558,0.0008422433
4388,0.039089218,0.025744,0.0043086754,0.0020444288,0.5895514,0.083307475,0.0006485544,0.21374916,0.04696087,0.09108328,0.0005883261,0.00044199216,0.46576178,0.015015031,0.0077240253,0.07639822,4.5715947e-06,0.10018934,0.09507308,0.0056562144,0.0020547828,0.25574315,7.956294e-05,0.000406746
4389,0.03255892,0.013778397,0.000856215,0.00854166,0.26415533,0.21352239,0.0011373735,0.53432703,0.01067232,0.06933838,0.012633397,0.0019834728,0.5816332,0.007163121,0.0042296546,0.34694138,1.6587817e-05,0.14157794,0.078498796,0.0022859657,0.00038067866,0.5691974,0.00084420573,0.0006512122
4399,0.054571997,0.14636436,0.055891804,0.023267059,0.59222126,0.06831183,0.0038218414,0.42958674,0.22927211,0.2059333,0.0052263825,0.01365237,0.14702944,0.040614508,0.04399355,0.07053643,9.8231205e-05,0.25172454,0.04654535,0.032526698,0.0143302595,0.107374184,0.007840869,0.012235896
4402,0.054103483,0.059189633,0.011151999,0.011940114,0.7849823,0.035701603,0.0047288267,0.36936203,0.12767737,0.04643691,0.00037835253,0.0020836934,0.017912764,0.047233656,0.018187879,0.0073541766,2.619751e-05,0.23413315,0.054909237,0.007318108,0.20187826,0.040736362,0.0009434318,0.002382076
4406,0.06652931,0.06277411,0.00953541,0.009256593,0.35976687,0.098577164,0.0028262916,0.42954066,0.056969892,0.1657474,0.0046105348,0.004300762,0.6122755,0.011590303,0.009808738,0.19895668,3.766941e-05,0.13841626,0.19016014,0.006963607,0.0025787018,0.39897075,0.003266474,0.001762841
4413,0.08606676,0.010725521,0.00042814884,0.003162037,0.2651982,0.54690456,0.0003832967,0.31414777,0.0060243756,0.036678288,0.016337147,0.0007667501,0.5804837,0.004674207,0.0033476318,0.39494926,1.5231688e-05,0.053785738,0.023877885,0.0031756924,0.00015052463,0.6803416,0.00013022315,0.0012866278
4422,0.31525663,0.2757057,0.057500098,0.019638903,0.44072586,0.08634292,0.030417562,0.30705744,0.14097118,0.16212124,0.0020318986,0.017728282,0.2004979,0.019476343,0.017956058,0.075501926,0.00043445692,0.10337779,0.40630552,0.024059722,0.029786004,0.25093365,0.017606879,0.008012513
4424,0.23429471,0.14318165,0.007400559,0.031309266,0.42833775,0.12564057,0.010020465,0.62383366,0.03749836,0.031295113,0.005429111,0.032891475,0.027337873,0.009210727,0.0102939205,0.045707922,0.00018931266,0.22684091,0.07710402,0.007835604,0.030266706,0.22332992,0.09644689,0.012006757
4425,0.009553442,0.028756926,0.0031034667,0.022263074,0.48751795,0.037630856,0.0003149057,0.7452271,0.03971839,0.076074615,0.010147104,0.010034249,0.015739903,0.028820382,0.039073378,0.050444253,9.173923e-06,0.6869179,0.009946482,0.0030818896,0.0029513768,0.06284874,0.004503099,0.0019515995
4426,0.027839815,0.022988025,0.0022357905,0.006214395,0.77969694,0.067087375,0.0005560655,0.4861508,0.037677024,0.042786732,0.0016226277,0.0016768336,0.017652621,0.016994404,0.014703366,0.023267388,5.0992367e-06,0.4667373,0.035687316,0.0039014344,0.009008646,0.08753879,0.00073929224,0.0006103233
4430,0.11043436,0.0765498,0.004617731,0.01895859,0.24114342,0.13603234,0.00454874,0.63006747,0.025807833,0.11600515,0.010813455,0.013245518,0.34497225,0.0054595363,0.006579525,0.24757381,7.0217764e-05,0.20198107,0.23690498,0.0037825168,0.0020655133,0.5077934,0.017169932,0.0028516096
4431,0.02202602,0.013221351,0.000769495,0.004600309,0.7589107,0.09844792,0.000143564,0.49222654,0.01867067,0.032108467,0.004056863,0.001229943,0.025537075,0.013519983,0.015266216,0.047951326,2.195073e-06,0.5516024,0.021549193,0.002207233,0.0033501987,0.1507695,0.000646654,0.00034639734
4432,0.0029804462,0.004376226,0.00037557588,0.016846288,0.5845541,0.026360845,0.0005143066,0.7499114,0.012756712,0.021009034,0.0026848249,0.0019399436,0.010413773,0.0341941,0.012964667,0.020100256,3.111081e-06,0.5803734,0.0077346168,0.001001149,0.0040809647,0.044936426,0.0007321025,0.00027335447
4433,0.33954433,0.24722628,0.046946738,0.023303509,0.58912516,0.11965138,0.020115692,0.34400317,0.19571073,0.09954371,0.002176877,0.011400286,0.11819703,0.03907621,0.022811022,0.043513063,0.00025750927,0.11385468,0.24360642,0.017911756,0.22579333,0.19223636,0.016286215,0.015490589
4435,0.020110732,0.08968969,0.029971965,0.011339669,0.45799497,0.021126416,0.00076128345,0.56684494,0.14817382,0.3737976,0.0021665092,0.0068732295,0.17612487,0.014280981,0.02406063,0.07401276,1.1584099e-05,0.42247784,0.10440289,0.00791259,0.0016041106,0.09570816,0.0026707877,0.0010985563
4437,0.114458196,0.38684952,0.13224891,0.0041593094,0.41247326,0.014571324,0.00039138662,0.23677692,0.3752123,0.55838394,0.00043248959,0.0059248535,0.22337072,0.008427334,0.032390922,0.04585142,8.838209e-06,0.18989982,0.16042447,0.013441539,0.0012574946,0.08289518,0.0018797428,0.0029932545
4440,0.0011648607,0.0030753624,0.00052177056,0.026781376,0.4415125,0.01871952,0.0013390867,0.805802,0.013119281,0.04170004,0.0034829574,0.0026520847,0.035036266,0.03776629,0.011153602,0.0376393,6.1194096e-06,0.5283592,0.012288875,0.0011556464,0.0014075985,0.053141605,0.0007095542,0.00020816333
4443,0.016287519,0.009613378,0.0006698017,0.009385982,0.73230416,0.07384804,0.00046021532,0.5463942,0.013554387,0.015418426,0.0040662657,0.0019232909,0.0078070234,0.026362034,0.02067275,0.03037274,4.2074935e-06,0.5716796,0.012560618,0.0023208081,0.00763004,0.10444712,0.001563822,0.00031765774
4445,0.27136993,0.10363256,0.0051755286,0.0071019107,0.4309144,0.29337677,0.0013707052,0.45939705,0.043273292,0.08071158,0.007995282,0.0043294975,0.22929579,0.0058252933,0.007704049,0.16555306,3.6593516e-05,0.14028433,0.14107625,0.0054920316,0.0054443665,0.5008243,0.0054055005,0.0056718765
4451,0.031474285,0.029472893,0.007012761,0.021844912,0.343348,0.1510512,0.014901086,0.44511762,0.033635743,0.1197094,0.009628208,0.0074484614,0.6461044,0.026825346,0.011045496,0.27080938,0.00018276929,0.11511074,0.122462824,0.0124204615,0.0022293353,0.41927943,0.00241254,0.0023672588
4452,0.55252385,0.5224902,0.02374749,0.011554958,0.18798126,0.10969739,0.0008864499,0.46540403,0.07632401,0.21393222,0.0055429,0.038430486,0.09904489,0.0022950447,0.0097948,0.06812917,5.9642178e-05,0.13677964,0.122463666,0.00626358,0.0019777957,0.34238225,0.05291713,0.09500827
4458,0.12555368,0.11281521,0.0033784516,0.05181336,0.20177703,0.10336564,0.005771254,0.78677464,0.020254621,0.038503267,0.01731819,0.06428275,0.05755306,0.0071297,0.00971898,0.08940474,0.0001742244,0.3068228,0.047976293,0.003341574,0.008083408,0.27324367,0.13956584,0.019348687
4465,0.6186952,0.05699973,0.0003340604,0.0077717616,0.24382494,0.7201909,0.00094222184,0.5974203,0.0036929827,0.0042214226,0.018766604,0.0065631485,0.014517934,0.0009908439,0.001680956,0.108041584,3.4938123e-05,0.076694496,0.023649255,0.0014656725,0.0045761466,0.70029515,0.009655866,0.010144217
4468,0.036527295,0.10051851,0.01388807,0.020783545,0.6160283,0.048060574,0.00062882487,0.5898552,0.089697465,0.08993707,0.0055925893,0.018367691,0.0072670453,0.02248967,0.05043021,0.027994024,2.065941e-05,0.58988154,0.013097457,0.010359844,0.0076855165,0.050331496,0.010619185,0.006438523
4470,0.38720253,0.36316672,0.045053773,0.0033234921,0.14877571,0.0043167286,0.023840994,0.05459129,0.084570065,0.14480214,1.0594056e-05,0.005197153,0.38546336,0.0052386513,0.0036984838,0.028444834,5.3989508e-05,0.015048077,0.8556118,0.006126918,0.0033203533,0.1599075,0.0016056615,0.00014715114
4473,0.024257924,0.031089252,0.0072420104,0.004353378,0.2690661,0.06816882,0.0010051377,0.301672,0.041383248,0.23973091,0.0033519296,0.0014487354,0.8414345,0.009840184,0.009263947,0.28696668,1.3973802e-05,0.110323705,0.14513735,0.005792298,0.0003053411,0.44124645,0.00039874756,0.00048255528
4481,0.05856357,0.037523124,0.003240762,0.043088883,0.4034566,0.18560328,0.0095817875,0.75077856,0.04046519,0.03669031,0.012124156,0.011688686,0.064838886,0.036383484,0.0126845995,0.07293707,0.00013369329,0.2258968,0.03886567,0.0049417894,0.047745448,0.19689067,0.007216296,0.0123194195
4488,0.0077799917,0.014914524,0.0021709276,0.0010735184,0.8997259,0.017919367,2.884584e-05,0.26540333,0.06628722,0.059857026,0.00014093978,0.00013094884,0.008272239,0.0128929885,0.015068077,0.0048534386,1.7878044e-07,0.51736933,0.017887112,0.0020567381,0.0045525637,0.02249685,1.2404822e-05,8.3278086e-05
4491,0.11371012,0.21587805,0.04812581,0.0030287826,0.80831826,0.115225546,0.00017278493,0.22458294,0.2839337,0.20973817,0.0010689583,0.0020817204,0.035572622,0.014400022,0.035691783,0.02282466,4.771101e-06,0.21947514,0.03175368,0.01787471,0.007500912,0.069056466,0.000308936,0.011605023
4492,0.08986829,0.06620779,0.0071844487,0.0042958194,0.21957965,0.07861777,0.0020816154,0.24092808,0.033526447,0.14008713,0.0015302801,0.0024562962,0.7940481,0.005869672,0.004783605,0.21219882,2.417427e-05,0.049503088,0.24502382,0.004746429,0.00064010225,0.48081973,0.0012223906,0.0008926172
4493,0.011262989,0.008978772,0.0006069411,0.011802705,0.52263975,0.07293474,0.00094552274,0.72192127,0.01545869,0.0437754,0.003907734,0.0019312183,0.080783784,0.010721084,0.005325475,0.07014326,4.829072e-06,0.36628315,0.04425862,0.0012003753,0.0022787957,0.18027924,0.0009785924,0.00040191718
4494,0.041817047,0.023434041,0.0005088897,0.010230543,0.5985153,0.24700633,0.00012426611,0.6261353,0.013337014,0.013911141,0.01960995,0.0041202977,0.0057806773,0.012550095,0.020581082,0.052494958,4.673553e-06,0.5071403,0.0035375094,0.0021933808,0.0043271994,0.15313353,0.001126613,0.00635841
4495,0.07334276,0.013496816,0.0003631417,0.0027299307,0.6515275,0.2310627,0.00016571014,0.450659,0.014107762,0.024210976,0.0052562836,0.00046851003,0.10008446,0.008812283,0.0056227525,0.090874605,2.9896019e-06,0.27237535,0.043907594,0.0012969293,0.004490181,0.35505387,0.0002715388,0.00042783143
4496,0.042207155,0.02556684,0.0028477574,0.0032721346,0.832239,0.1776642,0.00026079244,0.31405312,0.052607436,0.042552,0.0033438709,0.0007053091,0.03605907,0.019602288,0.020691315,0.046165988,4.473567e-06,0.32518077,0.01794244,0.007407809,0.0065829107,0.13175543,0.00018219925,0.00096406206
4497,0.044230733,0.12121218,0.036380704,0.020287335,0.59049284,0.053629134,0.00285134,0.5684157,0.18744308,0.2140783,0.0032188222,0.009863677,0.065956526,0.029717352,0.031066328,0.04861684,3.650763e-05,0.3438649,0.067125686,0.01486705,0.014392147,0.08478906,0.0039852667,0.0064242817
4499,0.028986435,0.009915408,0.00039200045,0.0043951203,0.7184384,0.25479916,0.00021284775,0.512524,0.012050742,0.015313722,0.0073567214,0.000824961,0.013218914,0.0097667435,0.009182095,0.055068728,2.883233e-06,0.33274457,0.008124528,0.002788462,0.0021790015,0.17388535,0.00019159655,0.00077273004
4517,0.59262776,0.41764668,0.033195112,0.0029707842,0.31302562,0.048542075,0.0028950945,0.14558314,0.10617554,0.16517809,0.00024701704,0.005090578,0.30708706,0.005381701,0.006651256,0.048866738,4.4627297e-05,0.046009272,0.6921313,0.0049706674,0.009838,0.32022607,0.0057256958,0.002526673
4523,0.04601821,0.16394658,0.1839302,0.020452632,0.74519217,0.026882285,0.040118854,0.13403283,0.32416883,0.18490334,0.00040348538,0.008221846,0.056020197,0.09652953,0.07615325,0.020528048,0.0002859083,0.13401236,0.06654615,0.107016,0.032772444,0.035045635,0.001182517,0.0039338865
4524,0.017483974,0.01772723,0.0012946819,0.011743444,0.61238647,0.07162373,0.0008203482,0.67520267,0.025515486,0.03901126,0.003122596,0.0028844941,0.024173643,0.013118621,0.009073582,0.03437095,5.20776e-06,0.40354273,0.021799238,0.002586546,0.004486559,0.10792291,0.0012708532,0.001223101
4526,0.15579917,0.045292627,0.0025623257,0.019085202,0.6688043,0.27334845,0.004083225,0.4901473,0.045709163,0.00797495,0.0044551063,0.004840129,0.0072514964,0.036331933,0.01694256,0.022275481,5.557318e-05,0.17785192,0.011431589,0.0051397285,0.2377288,0.12633571,0.0035356511,0.009619804
4529,0.011160042,0.012511685,0.0008035045,0.011238382,0.6289799,0.05214184,0.00047515333,0.69433916,0.020317059,0.027275134,0.0022156253,0.002536134,0.013065913,0.014777735,0.009309784,0.021978874,3.4972306e-06,0.46226344,0.012807285,0.0016704781,0.0044551566,0.06793612,0.0010428999,0.0007925984
4530,0.6970507,0.082436614,0.0006157133,0.0037348277,0.28898716,0.7062583,0.00048301983,0.44601557,0.0056909136,0.00998293,0.014011615,0.0033904274,0.035391465,0.00065959734,0.0016408555,0.16381799,2.3052786e-05,0.06476823,0.06906353,0.0017628797,0.0019766055,0.7670655,0.0065713204,0.0047584907
4531,0.017784068,0.004943335,0.00029222356,0.04821344,0.13941447,0.42978415,0.016309094,0.7195868,0.002934172,0.011497421,0.04326009,0.012491447,0.20642841,0.02371198,0.0044711595,0.26355138,0.00029022197,0.08888392,0.0135612935,0.0023065838,0.0014183722,0.45373213,0.0021111206,0.005095867
4543,0.69243956,0.40370503,0.0031171946,0.023539718,0.045087487,0.06257265,0.009040757,0.5381309,0.004611728,0.0143505,0.0021274134,0.15221736,0.022708742,0.0004397972,0.0011201467,0.057702396,0.0002880723,0.07843082,0.23907833,0.0019734465,0.001218841,0.5021432,0.605047,0.0060848547
4544,0.0041957176,0.009116328,0.0009128207,0.008303719,0.67004395,0.037578322,5.5544093e-05,0.6511967,0.017757444,0.05628009,0.006268913,0.0025154578,0.009316559,0.018144026,0.032059368,0.04630002,1.2868173e-06,0.77733546,0.007990511,0.0017761056,0.0006684823,0.06668363,0.0007670267,0.00022783769
4547,0.023770932,0.013357813,0.0008048532,0.005324016,0.6713675,0.11132732,0.000319601,0.570113,0.019287528,0.04148017,0.0038910117,0.0011368819,0.050446574,0.009303615,0.007910599,0.067674324,2.9617854e-06,0.41877252,0.040308803,0.0019047039,0.0027281803,0.21054493,0.00057717663,0.000343587
4548,0.017948372,0.022694131,0.0021399842,0.032478925,0.53174126,0.054672893,0.002478413,0.74370277,0.027664438,0.028006665,0.0054197805,0.010323612,0.012890064,0.03811784,0.021639789,0.029170824,3.0467809e-05,0.50263786,0.015388877,0.003479421,0.015566569,0.06977954,0.008441135,0.002275325
4552,0.050240617,0.038974985,0.0040717986,0.010389928,0.24189754,0.24378215,0.0008652534,0.4406648,0.022613868,0.15497735,0.043362062,0.00679579,0.53493977,0.011369553,0.02028037,0.49216783,5.7097463e-05,0.2366024,0.050463215,0.006002202,0.00030728572,0.5471736,0.0023021256,0.0026939402
4555,0.087783396,0.048424076,0.005972724,0.027263878,0.6961373,0.06953563,0.014150997,0.4721897,0.084568724,0.013829938,0.00084571994,0.005085173,0.01034985,0.06894278,0.019267736,0.008267167,8.5808715e-05,0.17679362,0.02612564,0.005844176,0.49515927,0.052919704,0.00424504,0.0054380186
4558,0.005752139,0.0019165549,6.926409e-05,0.009790253,0.52091724,0.23671325,0.00015720766,0.6820353,0.0027764866,0.009667212,0.040825345,0.0010936278,0.023707267,0.0155249005,0.011965742,0.17799032,2.989408e-06,0.51597,0.0048311106,0.0008888888,0.0005483289,0.3061878,0.00033671275,0.0001935183
4566,0.062313158,0.0016283441,1.8914592e-05,0.0121304225,0.12167917,0.89589876,0.0010400871,0.6459755,0.00025603035,0.0025585506,0.26712766,0.0029682077,0.025879957,0.0018769724,0.0019961796,0.670074,6.428189e-05,0.12887071,0.004956123,0.00093630777,4.8098565e-05,0.84501505,0.00037393876,0.00033975107
4569,0.41866055,0.2831456,0.010525441,0.02645739,0.2991801,0.17443179,0.004997993,0.6100082,0.051451623,0.05915909,0.009277138,0.03776442,0.08755562,0.0065501276,0.009621912,0.07232813,0.000172462,0.1635447,0.10622992,0.0069904462,0.02251742,0.35552838,0.1022757,0.057267323
4576,0.004720781,0.0083214585,0.0017939737,0.0011350363,0.82240343,0.027666837,3.0602572e-05,0.29117236,0.041308172,0.10149145,0.00053872296,0.00014465186,0.07543374,0.011248135,0.014289246,0.029568322,2.2968163e-07,0.48846895,0.02426957,0.0024973862,0.00053561124,0.07008663,1.6828011e-05,3.578003e-05
4577,0.05620008,0.033848498,0.0029481442,0.010249715,0.623651,0.102669924,0.0034172775,0.579942,0.034110013,0.041854557,0.0020961054,0.0032861345,0.029265832,0.011430086,0.0068310257,0.040438417,1.5010283e-05,0.27846515,0.093897045,0.0032188974,0.015837042,0.17439522,0.0024328113,0.001042441
4578,0.16546124,0.16150114,0.037383042,0.006893371,0.7481661,0.24524225,0.001143479,0.2345661,0.19964057,0.14936037,0.0067126853,0.0042560333,0.16815956,0.031297076,0.04395968,0.10589078,5.7175705e-05,0.1912174,0.058690082,0.027553648,0.022446966,0.22264467,0.0024497071,0.011662066
4579,0.002667263,0.002820948,0.0007059009,0.008230919,0.7825618,0.027341936,0.0017706552,0.41504815,0.012308054,0.01722886,0.0009284596,0.000650262,0.013841376,0.042622276,0.01607441,0.018863311,3.994783e-06,0.442658,0.010421364,0.0037606338,0.0031662693,0.04842868,0.00013170547,5.1702522e-05
4583,0.014161071,0.025244214,0.0028791055,0.015769685,0.61759853,0.040082082,0.001019566,0.67877674,0.043605484,0.04890672,0.0019507627,0.0044467244,0.017200986,0.020727402,0.0136546185,0.020305768,7.978126e-06,0.4357017,0.018016325,0.0035829165,0.0072859353,0.053669248,0.0020493786,0.0016156704
4585,0.10084031,0.43763292,0.26885647,0.013679417,0.6134975,0.025794012,0.0014872223,0.31952554,0.5164251,0.45983025,0.0013011552,0.01717059,0.043165646,0.02828463,0.08421852,0.031436685,4.2229574e-05,0.3223937,0.06873176,0.04351259,0.011124363,0.03996016,0.005881295,0.010170105
4592,0.17977215,0.13096328,0.016457064,0.015212611,0.73720765,0.18346928,0.00238362,0.4008206,0.13942485,0.05616871,0.00369242,0.00691212,0.021757962,0.033050008,0.030843101,0.032934748,5.3911102e-05,0.26460195,0.04903977,0.011966701,0.12667541,0.13197327,0.0050039347,0.010912328
4596,0.15789205,0.049749624,0.0017445715,0.008127541,0.27988595,0.29201534,0.0012388983,0.52898645,0.013782894,0.060787935,0.0172108,0.004317772,0.30321845,0.0037154406,0.00542568,0.3143197,3.3578435e-05,0.17381091,0.14087152,0.0030502197,0.0011747552,0.6347959,0.004510788,0.0016573144
4599,0.107465126,0.038736526,0.0038985505,0.049036577,0.5529505,0.13263375,0.034154784,0.5888487,0.05465179,0.0057758507,0.0016598261,0.009291454,0.0054694093,0.07417013,0.016829126,0.010057899,0.00019444663,0.13319986,0.012371858,0.0051611536,0.5799973,0.062262192,0.0069198627,0.009150744
4611,0.3792418,0.12377572,0.0018427927,0.011660411,0.41028422,0.5624034,0.0006773902,0.4926477,0.017281668,0.010431428,0.017952878,0.011015233,0.008697086,0.004068445,0.008352966,0.05048361,3.3933597e-05,0.12058735,0.007073668,0.0046734326,0.007368626,0.34837237,0.0071280464,0.09260318
4612,0.0524436,0.009997418,0.00026068257,0.005296974,0.23401128,0.43559602,0.00028036034,0.502828,0.003927537,0.037959043,0.040822335,0.0014883733,0.36986718,0.0027506338,0.0039634444,0.51251113,1.0835163e-05,0.17405401,0.0345508,0.0014648731,8.802163e-05,0.7234931,0.00054215913,0.00048290496
4615,0.6596103,0.13720515,0.0037638329,0.0032948188,0.52342594,0.5119543,0.0008662417,0.29262912,0.03323807,0.028546492,0.0050564883,0.0026144441,0.08044487,0.0036416312,0.005002406,0.0950936,4.0847382e-05,0.074573964,0.17171225,0.0036805158,0.018164655,0.57843435,0.0046711266,0.0062012067
4616,0.12543589,0.04681531,0.0050750463,0.030670755,0.7197578,0.120177574,0.01119908,0.3884131,0.10363938,0.0047178674,0.00073848147,0.0040078294,0.0029042887,0.10626394,0.027647525,0.004450893,9.651605e-05,0.1109983,0.007026854,0.0049847835,0.86877793,0.033331823,0.0019312229,0.009341061
4621,0.21875478,0.2897865,0.03688409,0.005651424,0.27312967,0.041192707,0.001102777,0.35277656,0.15723288,0.38295728,0.0014866048,0.007702183,0.4339047,0.0046166396,0.012563782,0.112738304,2.2394204e-05,0.13803951,0.30233842,0.00654697,0.0015496085,0.27699846,0.006533932,0.0035382188
4624,0.42810616,0.030591246,0.00059441366,0.004130622,0.5579839,0.69192,0.0006485009,0.3947934,0.011934597,0.008639047,0.014486019,0.0014192059,0.047528602,0.005651987,0.005049205,0.13493411,2.4765095e-05,0.09362087,0.030697694,0.0031263758,0.013327022,0.566929,0.00118547,0.0033091055
4628,0.05500469,0.01715797,0.0005661661,0.0574917,0.17671591,0.3753138,0.011454745,0.8295425,0.0066236574,0.009309492,0.044132784,0.023572588,0.04181241,0.020291502,0.007756642,0.1257441,0.0003274145,0.17914267,0.014139054,0.0022496348,0.0118611725,0.3302213,0.012297386,0.01500977
4632,0.08477342,0.025478086,0.0007680371,0.013191891,0.18681277,0.35058495,0.0020295852,0.6223948,0.0066558537,0.048091147,0.026671052,0.005822623,0.3230397,0.0030159573,0.0031819467,0.3558456,4.8485723e-05,0.13173644,0.071903676,0.0023396225,0.000392039,0.65559316,0.0031027957,0.00243669
4636,0.7359079,0.5737297,0.02268521,0.006188431,0.15859902,0.05702935,0.0021434408,0.26745206,0.0541419,0.16955836,0.0009268607,0.026228791,0.15144397,0.0015599085,0.004292475,0.062637195,6.467899e-05,0.07384351,0.597516,0.0036890619,0.0029916626,0.45324913,0.06305786,0.009896575
4637,0.49667242,0.090985,0.0016176916,0.012745332,0.30601734,0.5220014,0.0037978678,0.59864175,0.012011294,0.018935623,0.014977825,0.00961677,0.04845022,0.0023828524,0.003035785,0.1448954,9.2983624e-05,0.10658632,0.1079838,0.0034690795,0.008679341,0.63250387,0.01603044,0.008845803
4642,0.35665837,0.6636627,0.035335906,0.033136368,0.16296656,0.035011206,0.00049738155,0.583166,0.11377142,0.1354143,0.005244827,0.15759543,0.008790083,0.003696799,0.025885899,0.020248802,5.085805e-05,0.3202745,0.015547699,0.005895885,0.0039777257,0.080787025,0.17401874,0.20539334
4644,0.50260603,0.5968341,0.1295338,0.006318207,0.30591726,0.00948678,0.007911601,0.1215463,0.2891964,0.32223114,7.92174e-05,0.012725985,0.15801008,0.009152252,0.014973388,0.023112891,8.3268635e-05,0.05903389,0.6656088,0.013008434,0.012179735,0.10782336,0.0092239,0.0018536337
4646,0.627939,0.139305,0.002035181,0.0054066796,0.2657281,0.47724488,0.00086951733,0.453356,0.018268382,0.032655306,0.006639027,0.0046015736,0.094095536,0.0019177017,0.0027577374,0.09363645,2.8171598e-05,0.055942364,0.12975506,0.002183546,0.0062007247,0.60799736,0.0055601397,0.019140275
4648,0.044527285,0.0479964,0.008200593,0.040202253,0.4575533,0.117977105,0.012975893,0.6413435,0.059206,0.083936624,0.010934923,0.013981191,0.20215389,0.042175297,0.018772319,0.11353479,0.00019861855,0.24545096,0.070725344,0.0111385565,0.02014579,0.22140153,0.010869456,0.0072037284
4650,0.43383405,0.2327196,0.00081427896,0.086330816,0.0189017,0.01886665,0.033107255,0.76216197,0.0013677288,0.0016278698,0.0014253646,0.4549518,0.0027582122,0.0006304282,0.00094586733,0.014726793,0.0008929273,0.095025204,0.023899423,0.0010147793,0.0019710832,0.17481314,0.9415452,0.005739029
4652,0.096387126,0.026198331,0.00070578454,0.009266699,0.34851903,0.35800272,0.00077722786,0.651278,0.012893511,0.039618026,0.016878705,0.0027400814,0.1341701,0.0044582095,0.004180201,0.1880896,1.4824381e-05,0.17267689,0.040725645,0.0021251673,0.0015451441,0.49748385,0.0014324407,0.003182054
4653,0.049081497,0.16616544,0.115091525,0.0064567686,0.61296713,0.01777088,0.0045868326,0.15377899,0.30977485,0.32474777,0.00020449715,0.0026457228,0.20756009,0.033511683,0.034648746,0.027843717,2.9883682e-05,0.11888966,0.1738639,0.02612285,0.008569285,0.06266389,0.00034169466,0.0013090626
4654,0.23529351,0.038820058,0.0011283831,0.0019149446,0.81367123,0.752923,6.678711e-05,0.25083163,0.027868565,0.008164345,0.009529886,0.0007814212,0.0033969218,0.004307254,0.010714814,0.061474197,4.4858793e-06,0.122494206,0.0024518734,0.0058052293,0.003889515,0.23368593,0.00013496779,0.0050366353
4658,0.15303493,0.0152957365,0.000493737,0.006161679,0.3136177,0.6552036,0.0009297291,0.45546833,0.006806583,0.02533111,0.03096587,0.0016259443,0.25197124,0.004925618,0.0040611112,0.37684813,3.3943696e-05,0.0878224,0.028026316,0.0035991268,0.00065712247,0.6761321,0.0005137081,0.0021821833
4662,0.5186676,0.1925753,0.0053433166,0.010542265,0.33739796,0.30589923,0.0025354975,0.49254498,0.027483642,0.051342465,0.009340021,0.013458047,0.10263851,0.0030550547,0.005653697,0.14380635,9.384295e-05,0.1484167,0.25444677,0.004553791,0.009602629,0.59797657,0.037163492,0.008198259
4666,0.14848153,0.13383974,0.02118976,0.012743538,0.63710153,0.15966249,0.0025729355,0.4183421,0.11370866,0.13345271,0.007530915,0.009122407,0.14300261,0.023285238,0.031339236,0.11371274,7.6047414e-05,0.29392162,0.13341236,0.014749381,0.018479321,0.25471646,0.009959967,0.0057848557
4669,0.016548496,0.032125723,0.0032022365,0.010857315,0.3001847,0.062614396,0.00054237,0.6745095,0.036962554,0.19210887,0.0070417156,0.0042101964,0.3288709,0.006975025,0.0077661965,0.17970696,6.7590004e-06,0.3042265,0.05845438,0.002295508,0.00051954226,0.2570732,0.0015353551,0.0013483791
4670,0.00034230994,0.059647184,0.63261217,0.0002746588,0.9926762,0.0014441541,2.766622e-05,0.001318913,0.8006018,0.22192569,1.0690121e-06,3.1174754e-05,0.00025494225,0.31405675,0.66957855,0.00014913669,2.8517658e-07,0.19292903,5.7543664e-05,0.56402713,0.00048569075,7.360601e-05,3.6544632e-09,0.0002602487
4673,0.10790108,0.021449573,0.0005873142,0.0048609893,0.3782839,0.48143482,0.00036565578,0.46123287,0.010686719,0.03444969,0.020020375,0.001418585,0.23551486,0.00396599,0.004394032,0.24797599,1.2373062e-05,0.11212971,0.019377865,0.0028741593,0.0005963069,0.552392,0.00056861405,0.0032217614
4675,0.00026552327,0.0017426999,0.00041085554,0.042980917,0.6915052,0.0019271198,0.0007651319,0.6629939,0.007132841,0.0024097578,0.00031346522,0.0034841043,3.9340528e-05,0.21574536,0.0970567,0.0006841355,2.2037925e-06,0.80584186,0.000107219625,0.0019234502,0.0051806867,0.0010660132,0.00078626024,9.708254e-05
4697,0.0036009944,0.004746256,0.00040556793,0.009848591,0.5699872,0.04022681,0.00037271035,0.729843,0.016421113,0.033910297,0.0020979692,0.00093575934,0.032351848,0.015342345,0.006086669,0.030596975,1.4585221e-06,0.40529415,0.010948887,0.0010253174,0.0018105651,0.0740779,0.00020053361,0.00029770433
4699,0.43434978,0.036833234,0.00044105985,0.004755094,0.27517426,0.73947227,0.0005671329,0.44719148,0.004001492,0.012438179,0.035999984,0.003157875,0.07258102,0.0012374112,0.0027499474,0.33871472,3.4145247e-05,0.09530816,0.037434477,0.0025110627,0.0006701008,0.78120714,0.0029166916,0.0025851564
4703,0.57987607,0.27030858,0.005668621,0.009401396,0.291741,0.32812822,0.0010030583,0.45497075,0.03222539,0.05715154,0.00944987,0.014325532,0.079732895,0.002489106,0.006216206,0.08521036,5.6791792e-05,0.10416572,0.08250712,0.0050277584,0.004938096,0.50707763,0.023842774,0.05851831
4711,0.45711634,0.22530702,0.0092032235,0.0058383755,0.2056255,0.11354944,0.002950856,0.3176769,0.03535313,0.09966075,0.0017341229,0.006904106,0.3450415,0.002868858,0.0037393598,0.12508559,4.5188906e-05,0.061577063,0.48385227,0.0034623144,0.003079128,0.5319387,0.010544494,0.0030419265
4713,0.007085229,0.013685884,0.0019284484,0.015186709,0.5503528,0.038626585,0.00063858106,0.72732025,0.036819674,0.07711314,0.00377397,0.0028472727,0.033654775,0.02422998,0.0153468335,0.044606455,5.533193e-06,0.5198423,0.024438767,0.0022338075,0.0033761533,0.08083262,0.0009744063,0.00065344846
4719,0.15285546,0.6394881,0.32371798,0.001727202,0.33457518,0.007508335,0.00011292987,0.093819834,0.55575585,0.7542179,0.00015210162,0.005440797,0.17131546,0.005004051,0.052600272,0.0374053,4.6965724e-06,0.12901217,0.10462654,0.017933529,0.00022333201,0.046890147,0.0006220572,0.0031002876
4727,0.06385315,0.042156912,0.0022309758,0.009122666,0.7021791,0.19231355,0.00048318817,0.5414386,0.034412783,0.02909186,0.0065653245,0.003943236,0.01159798,0.011421898,0.015446763,0.042229906,9.929298e-06,0.37113494,0.014601708,0.005109821,0.00925912,0.1491655,0.0020887284,0.0042102607
4728,0.13205189,0.03478204,0.0010720545,0.008318678,0.39371082,0.34584156,0.00086810783,0.55275726,0.012237396,0.039723225,0.018896818,0.0036558828,0.15085284,0.0044132904,0.0059755133,0.23958641,2.2594608e-05,0.20967798,0.066053376,0.0031562273,0.0015380408,0.56171227,0.0034653149,0.0018360462
4729,0.14752777,0.12855251,0.008106327,0.016353315,0.15097505,0.105817825,0.003441157,0.54370725,0.035601642,0.17857867,0.00846634,0.015556787,0.53015107,0.0048211482,0.005996805,0.22171733,7.3108575e-05,0.1105119,0.1754134,0.004403504,0.0009493456,0.48239288,0.014877655,0.009517247
4732,0.22983785,0.30833828,0.14152569,0.024297645,0.687918,0.09265442,0.034736358,0.19231817,0.31837183,0.14873573,0.0014278603,0.012146501,0.06892458,0.06134203,0.04571121,0.031228013,0.00042959282,0.09585968,0.13401708,0.0599478,0.121873155,0.09116357,0.0057498165,0.022312693
4735,0.22662874,0.048941012,0.00078519847,0.01877809,0.31694573,0.52932215,0.0017701917,0.69721866,0.010672713,0.009625685,0.02988444,0.010584113,0.018025015,0.0057699773,0.0059935506,0.09481516,6.3013285e-05,0.1567232,0.011339445,0.0029885424,0.010633779,0.40410644,0.0077498257,0.026843278
4736,0.4651569,0.2600322,0.014061835,0.0017777084,0.44610578,0.10741689,0.000586868,0.21807735,0.08343301,0.1394308,0.0006649624,0.0022849413,0.25844178,0.0033934256,0.0058990526,0.062445227,1.1419829e-05,0.092655905,0.47881666,0.0030705023,0.0062133963,0.37680665,0.002608532,0.002108941
4737,0.7591302,0.53659666,0.010892028,0.0033939756,0.13604848,0.1336373,0.00027542192,0.28795096,0.0319707,0.17931724,0.002015231,0.014616515,0.17166284,0.0007735342,0.0035684567,0.075801834,1.5843334e-05,0.06628144,0.26769572,0.0023408816,0.00046420816,0.5554038,0.0254705,0.04063266
4741,0.008450608,0.007514482,0.00052753545,0.02425161,0.41689104,0.060566302,0.0032101138,0.80467033,0.013369475,0.021180965,0.003109344,0.0034751757,0.026815383,0.013982073,0.0042528985,0.033607055,1.2119305e-05,0.29153404,0.018475322,0.0012267611,0.004666912,0.09830547,0.0014319133,0.00086458307
4744,0.0005573331,0.002218278,0.0006019521,0.0033593436,0.8469916,0.009084479,3.8540697e-05,0.44247147,0.0169654,0.035697617,0.0005486518,0.00025252308,0.0050299484,0.02777789,0.027019251,0.009749478,1.6409538e-07,0.73837674,0.002445174,0.0020691059,0.00034366493,0.015037056,2.157109e-05,1.7322174e-05
4748,0.0019572182,0.0063250726,0.0026999358,0.063694246,0.6285337,0.0134574715,0.016058119,0.54737496,0.02266433,0.010796371,0.0011910576,0.0063161743,0.0020153509,0.25696063,0.06402797,0.0064192493,4.996639e-05,0.45263198,0.0023362115,0.008124148,0.027565425,0.010931567,0.0013947701,0.00085195503
4752,0.4055479,0.42598686,0.059130963,0.0038216673,0.64612234,0.16625513,0.00044798452,0.19670722,0.24983382,0.24134964,0.0015431392,0.0055573992,0.064919695,0.0076660775,0.022767257,0.04045628,2.0701258e-05,0.12734167,0.122865155,0.013010468,0.008595869,0.17256781,0.002412662,0.022822117
4757,0.15446618,0.09285571,0.014825275,0.0041175126,0.8117598,0.15581226,0.0013954339,0.22126417,0.1378289,0.07611012,0.00150441,0.0013868713,0.066522315,0.024250153,0.021581812,0.037204675,2.554565e-05,0.18569179,0.095391564,0.010724281,0.056139674,0.1470489,0.00064689195,0.0025250956
4760,0.6416678,0.4099082,0.010337312,0.007246829,0.2061863,0.24692132,0.00050667825,0.41060048,0.036985435,0.10276192,0.00981967,0.01989648,0.10296306,0.0012948812,0.006891928,0.12562105,4.5563036e-05,0.11788677,0.11181759,0.0043620877,0.001533528,0.5605375,0.045298997,0.03991169
4761,0.22471543,0.04825258,0.0007792417,0.0035785148,0.6070242,0.4823478,8.687253e-05,0.3773158,0.012891241,0.016005235,0.016423278,0.0025654254,0.017306304,0.003531227,0.0112846745,0.110342175,5.1915e-06,0.2683845,0.010557869,0.0026946345,0.0016961654,0.41482538,0.001771822,0.0045625647
4777,0.7537589,0.40538186,0.004479902,0.003412422,0.047923554,0.028961355,0.0053755865,0.15914066,0.006703955,0.04496497,0.00017424868,0.016828123,0.17625625,0.00041634619,0.0006066172,0.07194935,6.907696e-05,0.023113802,0.8577956,0.001179774,0.0005887157,0.5779865,0.027953176,0.00041931294
4778,0.5594295,0.30882186,0.0062570865,0.017305639,0.20026816,0.1947203,0.0026551716,0.5703387,0.020959195,0.04292557,0.010483278,0.044509616,0.060142376,0.001862916,0.005824214,0.1105412,0.00011041759,0.16943489,0.14767036,0.004081329,0.005171403,0.5472108,0.17614943,0.018870804
4780,0.19546928,0.13345176,0.002753772,0.052201994,0.20601593,0.27798262,0.004392351,0.773974,0.026258403,0.015572481,0.022500109,0.044051863,0.015262698,0.014656684,0.011942949,0.03417415,0.00018520244,0.1648639,0.0073810034,0.003927378,0.03321484,0.17269786,0.030463554,0.27370697
4784,0.006733077,0.010199664,0.0014625465,0.008647995,0.6485954,0.03011557,0.0009381308,0.6185634,0.022187043,0.070699416,0.0014734062,0.0017057118,0.06357802,0.013710431,0.008262165,0.04107911,3.4808465e-06,0.4735867,0.06009954,0.0021054756,0.0017248424,0.102956474,0.0007928088,0.00015404256
4788,0.034476295,0.03864201,0.0018504964,0.03888873,0.34353977,0.070731185,0.0048179077,0.7873977,0.021513978,0.028913025,0.006292495,0.01895257,0.043088872,0.01212619,0.0070753633,0.04387174,5.694233e-05,0.29344025,0.026081039,0.0026943192,0.009761307,0.13677607,0.02317335,0.0070392285
4790,0.42675224,0.35192794,0.017412672,0.027032308,0.25431994,0.10050175,0.006682255,0.57927823,0.049286596,0.0755725,0.004667242,0.063391544,0.03234028,0.0039744605,0.008414739,0.051836897,0.00021165637,0.19454654,0.15964827,0.009208982,0.008566543,0.2775768,0.1529192,0.02360109
4795,0.041134227,0.03096527,0.00264269,0.013182422,0.7514643,0.09022885,0.0012756828,0.5005199,0.04173702,0.022786833,0.0028760335,0.0036444524,0.0111987265,0.03659024,0.023902467,0.020996427,1.4534342e-05,0.4024044,0.014822608,0.005286427,0.03514011,0.07335149,0.002259704,0.002440318
4796,0.090966575,0.051295534,0.0053045317,0.0021627478,0.6706674,0.11891114,0.0003404571,0.28718823,0.06406791,0.10583687,0.0016683,0.00079970394,0.26010814,0.01112823,0.011985682,0.08687179,5.313309e-06,0.20853186,0.15015957,0.0039548734,0.0048274784,0.2750309,0.00051995367,0.00056248176
4798,0.35135463,0.13460796,0.004481369,0.008111823,0.1250973,0.1246093,0.007090356,0.31179553,0.01274796,0.05784775,0.001772017,0.009167196,0.44248638,0.0027995477,0.0019733722,0.1703234,7.255994e-05,0.040441133,0.4716617,0.0031242114,0.001260055,0.6057456,0.008926599,0.0020082137
4799,0.008824224,0.00527895,0.0001599246,0.008336614,0.59386873,0.07431213,0.00024015032,0.73027384,0.0081603145,0.01087835,0.002677711,0.0011994301,0.00824829,0.008369856,0.0046472843,0.022791177,1.3487091e-06,0.42380103,0.0063719456,0.0006684214,0.0027566848,0.091749266,0.00046195384,0.00042880315
4804,0.178968,0.14348042,0.0052225585,0.005154873,0.16404353,0.09780362,0.0003981776,0.49502176,0.036676597,0.21580516,0.0036501465,0.0052523105,0.4571614,0.0018195853,0.0035638548,0.13862126,8.262356e-06,0.09674916,0.123092435,0.0020392984,0.00027821786,0.42886785,0.0040560868,0.010427989
4805,0.29279518,0.09688408,0.003652695,0.006330457,0.5483058,0.42818898,0.00075301656,0.42380127,0.037902042,0.04317913,0.010109344,0.0038086928,0.084587544,0.005703685,0.008282819,0.10902453,2.7062873e-05,0.12942703,0.04012156,0.0069881636,0.006413297,0.415073,0.0034193352,0.014259691
4806,0.06338358,0.04958021,0.0053417636,0.007649819,0.6560876,0.12832054,0.0007924843,0.49958795,0.06531907,0.09221702,0.004397559,0.0027533965,0.112247124,0.016735448,0.014974506,0.07439366,1.340625e-05,0.31782576,0.08334796,0.005016124,0.010369421,0.21106404,0.0017865305,0.0019894722
4809,0.10963165,0.10031688,0.012284656,0.013914157,0.49673662,0.14244953,0.0024481192,0.50945276,0.07766369,0.13893946,0.007708782,0.008372219,0.2553256,0.014274309,0.016256766,0.13865714,5.3496173e-05,0.22849753,0.120953806,0.009944266,0.0077619352,0.305158,0.0088437805,0.0057839425
4811,0.006235802,0.004694866,0.00022555306,0.016281135,0.62103796,0.07483991,0.00023395485,0.7070371,0.007643288,0.008234022,0.010253446,0.002703523,0.0046949484,0.036376502,0.024843482,0.030844979,3.7563045e-06,0.6385548,0.0025904647,0.0012564254,0.0045460123,0.069878586,0.0013800944,0.00050418236
4815,0.0018896116,0.019048026,0.008616346,0.010849297,0.7192243,0.006367141,0.00012734153,0.56069136,0.0765784,0.14858341,0.0010513709,0.0029611334,0.005771137,0.04218882,0.068190925,0.013496072,1.4189346e-06,0.79771537,0.0063376604,0.006019612,0.00084949203,0.01127051,0.00047941282,0.00018714785
4820,0.04806033,0.09275803,0.008867448,0.08062818,0.35864973,0.052641276,0.006923648,0.7831675,0.0657538,0.036068134,0.009842234,0.050554685,0.013975554,0.055891514,0.038766213,0.02798544,0.00019268828,0.42617697,0.013003741,0.0068175937,0.062236317,0.059995156,0.06345502,0.024328735
4831,0.105577104,0.09017609,0.025426373,0.0850999,0.39053318,0.13111813,0.11697283,0.50330913,0.06493187,0.072432525,0.011061179,0.05508255,0.12743632,0.08857302,0.038794223,0.12851796,0.0018997354,0.19365971,0.12082206,0.03239157,0.041764073,0.23391251,0.050062615,0.011540933
4835,0.07902756,0.033598278,0.0017595774,0.003050211,0.850516,0.25025943,0.00014003876,0.3406988,0.061172966,0.019849358,0.0022502223,0.0006993102,0.0055566346,0.013288128,0.014702308,0.019237692,3.2032804e-06,0.25878417,0.008612465,0.004008336,0.024399912,0.08903946,0.00015643993,0.0024616779
4837,0.05804349,0.027661337,0.0013069798,0.0012228627,0.10683375,0.06997603,0.00035413136,0.16957438,0.007464165,0.08563507,0.00047768286,0.0005615596,0.8964608,0.0020239276,0.0009728725,0.21633539,2.2988595e-06,0.01968304,0.20790997,0.0009439119,3.8064358e-05,0.5666776,0.00014061466,0.0002233582
4839,0.015260284,0.015887251,0.002555526,0.00562475,0.8036284,0.081601866,0.0002716592,0.40710428,0.036882587,0.061554525,0.0044750664,0.0013106503,0.035275258,0.028810587,0.034122974,0.06010654,4.7400613e-06,0.59081745,0.02756521,0.0052234754,0.0037466325,0.116178,0.00045774507,0.0002704392
4841,0.4444025,0.10299429,0.0036677283,0.013992562,0.52365553,0.4802832,0.0035935529,0.49558765,0.03171025,0.019482503,0.012605782,0.008700227,0.039665636,0.008897033,0.0085612675,0.09660563,0.00010917379,0.13742398,0.07211747,0.00619037,0.05031194,0.4665206,0.015703088,0.013294487
4846,0.3370462,0.50621367,0.007735809,0.062155288,0.07063726,0.046665102,0.0016004667,0.762702,0.03985826,0.032878507,0.009648673,0.19889824,0.010607703,0.004309872,0.010338941,0.013579147,0.00016310134,0.18948662,0.00802538,0.002777449,0.008854131,0.097807884,0.34895718,0.49421373
4849,0.29968396,0.27469215,0.03307618,0.013303711,0.47554436,0.14528254,0.0023932252,0.41606325,0.12800999,0.18380933,0.0070138876,0.017778292,0.15230468,0.012655907,0.026435664,0.1173362,9.410372e-05,0.23634177,0.16532268,0.014866512,0.010953991,0.30363554,0.0234195,0.0155932475
4853,0.16843629,0.16730042,0.034294784,0.019925093,0.681842,0.24077268,0.009839937,0.33081016,0.17080998,0.08994401,0.005420048,0.008883837,0.077278905,0.04894347,0.033860408,0.05396033,0.00020309981,0.12786594,0.0514932,0.03214181,0.07203187,0.15090616,0.0036562302,0.04833166
4854,0.0876325,0.16303088,0.0365295,0.13885212,0.36150092,0.041420996,0.07912641,0.5884773,0.14467649,0.025347007,0.002523686,0.06801253,0.008042697,0.14249758,0.053043973,0.012207443,0.0010328487,0.16762888,0.011347145,0.020415744,0.27306882,0.028837629,0.0677384,0.04544457
4857,0.82074064,0.53738195,0.005169936,0.0012788757,0.030641198,0.011083863,0.0015836827,0.07272235,0.00726098,0.06345898,2.6530382e-05,0.010488117,0.23790045,0.00025181696,0.00040708832,0.041204803,1.344834e-05,0.011369265,0.8975216,0.00061029213,0.00020470841,0.5314639,0.011500591,0.00029859573
4858,0.00040854636,0.0018729469,0.00014418545,0.006533558,0.70771635,0.0039672526,1.7562148e-05,0.699852,0.0055574463,0.009923429,0.000506919,0.0009815778,0.00048238714,0.01821931,0.01931115,0.0030759869,9.817681e-08,0.8567961,0.0006730017,0.0004397649,0.00027469185,0.006275787,0.00024158796,2.7631204e-05
4859,0.34906694,0.19877318,0.0061231176,0.009714915,0.44897854,0.37307853,0.00062425435,0.47196916,0.05116227,0.055085625,0.012010456,0.009861494,0.041729927,0.0051528583,0.011078881,0.06359362,3.3538916e-05,0.14397587,0.025140159,0.007082167,0.006435199,0.31722185,0.0064811083,0.092473716
4869,0.13985956,0.42051816,0.14014001,0.007916511,0.29047328,0.02399844,0.0010209156,0.26951537,0.33428523,0.56369793,0.0014963235,0.015329578,0.27697024,0.009427468,0.037590835,0.091143265,3.80665e-05,0.168176,0.12799424,0.018535217,0.0009558818,0.12707944,0.0056978026,0.008887531
4873,0.38269222,0.18019769,0.010700854,0.0066898493,0.43349501,0.251289,0.0016067006,0.3834379,0.0689557,0.11016036,0.0058464427,0.0052351956,0.311339,0.0066560395,0.009104244,0.1356996,4.9692397e-05,0.10700859,0.18517758,0.0072487574,0.009248982,0.47563684,0.0088851,0.0121499235
4875,0.049405478,0.065324165,0.016536968,0.011164505,0.82815367,0.08762,0.0018161063,0.2814987,0.11064406,0.064558364,0.0024277917,0.0038291297,0.023286236,0.054095536,0.056560423,0.029645097,2.7457601e-05,0.37205562,0.023329753,0.019956889,0.024734711,0.06732846,0.0015054374,0.00283545
4876,0.1488373,0.2055465,0.05040338,0.003552435,0.816793,0.15326692,0.00031262898,0.17998415,0.26834598,0.18781883,0.0022680147,0.002498561,0.08462542,0.022210984,0.050112892,0.052571252,1.2475077e-05,0.23470484,0.05238314,0.022097671,0.013577314,0.12389926,0.0009044575,0.006616536
4882,0.23570693,0.012951945,0.0001028072,0.020779556,0.12221226,0.75361466,0.0032414598,0.78205603,0.0012539279,0.0035432172,0.055854514,0.008836698,0.020392677,0.001656644,0.0013647368,0.23046988,7.7026736e-05,0.09596851,0.0141645735,0.0009902135,0.0013801915,0.7027018,0.0040560677,0.0048065837
4887,0.29076496,0.0951656,0.0045437356,0.0066588493,0.41497594,0.30128056,0.0015656719,0.43119994,0.039740916,0.075130306,0.007355168,0.003392468,0.32849208,0.0067660166,0.0063672406,0.1579856,3.7736358e-05,0.105446875,0.15403973,0.0051438073,0.006190631,0.51982975,0.0041994113,0.0066570574
4888,0.15715778,0.06071556,0.0029174376,0.0049287844,0.8043949,0.2539058,0.00037858018,0.32024425,0.04427854,0.017646974,0.0038154945,0.002551385,0.008770137,0.013712089,0.01913498,0.030454742,9.673728e-06,0.2880157,0.015424544,0.00528173,0.024184989,0.15178436,0.0017407574,0.0034844987
4892,0.53561515,0.11004496,0.002709991,0.021491984,0.40999335,0.5790695,0.005247106,0.50628006,0.020938626,0.007295333,0.0138185555,0.015344773,0.01217419,0.008541592,0.0079466505,0.05784748,0.00018097066,0.09196083,0.024822628,0.0049631074,0.08566618,0.415156,0.021074058,0.035256095
4893,0.13331111,0.10721876,0.0023256263,0.13600881,0.07462572,0.027989805,0.054837096,0.82519996,0.006567894,0.0056596776,0.004319634,0.276523,0.007066287,0.0074388753,0.0059474604,0.028113587,0.0013038397,0.21941301,0.024177413,0.0028211155,0.0115700755,0.112615384,0.75921524,0.005630559
4895,0.36493465,0.059850466,0.0009673596,0.0075060474,0.095778,0.4974295,0.0020512473,0.49334195,0.0034961943,0.032871,0.017436193,0.0076255207,0.22999024,0.0008796062,0.0014919456,0.3626186,7.35792e-05,0.060860578,0.17980716,0.0022989288,0.00023147865,0.8026972,0.0058427914,0.0026606368
4897,0.103628576,0.01697162,0.0020126796,0.0944302,0.10824242,0.37597668,0.5801276,0.45709795,0.003290057,0.0022648228,0.004564395,0.07805642,0.021748992,0.03786453,0.0032933815,0.08513968,0.004795588,0.022267638,0.024474882,0.010521058,0.019169789,0.28924492,0.022796007,0.0075845853
4904,0.09326015,0.023380715,0.0015675297,0.0044662105,0.4927079,0.4003404,0.0007912547,0.33226693,0.01753617,0.042142972,0.016176913,0.0012212722,0.4047786,0.008931907,0.007530794,0.29138404,2.6749938e-05,0.12097708,0.039731584,0.006793695,0.0013148348,0.5401737,0.0006360831,0.0012801011
4909,0.008364763,0.0093705915,0.00047481604,0.0046164296,0.70924795,0.06047193,5.270261e-05,0.6212729,0.013962345,0.034605343,0.00308649,0.0011992285,0.009884988,0.007983046,0.011797362,0.0327958,6.7064644e-07,0.6310208,0.009958331,0.0012597338,0.000906869,0.09158873,0.0003302447,0.00027410555
4910,0.18220116,0.58295316,0.28224906,0.00888909,0.51086843,0.03085162,0.0007659577,0.23727581,0.5158384,0.54569596,0.0011806559,0.015741883,0.072504245,0.015558087,0.066610575,0.0390803,3.5112775e-05,0.21008866,0.073729955,0.03420981,0.004157807,0.056783587,0.004730133,0.022045344
4911,0.02081308,0.016559318,0.0016562861,0.00962104,0.67207503,0.079153694,0.00092426804,0.5910071,0.028771318,0.05327747,0.003907237,0.002109973,0.059768736,0.018601617,0.011923356,0.056320734,7.786272e-06,0.43417698,0.0488252,0.0031546615,0.005779704,0.15371273,0.0012191063,0.00056394725
4912,0.32686004,0.0789867,0.006572915,0.018644836,0.6963662,0.43210685,0.007516064,0.37871078,0.08040822,0.010107505,0.0049006552,0.0053531057,0.011802388,0.035905197,0.01756405,0.031654503,0.00015825505,0.097458616,0.02114819,0.009010484,0.43519914,0.1740128,0.004134056,0.0153269
4916,0.07418044,0.0309325,0.0012647412,0.01180117,0.5922871,0.17900927,0.0012648135,0.59604895,0.015808193,0.023180122,0.0074418895,0.0056177294,0.030650405,0.008899919,0.009311635,0.07479359,1.7532511e-05,0.35440135,0.0364289,0.003477738,0.0065822904,0.26645568,0.006913391,0.0017736887
4917,0.0062242434,0.001889697,8.365927e-05,0.010986248,0.5600234,0.21268855,0.00027456562,0.6894672,0.0058134138,0.006519774,0.015623909,0.00070244947,0.009898429,0.027392594,0.009929807,0.0623319,2.7623055e-06,0.36738893,0.0021876101,0.0009615706,0.0039410824,0.13618049,0.000104811894,0.00050596654
4926,0.18625517,0.046518877,0.0017087203,0.005770962,0.27009794,0.3748583,0.0010099246,0.43052465,0.013988886,0.05784957,0.01158755,0.002776995,0.43566006,0.003497213,0.0037811822,0.27227032,2.8849523e-05,0.08191482,0.08644799,0.0037324314,0.0007612116,0.638919,0.0019214264,0.0034392995
4928,0.008256153,0.025543341,0.0070214765,0.003157788,0.8856493,0.030201582,7.949065e-05,0.30011317,0.08577735,0.08961864,0.00077469304,0.00079487846,0.008904147,0.027300859,0.045486942,0.013936609,1.0249878e-06,0.62737745,0.010661179,0.007930338,0.002941277,0.024949577,0.000106875625,0.00028399948
4931,0.0013552281,0.0045343037,0.002801188,0.010201979,0.89973307,0.025789976,0.0003518459,0.18068357,0.035554674,0.015323771,0.0019563856,0.0007046716,0.0020343126,0.27022627,0.19525734,0.010835873,5.0476215e-06,0.6523408,0.0006412551,0.015849423,0.007956386,0.010961407,5.072089e-05,0.000241497
4940,0.13796513,0.060028553,0.0033246374,0.08023672,0.1583921,0.10476369,0.1633368,0.6559402,0.0071361843,0.010945857,0.0041019353,0.098914616,0.04774283,0.0114629455,0.003533763,0.09052625,0.0015175887,0.10759753,0.16102684,0.005818934,0.014420358,0.3005734,0.23250915,0.002862499
4941,0.068371914,0.0732126,0.006253121,0.018353183,0.45138478,0.17154989,0.0012692082,0.6190846,0.053116884,0.09737911,0.01708845,0.010662425,0.0959358,0.01337586,0.018347504,0.1301322,4.1768424e-05,0.31397763,0.035604794,0.007299391,0.0048789615,0.24622492,0.0062313536,0.0098559
4943,0.041462578,0.06060339,0.0074430765,0.026779775,0.46574557,0.07638467,0.0029191123,0.7101793,0.0590847,0.11724147,0.008807086,0.014221248,0.07654781,0.018982882,0.019210503,0.09055262,5.1433777e-05,0.4249455,0.07763946,0.0062138354,0.008312609,0.171691,0.01136372,0.00385251
4944,0.031251818,0.01725301,0.0016983737,0.0115929535,0.3909612,0.18447207,0.0016600245,0.56881297,0.019058796,0.08088139,0.014508339,0.002771768,0.4494592,0.013927791,0.008868387,0.29042888,2.674902e-05,0.23472506,0.088338815,0.0037586836,0.001458407,0.4724226,0.0015903254,0.0007598382
4945,0.28881156,0.1936829,0.016839638,0.0063645174,0.44370094,0.13239889,0.0016656003,0.3652708,0.09014116,0.16734968,0.002794621,0.005475162,0.31462905,0.007981407,0.010901257,0.09744196,3.642771e-05,0.13486733,0.2586449,0.0070698382,0.0067754216,0.3550896,0.005181269,0.0066400142
4946,0.09778796,0.020265615,0.0011408606,0.0061782016,0.5324791,0.42529276,0.00065141974,0.40657356,0.013977782,0.035724632,0.031087209,0.0019929232,0.21686621,0.012362072,0.0135126,0.35677946,3.0509851e-05,0.2665749,0.05508206,0.0043549403,0.0023261937,0.5686561,0.0014707219,0.0007047562
4964,0.07220672,0.048492674,0.003374384,0.009928593,0.70658004,0.13981164,0.0008669643,0.510193,0.042466123,0.044949636,0.004618259,0.0045633293,0.02924916,0.01628221,0.016843911,0.04270594,1.4083559e-05,0.3693885,0.033725444,0.005827124,0.013271064,0.15308607,0.003117755,0.003863505
4966,0.013904157,0.008873091,0.00087362895,0.0022764714,0.109758765,0.17159645,0.0002730372,0.20066617,0.0059230006,0.12773462,0.006684569,0.0006957948,0.94187284,0.0030881735,0.0030290573,0.5723582,7.038395e-06,0.04066371,0.04595014,0.0022823575,6.0904395e-06,0.68959427,6.21065e-05,0.00021531574
4968,0.0067277034,0.024569264,0.0075292867,0.00701787,0.8613405,0.013210072,0.00041645573,0.34283268,0.0797259,0.055063266,0.0003273321,0.0013924841,0.0031964867,0.04731657,0.04649574,0.0052660303,2.403708e-06,0.60107946,0.009064695,0.007835956,0.010266404,0.012446529,0.0002486714,0.00038613117
4971,0.67063046,0.3660055,0.00085977296,0.03018947,0.011967124,0.011522719,0.01168195,0.49794528,0.0011202956,0.002134685,0.00024971442,0.3388295,0.0038844321,0.00028944135,0.00045461094,0.012664502,0.00030426384,0.04240404,0.0906618,0.0005217907,0.0007785588,0.25625554,0.874105,0.0018238402
4973,0.046673197,0.01877822,0.0011074481,0.0023105135,0.8822397,0.17118223,0.00011495925,0.27927515,0.036813967,0.013189289,0.0016267566,0.00050357415,0.0043967282,0.019168766,0.019840848,0.01493272,2.0437674e-06,0.37173933,0.00608561,0.0036923164,0.0170015,0.069410995,0.0001193327,0.00081729854
4976,0.5094549,0.26925838,0.00031745827,0.06493697,0.019510578,0.06653829,0.005059835,0.786632,0.00073767954,0.00061844254,0.004866604,0.42282188,0.0010660944,0.00039342514,0.00092691276,0.00841143,0.0001483955,0.09221376,0.0028599645,0.00039857766,0.0017117766,0.23390003,0.89557135,0.09235721
4979,0.2071059,0.1358092,0.03141436,0.011826137,0.79469943,0.18026689,0.008796553,0.18466131,0.18351786,0.037977424,0.0011071507,0.003528954,0.018768998,0.050693832,0.03317528,0.017149953,0.00010256446,0.09127263,0.034285236,0.025335131,0.22277199,0.080611795,0.0011308655,0.011903749
4980,0.72059405,0.28307968,0.004740963,0.006139142,0.21787526,0.33779386,0.0012173472,0.38887018,0.01975544,0.052005697,0.005886466,0.011373183,0.10721684,0.0011949645,0.0030078888,0.12993765,5.389275e-05,0.07733149,0.30172703,0.0031296767,0.0032584483,0.68393004,0.030029887,0.012377296
4987,0.27949917,0.36409444,0.11493916,0.0069806487,0.6912786,0.07790312,0.0037847722,0.1638107,0.3279587,0.24722062,0.0008260261,0.006171226,0.13581301,0.023773244,0.036695436,0.0399982,7.0079295e-05,0.11765266,0.2210312,0.027417082,0.033965595,0.12973757,0.0029579662,0.00898934
4998,0.029424962,0.06461501,0.012240773,0.03151105,0.38473234,0.048855137,0.004668332,0.6812569,0.07660065,0.18645243,0.007848493,0.01686734,0.21916026,0.022968085,0.019545337,0.12394318,7.44124e-05,0.36046338,0.10025539,0.007725728,0.0049586305,0.17290564,0.013488347,0.0032378768
5000,0.0050458284,0.044358317,0.0022256696,0.030454908,0.34727603,0.0060069407,4.5412984e-05,0.8017586,0.023815699,0.02646646,0.0043405616,0.04074753,0.0007835837,0.01846063,0.07039357,0.007949741,2.8685624e-06,0.8617588,0.00058758835,0.0014751744,0.0009828348,0.00892824,0.028975284,0.002598956
5001,0.3951048,0.40575525,0.031805914,0.020628676,0.40879095,0.074281655,0.0025858216,0.4700467,0.12570843,0.12020649,0.0031169327,0.04050695,0.05236676,0.010814847,0.020311337,0.037142094,9.484008e-05,0.23342119,0.12351244,0.009550257,0.030171735,0.180771,0.07977447,0.037017044
5002,0.036822412,0.0093645435,0.00028916777,0.010396344,0.19261268,0.38193578,0.00083703926,0.6402653,0.004242807,0.041937478,0.03445377,0.002545356,0.35923943,0.0034528933,0.002933677,0.42305875,1.8946945e-05,0.15208913,0.038437165,0.0013856381,0.00014962525,0.6642649,0.00078381586,0.00094506296
5004,0.11374384,0.06971162,0.0013211432,0.053385977,0.19759,0.15274552,0.0061221807,0.83632386,0.009683034,0.012751753,0.020968147,0.05843314,0.020801833,0.005210043,0.0065679564,0.07368434,0.00021392628,0.28948,0.022876414,0.0022537077,0.009129928,0.26618987,0.15309303,0.012624259
5005,0.016029652,0.005353497,0.0002902195,0.0037728837,0.81780744,0.106434725,0.00024443597,0.4366424,0.012535727,0.007017611,0.0016076639,0.0004525388,0.004793308,0.019530248,0.010534325,0.016108762,1.6265833e-06,0.4029412,0.0050087995,0.0018625727,0.008530902,0.07014759,0.00011712109,0.00019645576
5008,0.17058973,0.042704064,0.0016594412,0.0033478688,0.7342876,0.45540434,0.0002036084,0.3696938,0.034888245,0.026234824,0.009095767,0.0011562025,0.031080313,0.0069451393,0.010556261,0.093856506,8.724669e-06,0.20035367,0.019385386,0.004997678,0.0071991463,0.31850952,0.00064044003,0.0031172615
5010,0.030099042,0.026845064,0.0014687163,0.019546336,0.4164867,0.11627856,0.0010014785,0.7345369,0.023632906,0.056503814,0.014489872,0.0063366536,0.09635076,0.0161516,0.012589186,0.11510072,1.7982318e-05,0.41121146,0.035430625,0.0022961786,0.0047304207,0.23677799,0.00397861,0.0029493428
5016,0.015121439,0.030005673,0.0077130687,0.0083789,0.7566809,0.049392257,0.0006097756,0.443075,0.07205149,0.10755226,0.0025067842,0.0021054407,0.05374229,0.03137306,0.030566234,0.042943742,7.215619e-06,0.4907023,0.036143854,0.008371363,0.0053829257,0.07908014,0.0006973316,0.00065851235
5017,0.064014055,0.04692985,0.003308975,0.030202754,0.48063985,0.15561922,0.0036023362,0.7141271,0.03269709,0.047227565,0.016253822,0.01406329,0.061536063,0.021197055,0.017137999,0.10366849,7.942277e-05,0.37935534,0.048973385,0.0053469623,0.016091825,0.24113302,0.016973862,0.0058008577
5024,0.22347182,0.17395404,0.030472238,0.0069687497,0.72071266,0.12165355,0.0030979514,0.3028005,0.17373504,0.12889534,0.0015795626,0.0038642227,0.13335152,0.021711754,0.020296361,0.044771668,4.905971e-05,0.1801359,0.23091756,0.011953691,0.063927494,0.19078423,0.0038634702,0.005105544
5029,0.009511258,0.032166723,0.018995777,0.106681615,0.5505059,0.034257326,0.036570985,0.5609858,0.088030174,0.032298114,0.003845195,0.021007901,0.0062730648,0.29106602,0.1114198,0.018015381,0.00035091466,0.3650953,0.006279744,0.024438675,0.094785,0.021554718,0.0051207677,0.006600499
5031,0.006505437,0.045934632,0.06980232,0.00381384,0.89100575,0.01154246,0.0009890567,0.0795702,0.25787884,0.16237795,0.000108169355,0.0005956886,0.031875156,0.083526716,0.08463567,0.008499401,6.2728773e-06,0.2711566,0.014000077,0.055397034,0.0065874085,0.0140022505,2.179358e-05,0.00035283735
5036,0.25185367,0.28183043,0.049456142,0.0041497163,0.42965296,0.06162199,0.0011880157,0.21947289,0.18843132,0.3078277,0.0012353932,0.0044502947,0.42552266,0.008477255,0.017953087,0.09471426,2.8064636e-05,0.11062186,0.3015475,0.0104256375,0.004452738,0.270553,0.0033454923,0.0036376386
5037,0.54841614,0.33053106,0.004365533,0.03671269,0.07888416,0.07161748,0.016208908,0.6143538,0.009540645,0.019666325,0.0029838812,0.13586402,0.041681282,0.0016661666,0.002236699,0.052359637,0.0003859153,0.099328615,0.17692703,0.002994759,0.005329313,0.39010346,0.49894187,0.016810203
5043,0.06422043,0.031863473,0.0026991935,0.008998429,0.5549331,0.2905913,0.0007220134,0.49681684,0.029754216,0.06437702,0.020699095,0.0033255427,0.14746276,0.015663076,0.019133467,0.24127528,2.505902e-05,0.32906848,0.044979706,0.005684091,0.003338393,0.39665386,0.0019194285,0.0016259274
5047,0.11216919,0.015390143,0.00019468782,0.012621591,0.16490552,0.55662256,0.0011586937,0.68547285,0.0025952184,0.015634613,0.04587283,0.0049764155,0.13822713,0.002171975,0.0021026614,0.29262155,3.665324e-05,0.12052975,0.025259681,0.0012734128,0.0004039551,0.6857054,0.0020639785,0.004147817
5051,0.01899703,0.025933424,0.0027751783,0.015434367,0.51321864,0.07045638,0.0009882429,0.6800604,0.036074325,0.09836001,0.0069591766,0.004772069,0.10503774,0.015029855,0.01323438,0.1004862,1.1200555e-05,0.4424176,0.050996333,0.0033301704,0.0026538004,0.18057556,0.0028689655,0.0012147155
5052,0.12636928,0.045213904,0.0019062889,0.006806786,0.61343026,0.2760129,0.0006067577,0.5205693,0.03045578,0.04272967,0.00821529,0.0027030997,0.06518819,0.008502333,0.009518686,0.0980596,1.3718538e-05,0.26111692,0.05458744,0.003992301,0.007949165,0.34565896,0.0022446646,0.003084249
5054,0.0070187873,0.016254585,0.0029294023,0.0052758064,0.8184155,0.010214569,0.00047099724,0.44183505,0.04933635,0.04587988,0.00017424118,0.00090315635,0.004673557,0.022490578,0.015376527,0.0040511778,1.4785531e-06,0.53066003,0.023098469,0.0025805682,0.009760736,0.017205387,0.00020494277,0.00017134626
5055,0.6597265,0.4810331,0.029323295,0.008228813,0.24415798,0.07903842,0.0050886096,0.26635006,0.07487577,0.14851491,0.0012389596,0.021023966,0.17566282,0.0034894943,0.006648464,0.07486741,0.00013886727,0.07635854,0.5754618,0.0069521354,0.008142754,0.42600676,0.047984283,0.008080794
5056,0.02037386,0.03332066,0.008419169,0.013678574,0.6324893,0.034165397,0.0054374207,0.53413546,0.055453066,0.09969741,0.0015080345,0.0038978006,0.07248417,0.021543987,0.016055468,0.04501562,2.1006404e-05,0.37527165,0.111893825,0.0085481,0.006114459,0.109854266,0.0030353537,0.00042407567
5063,0.024440154,0.029179338,0.0066747135,0.038820863,0.658847,0.10816529,0.0051551275,0.53573656,0.048618507,0.035534784,0.012496765,0.010915374,0.015732724,0.11657305,0.07642265,0.059961375,0.000102350976,0.4936215,0.013517045,0.014157656,0.032728456,0.088743895,0.005614518,0.0034183457
5068,0.27002275,0.040343836,0.00082202,0.006844672,0.47888768,0.49166116,0.0009327502,0.5361384,0.013902424,0.018702561,0.013349199,0.0025740152,0.06463952,0.0045474973,0.004356951,0.13395007,2.2670885e-05,0.13609754,0.044731125,0.0029256737,0.007112934,0.51914537,0.0025742587,0.0042632073
5073,0.012142176,0.008096204,0.00080243824,0.00036602662,0.062892064,0.04097774,0.000119747834,0.05370412,0.0040360126,0.110255286,0.00020701277,0.000119997254,0.98659176,0.0014826328,0.00073632476,0.3493718,8.809177e-07,0.0071033696,0.111982994,0.0010507221,1.6869764e-06,0.62056214,6.552861e-06,2.7132595e-05
5075,0.111237645,0.14993727,0.032149024,0.005639229,0.43256056,0.058635876,0.0014195472,0.29685932,0.14661878,0.28900135,0.001820183,0.0038980208,0.5327264,0.012844511,0.01827711,0.12252386,2.7260303e-05,0.14762905,0.2683153,0.008775731,0.0041413633,0.27800745,0.002309739,0.0020439979
5078,0.6206975,0.39492866,0.016003521,0.010419298,0.25513968,0.16431034,0.003126716,0.3766126,0.049834643,0.09865265,0.0043782894,0.022812603,0.17961092,0.003080081,0.0064534536,0.10307721,0.00011131896,0.090885736,0.29067427,0.0068182107,0.006524996,0.51018685,0.0784904,0.023120794
5083,0.02027369,0.01223184,0.0011025312,0.009869338,0.65784,0.083529614,0.0012820124,0.5892693,0.031140534,0.035239022,0.002675729,0.0010913329,0.057483763,0.021862032,0.0077399644,0.04056856,6.516566e-06,0.30621347,0.03956193,0.0021362575,0.015782146,0.14363901,0.00045945522,0.00066858996
5084,0.49296454,0.3986606,0.027358592,0.0072938404,0.24447417,0.06386562,0.0020580883,0.34532878,0.09237968,0.23843879,0.0016901916,0.015268741,0.28392315,0.003777464,0.009087807,0.09530681,4.8920072e-05,0.123298205,0.48728886,0.0053285826,0.0038790705,0.3972347,0.02343571,0.0069090314
5085,0.76774955,0.017688107,4.6459023e-05,0.0026691991,0.19349343,0.9187937,0.00028985506,0.51157576,0.0008347242,0.00072187063,0.018618107,0.0016925248,0.0035314162,0.00026631937,0.0004929117,0.12089362,1.2576851e-05,0.03045161,0.008273949,0.000469146,0.0016438656,0.8134964,0.0014128535,0.0020932863
5086,0.044722293,0.01597738,0.0007434988,0.0028634288,0.6290451,0.18931967,0.00016862864,0.47043985,0.018662825,0.045557324,0.0041732397,0.000627729,0.1298937,0.0065401,0.0063542333,0.108449474,2.1318617e-06,0.26918775,0.04313096,0.001978591,0.0013551565,0.3245551,0.0002900452,0.0004337958
5088,0.005652263,0.005590198,0.00027366503,0.0013739413,0.88025665,0.028538086,1.0382348e-05,0.36270905,0.012255358,0.012932185,0.0004601607,0.00030101414,0.0018657872,0.011318941,0.017334167,0.0057508466,9.259769e-08,0.6936379,0.0024054125,0.001140024,0.0012556018,0.02528436,5.7250076e-05,8.455531e-05
5093,0.38896197,0.024136009,0.00022540195,0.0044384296,0.20835407,0.77947026,0.0004954588,0.5013868,0.0026216805,0.011155302,0.033732947,0.0022764648,0.09336358,0.0010867122,0.0017423608,0.3026567,2.5138772e-05,0.06552672,0.02534222,0.0019130072,0.00037356248,0.78333175,0.0011457446,0.0041827504
5101,0.5671667,0.4309213,0.0036916672,0.049015567,0.039161857,0.029042875,0.00842335,0.66458744,0.007815583,0.013214685,0.0021637278,0.28270414,0.012240692,0.0012109234,0.0023932515,0.023222027,0.00030537718,0.11544838,0.056341633,0.0018011284,0.0029751316,0.23946537,0.7736152,0.02768488
5102,0.027170306,0.0064823455,0.00038034856,0.0077776695,0.44436532,0.5293906,0.00033734704,0.4580222,0.0067063523,0.030353922,0.08293755,0.0016910108,0.17057732,0.013971821,0.01585826,0.4708179,2.057043e-05,0.27628893,0.0101474635,0.0037098199,0.00031834203,0.5628023,0.0003423233,0.00078647264
5104,0.01725866,0.025200995,0.0016575606,0.04439832,0.35706756,0.061636142,0.0038967044,0.8221155,0.029435402,0.023458136,0.0050197644,0.01276481,0.023350451,0.02593233,0.009247003,0.023820039,4.139473e-05,0.28521034,0.01000936,0.0022569739,0.017668836,0.06478227,0.007149962,0.009533695
5105,0.091085434,0.531173,0.30241722,0.0053483145,0.38490647,0.008985598,0.00036915057,0.21975595,0.57183,0.7089187,0.00044716193,0.010366969,0.10947328,0.009279938,0.06207753,0.03757204,1.22717665e-05,0.22098973,0.08257213,0.026467977,0.0007126949,0.038095426,0.0016782959,0.0049811425
5108,0.17672582,0.098031476,0.004214369,0.0014976886,0.11233453,0.03199156,0.0007928855,0.16212247,0.021217825,0.12775245,0.0002592571,0.0011455967,0.7993473,0.001816394,0.0016592643,0.1525777,5.0508283e-06,0.026843494,0.5523757,0.0010964109,0.00024746047,0.49759793,0.0006113325,0.00018208828
5109,0.087088585,0.0690777,0.0077843363,0.0054974565,0.72543573,0.11965358,0.0006604161,0.4101618,0.08929497,0.088699766,0.0024567975,0.0021059266,0.084623605,0.016835352,0.016012624,0.04488285,1.07935375e-05,0.2759876,0.07371384,0.0068838815,0.017043583,0.16211712,0.001364095,0.0028959808
5110,0.08899899,0.03143571,0.0026355293,0.004046728,0.8415335,0.16756684,0.00071030273,0.3083859,0.047306232,0.018503638,0.0016889302,0.0011379058,0.012072409,0.021073133,0.01633179,0.021609457,1.1464504e-05,0.28346843,0.025771786,0.00535906,0.039532192,0.11206126,0.00069320365,0.0010630493
5115,0.36097842,0.044094715,0.0004855329,0.0074788393,0.2172108,0.67189705,0.0006603298,0.5894859,0.0045828954,0.016760396,0.044171244,0.0049377442,0.06809861,0.0012422281,0.0027586308,0.29518142,4.0620253e-05,0.12106869,0.036213305,0.002155146,0.0008669196,0.7442682,0.0041504023,0.005255239
5116,0.3225247,0.33360654,0.022806639,0.053504936,0.25136933,0.06529915,0.013934688,0.6598051,0.07450999,0.07479225,0.0059999293,0.09925369,0.048659336,0.010301867,0.014821549,0.05098762,0.0005039755,0.22697854,0.11553088,0.010786785,0.028878396,0.19940427,0.30580294,0.032106854
5122,0.017191952,0.01229764,0.00083169254,0.0023266806,0.86227506,0.045831148,0.00011165894,0.37458447,0.027174605,0.017673578,0.00044999458,0.0004895306,0.00405559,0.014092695,0.013297897,0.006977212,8.023555e-07,0.4944993,0.01047262,0.0021434275,0.008624435,0.039984077,0.00012626745,0.00022876982
5124,0.009199172,0.009472179,0.00045612283,0.013805176,0.447304,0.09852941,0.00025159595,0.75653523,0.011604936,0.03906401,0.015728679,0.0030639803,0.055339426,0.010975476,0.010211354,0.1090601,4.2795023e-06,0.50481474,0.012138705,0.001294672,0.0009409631,0.19144425,0.0013225306,0.0009195515
5126,0.011339503,0.009779678,0.00068106694,0.015487185,0.49396637,0.097485155,0.00076182804,0.7481184,0.01553882,0.04715025,0.010746974,0.0029358382,0.07454483,0.015866106,0.00999613,0.10686917,7.906806e-06,0.45824596,0.03072337,0.0017143255,0.002205607,0.20460275,0.0013822753,0.0006974566
5132,0.18141492,0.03438597,0.0010843177,0.004241414,0.72825325,0.3315965,0.00047798094,0.4092154,0.02217997,0.011229594,0.0040569673,0.0016632699,0.0114468,0.008982601,0.008511806,0.037955903,9.018991e-06,0.21397868,0.020022396,0.002939225,0.019706745,0.2331344,0.0011853323,0.0023578147
5134,0.12618007,0.044681758,0.0022943069,0.0029227466,0.7099911,0.13035339,0.00047905016,0.36211735,0.050141435,0.04565847,0.0012193106,0.0007703497,0.10126858,0.013516702,0.0080198655,0.03681623,5.4054494e-06,0.20952938,0.090788975,0.0026593078,0.025248313,0.21004926,0.0005060823,0.001541758
5136,0.016759994,0.012477519,0.0006398522,0.023165857,0.48075604,0.09093361,0.0017243588,0.7739605,0.014896593,0.020310987,0.006756381,0.0048660017,0.028863562,0.017777974,0.0082290275,0.04580296,1.5410837e-05,0.37734812,0.016765969,0.0017138523,0.007991937,0.13204086,0.0034290676,0.001755708
5142,0.1867107,0.41045558,0.19036753,0.0025885017,0.9109616,0.17206621,0.00014859655,0.06668652,0.5364021,0.24371539,0.0012938081,0.002435173,0.028868206,0.03431086,0.11953554,0.027734177,1.4433041e-05,0.1903133,0.022194285,0.04997415,0.025052875,0.05204396,0.00037456295,0.018830055
5147,0.11551131,0.34873727,0.14396559,0.0011346979,0.8653549,0.05214031,4.998317e-05,0.09388277,0.49533936,0.35375217,0.00024766463,0.001009342,0.042149432,0.013584954,0.057193443,0.014049893,1.754688e-06,0.20647888,0.04756863,0.020485107,0.0065234634,0.04044362,0.00012032977,0.0043004146
5150,0.0050727767,0.0043367124,0.0003962368,0.016698094,0.6611238,0.020800617,0.0030781033,0.64501023,0.020839596,0.0058895783,0.0002839507,0.0008241034,0.002976075,0.051468886,0.006900628,0.0029346016,3.852423e-06,0.25214875,0.00401212,0.0010756329,0.07260954,0.017222418,0.00014483737,0.0005647196
5154,0.07171284,0.07518427,0.0176721,0.008643728,0.5429013,0.1033979,0.003622639,0.36496368,0.110254616,0.1493066,0.0020948187,0.0026959085,0.3879354,0.022790965,0.013419287,0.089803174,3.5539062e-05,0.12325049,0.1421577,0.011621197,0.011194535,0.24525157,0.0011775201,0.0031100549
5160,0.6403117,0.28056762,0.0116078295,0.008700849,0.32190892,0.24217586,0.004312105,0.3368599,0.039781865,0.06167597,0.004009988,0.012792999,0.16329317,0.0037797256,0.0053138337,0.110121354,0.00013265455,0.078954615,0.39258137,0.0064123548,0.014191058,0.5651423,0.037232146,0.009353534
5161,0.74484026,0.66454476,0.03813958,0.0012076912,0.1628363,0.019399246,0.00035064266,0.111606985,0.10443822,0.32455078,9.900024e-05,0.0066940333,0.24531557,0.0010731089,0.0043525947,0.03379251,9.085654e-06,0.047698364,0.7298674,0.0020468787,0.00095445436,0.30817685,0.00611299,0.0023475897
5163,0.2269604,0.092707224,0.0027964425,0.03653097,0.35813025,0.23720698,0.007888315,0.7251611,0.026834577,0.01935685,0.01269598,0.025630437,0.04966653,0.012681434,0.008722974,0.06677827,0.00018543286,0.19564445,0.048525877,0.0040324284,0.057651278,0.31121087,0.056293447,0.023490714
5172,0.025404133,0.016704163,0.0017051314,0.018037772,0.65649533,0.10688629,0.0026795226,0.60286725,0.031613722,0.02777859,0.004557894,0.003034041,0.019755416,0.03899878,0.017258145,0.038192686,2.0104562e-05,0.36337486,0.022976918,0.0041007334,0.023915228,0.1097399,0.0011174093,0.0015527052
5175,0.025040975,0.012004042,0.00025203123,0.015145253,0.4395269,0.14049321,0.00055218086,0.7736721,0.0064390902,0.013975047,0.011332584,0.004326505,0.023583436,0.0066249003,0.0053830766,0.06609564,6.978968e-06,0.408899,0.0144412415,0.0010073612,0.0026723833,0.23017216,0.0035412866,0.0014513115
5177,0.029258797,0.024277002,0.0034214726,0.0030030552,0.28309798,0.08689112,0.0005964808,0.29815158,0.028334063,0.14715722,0.0021663257,0.0008813697,0.8324189,0.006820297,0.004558008,0.23184857,6.3036114e-06,0.07800034,0.12615491,0.0032636763,0.0003235966,0.46556896,0.0003025941,0.00041031875
5178,0.10484025,0.08815317,0.0016317795,0.12724037,0.083398424,0.02487638,0.03316333,0.8399737,0.004822883,0.0042018965,0.0049517415,0.26804793,0.0037518956,0.0053189322,0.005988502,0.02683888,0.0008672138,0.28212038,0.017553736,0.0022859818,0.0080631245,0.10566672,0.7903802,0.0031441299
5179,0.28928053,0.1264088,0.007888602,0.066145726,0.2645629,0.14865112,0.080748476,0.63962156,0.022661844,0.022332523,0.0069863666,0.071105756,0.04816753,0.014076214,0.007829937,0.08020991,0.0012440042,0.14886811,0.17131785,0.009885217,0.043797918,0.32237485,0.22988866,0.008494656
5182,0.72326833,0.31928822,0.005886449,0.005504406,0.23167296,0.2762109,0.0013543662,0.35255527,0.021614611,0.054836415,0.0037515552,0.011446222,0.11125942,0.0011409126,0.0026456248,0.1052915,5.3051088e-05,0.069958836,0.35874867,0.0031252154,0.003369652,0.6522988,0.033178836,0.011159931
5184,0.45159796,0.21769515,0.006502257,0.0064449133,0.16718802,0.16780667,0.0019318737,0.37596875,0.026570935,0.1078733,0.003344478,0.008492941,0.35598445,0.0020950262,0.003241346,0.13695514,3.952671e-05,0.056044508,0.25789306,0.003912184,0.0010902237,0.5679043,0.010328744,0.011663748
5185,0.00805037,0.004722265,0.00019031022,0.0035861626,0.80003154,0.06865584,4.8375063e-05,0.5446216,0.009472692,0.012692119,0.0023096884,0.00055346877,0.0038266282,0.0139863985,0.013097222,0.018004874,5.586909e-07,0.6335703,0.0044644363,0.0010737828,0.00230551,0.06672725,0.0001543525,0.00015215673
5187,0.0818499,0.049424704,0.0037036883,0.014028548,0.5340513,0.18596262,0.0016516894,0.5957293,0.036069423,0.0708699,0.0122756045,0.0067548873,0.1065333,0.014179856,0.0154269505,0.1437336,3.6936017e-05,0.34926817,0.08056286,0.0058009704,0.0073022423,0.32298088,0.0064652446,0.002869708
5188,0.0013426669,0.0022791005,0.00020815304,0.013022106,0.66892284,0.047655627,0.00010954775,0.69262004,0.008201831,0.009078604,0.0066761905,0.0015222571,0.00083528034,0.045689914,0.034563318,0.01779611,1.3394163e-06,0.71754277,0.00070499163,0.0013314983,0.0012578131,0.023081819,0.00015999538,0.00022941525
5189,0.09253026,0.0421148,0.0017891726,0.014015582,0.4200898,0.21134216,0.0015044909,0.63712585,0.022274604,0.054167572,0.013415108,0.005844002,0.139227,0.008138823,0.007989736,0.15666011,2.6338343e-05,0.26583076,0.07140862,0.0032054957,0.0046020187,0.4073207,0.0058462187,0.0034180111
5191,0.034254078,0.011500103,0.0003729885,0.017220648,0.32214448,0.2706953,0.0016735886,0.7248409,0.007223689,0.028003186,0.023733912,0.0038326713,0.17847402,0.00729534,0.0041041407,0.22204655,2.383029e-05,0.2274638,0.036716435,0.00159966,0.0015515751,0.46617472,0.0021567475,0.0015037484
5203,0.048979517,0.025435952,0.0019240811,0.0041083815,0.18967323,0.15178452,0.0010693418,0.3170633,0.01255613,0.09279205,0.0035148903,0.001520662,0.8099965,0.0047787274,0.0029375334,0.29798904,1.3658124e-05,0.05088792,0.1136376,0.003006286,0.00017248353,0.5670761,0.00047775457,0.00081435806
5207,0.74412614,0.3337592,0.005572054,0.0043524685,0.19553204,0.23405105,0.0010688799,0.31585348,0.019615995,0.057910625,0.0026154416,0.009881405,0.12326038,0.0009461373,0.002299305,0.10125205,4.1305768e-05,0.061503563,0.4257592,0.0023696679,0.0025280758,0.6540028,0.025392236,0.0076002786
5208,0.08283916,0.08053865,0.0155075565,0.01890355,0.5406303,0.13841788,0.006297629,0.48022354,0.090527,0.12679827,0.0076253875,0.00757228,0.30789948,0.028842859,0.019662878,0.13128072,0.00010258597,0.19966078,0.1259128,0.014151654,0.016575027,0.2852009,0.006580064,0.0058396235
5209,0.11630512,0.02827412,0.0008205722,0.007898738,0.19989993,0.38631257,0.0009798803,0.5217432,0.007171815,0.05362405,0.022964166,0.0036313618,0.40308535,0.0027131375,0.0034433568,0.38070112,3.052388e-05,0.11384993,0.07646254,0.0024405292,0.00028977543,0.6935829,0.0020055585,0.0019448153
5219,0.01303345,0.01613001,0.0009767016,0.02308996,0.5383657,0.04530525,0.0008785517,0.763914,0.018367728,0.019148193,0.003990606,0.007162087,0.007013352,0.025731767,0.016183356,0.019188954,1.2096017e-05,0.5507,0.009625771,0.0017773329,0.0109523535,0.05702592,0.005255331,0.0015462051
5220,0.02202694,0.012934083,0.0009430562,0.022385305,0.6281507,0.08710965,0.0022799375,0.6609562,0.015998693,0.01330597,0.0056029973,0.0052554756,0.0116090225,0.041144192,0.019207332,0.031774763,2.2523893e-05,0.4588858,0.012699089,0.002994997,0.01999699,0.09889332,0.0049885353,0.0012295482
5222,0.27219182,0.044493683,0.0009954785,0.007996338,0.50274324,0.4231537,0.0013618674,0.55884105,0.015584328,0.01912545,0.011033761,0.003315426,0.04605554,0.0054030246,0.0045631626,0.10912775,2.9341298e-05,0.16726638,0.074589096,0.0026848542,0.01368396,0.4933193,0.004216895,0.0035434274
5223,0.489134,0.008957328,3.1216317e-05,0.004809794,0.102936946,0.9055427,0.0005025156,0.62504923,0.0004933242,0.0018361711,0.044432793,0.0019686907,0.017984118,0.00044351176,0.0005769454,0.28419104,1.6411319e-05,0.04010041,0.0077338256,0.00062546326,0.00020343336,0.8382339,0.0006484203,0.0024593396
5232,0.021483999,0.021953452,0.0035699562,0.010416899,0.8123857,0.05324612,0.0015129687,0.39536384,0.04602887,0.029321257,0.0014769231,0.0019274731,0.012340354,0.046483755,0.02830529,0.016560817,1.056894e-05,0.4227902,0.01697906,0.0069439164,0.025318598,0.051607896,0.00076124386,0.00081991986
5233,0.3586905,0.55209494,0.02438985,0.036986526,0.13830833,0.03181218,0.0011045649,0.67211735,0.090559386,0.13339917,0.0051546134,0.14401379,0.02355074,0.0043170317,0.01725157,0.02866972,8.667469e-05,0.30530784,0.040424176,0.0048396806,0.006064356,0.12358319,0.25595447,0.10802299
5237,0.19243822,0.055690575,0.0012575262,0.023971718,0.16341549,0.47670576,0.0048241606,0.7056322,0.010242791,0.025834618,0.034455623,0.015129208,0.10793877,0.005113366,0.0042263023,0.15129004,0.00016746837,0.09582536,0.029340742,0.003424194,0.002968792,0.50990796,0.007618755,0.0477093
5238,0.0038354814,0.008254826,0.0033412294,0.012295098,0.43280247,0.05498586,0.0026750371,0.5068896,0.031584445,0.15421444,0.0042180265,0.0014726026,0.66425323,0.025501553,0.009213065,0.18293566,1.6082073e-05,0.1993283,0.066720456,0.006096571,0.0006068589,0.26717544,0.00028997555,0.00031629973
5240,0.7963281,0.11464254,0.00086941326,0.00303693,0.25560388,0.7501757,0.00037882838,0.37110117,0.0069794464,0.013389641,0.011896522,0.0033995542,0.03241617,0.00053219625,0.0015790872,0.14157102,2.8073011e-05,0.04648301,0.08054328,0.0018330982,0.0016558759,0.7866714,0.0054774326,0.0088619515
5242,0.29552853,0.10638719,0.006640939,0.009597887,0.45705193,0.3977156,0.0021321082,0.39866623,0.044681914,0.07523524,0.0147603955,0.0061973645,0.23779437,0.009753931,0.012326048,0.20063137,8.863929e-05,0.128148,0.09038708,0.009867596,0.0066322186,0.51422226,0.0059069325,0.012734847
5243,0.43441778,0.06692422,0.002762264,0.0025582889,0.6699465,0.6414292,0.0003423979,0.25204197,0.04176409,0.028373837,0.010796339,0.00096337666,0.0977015,0.006879928,0.008765661,0.15215258,2.7305574e-05,0.08757428,0.047814593,0.006153601,0.013503877,0.50311255,0.00084265624,0.0042290264
5248,0.52763706,0.018599901,0.00014202863,0.0016247103,0.52812815,0.82774186,0.00011777873,0.36917424,0.00500173,0.0032361506,0.011988139,0.00048801478,0.014459549,0.0016845575,0.0020022553,0.105291545,5.9060135e-06,0.05863132,0.012685954,0.0011077599,0.00476549,0.62481,0.0002657707,0.001959897
5249,0.07974034,0.02198741,0.00072285545,0.009552084,0.18435185,0.36483333,0.0011793678,0.5632643,0.006821612,0.056009796,0.024722615,0.0037439922,0.44273233,0.0029678508,0.003232452,0.38944516,3.091149e-05,0.112693176,0.06525021,0.002204775,0.00023529238,0.67414725,0.0016222756,0.0020856792
5251,0.01033517,0.015040163,0.0019728576,0.0069358028,0.61338127,0.052352455,0.00035885192,0.59992254,0.032329813,0.105167516,0.003175958,0.0016015063,0.13184895,0.013938436,0.011139723,0.082310945,2.943634e-06,0.46708837,0.057325598,0.0023283493,0.0015135183,0.16063035,0.00068799045,0.0002780861
5252,0.4120921,0.03275475,0.00021906638,0.0053596064,0.29811078,0.79853135,0.00038113006,0.514122,0.004929677,0.0034558217,0.017548785,0.0021810438,0.008833679,0.0019434681,0.0023019887,0.055515878,1.6632248e-05,0.042874295,0.0038181613,0.0016150251,0.003500016,0.46144104,0.0005597274,0.048238255
5256,0.04605203,0.049185436,0.007964587,0.06691718,0.5831325,0.13203776,0.010373189,0.554937,0.062158313,0.011373939,0.009345868,0.020159911,0.0036888446,0.17527443,0.09654381,0.023512969,0.00017153392,0.35808668,0.0032085655,0.014913528,0.1633361,0.043534376,0.00974326,0.02037736
5258,0.029534608,0.13826768,0.0529917,0.01752588,0.6437372,0.02536861,0.0007369737,0.4386183,0.21616182,0.2443139,0.003736698,0.0128249,0.029113177,0.043875087,0.09932298,0.045148987,2.5387402e-05,0.58329403,0.025865447,0.021876127,0.005966887,0.042316277,0.0058026286,0.002897391
5276,0.035646185,0.014756561,0.00072972797,0.025006626,0.3671784,0.25941566,0.00275438,0.7093525,0.008165639,0.0255654,0.036876604,0.008702379,0.09856517,0.013360161,0.010481043,0.23413299,5.6470086e-05,0.33172342,0.035742085,0.0028942288,0.0026278258,0.43207043,0.007208935,0.0016809664
5280,0.041952778,0.037598662,0.004842619,0.0024660374,0.14932224,0.053944644,0.0010124621,0.17820516,0.021996709,0.16392112,0.00091643684,0.0012634909,0.90687907,0.004243785,0.0035897885,0.28560063,9.820266e-06,0.037039597,0.2202541,0.0033472658,0.00010581995,0.51915336,0.0003322918,0.00025484478
5287,0.15348503,0.17401373,0.022802096,0.0164146,0.42988375,0.09738755,0.0030812114,0.5207951,0.09619495,0.18965763,0.007171444,0.017839069,0.14896923,0.010654664,0.021921968,0.1318396,8.855311e-05,0.2939838,0.20616773,0.0110883685,0.0062735872,0.2840809,0.022894979,0.005068107
5291,0.068699494,0.026005508,0.00055266265,0.031193081,0.28979892,0.28403497,0.0019404626,0.8091675,0.008425143,0.012154692,0.03170634,0.013532809,0.02542678,0.0102090165,0.0077402606,0.10001368,5.470434e-05,0.30011526,0.014928991,0.001724926,0.008963786,0.30922067,0.012216543,0.008572105
5293,0.0025792369,0.004895103,0.0013727569,0.008465223,0.7740098,0.029549845,0.00054106157,0.41751695,0.024660174,0.04244468,0.002015789,0.00071428606,0.04577863,0.051206127,0.025405044,0.031778913,3.6219935e-06,0.49916297,0.010383773,0.0048007043,0.0027203825,0.061628144,0.00014017904,0.00014142941
5295,0.38172305,0.15161927,0.0032531281,0.0273054,0.09120164,0.13376036,0.025617614,0.53732914,0.0057559586,0.037533168,0.005274736,0.05075103,0.13704161,0.0015267886,0.0015767711,0.18933614,0.0003762053,0.08547555,0.51224333,0.0038275132,0.0011959438,0.63579464,0.09298776,0.002650337
5299,0.028865632,0.025120147,0.0021479412,0.0057569304,0.86596954,0.054987617,0.00030632515,0.33845997,0.059453707,0.015492553,0.0006943538,0.0010756805,0.0021690973,0.03786106,0.02754256,0.005569819,2.9334278e-06,0.42338526,0.005897026,0.0035953273,0.062134184,0.025742326,0.00027481414,0.0012093466
5301,0.26243135,0.030123888,0.0019684876,0.0074499766,0.74702466,0.6452874,0.0025406554,0.3255666,0.027684083,0.009581089,0.013994465,0.0020142242,0.022194939,0.019959003,0.012922078,0.11143157,7.6988545e-05,0.13594286,0.019954512,0.008847681,0.046896357,0.3481922,0.0012421411,0.0029571366
5305,0.0039789807,0.0099512255,0.0031629691,0.008778416,0.6944139,0.018521255,0.0011188126,0.51027906,0.037012693,0.09413563,0.0009208232,0.0011377225,0.08455373,0.024819976,0.013515175,0.030301753,3.686825e-06,0.4473262,0.047397476,0.0040508253,0.002101284,0.06959074,0.00031324237,0.00014049899
5311,0.14662866,0.110089906,0.0031648504,0.054269735,0.23801306,0.14810295,0.00451769,0.7890962,0.018268779,0.022852257,0.024188155,0.069641724,0.015128477,0.008092608,0.013830537,0.074855894,0.00020048239,0.36149347,0.023673497,0.004410708,0.010852235,0.24153578,0.13522807,0.021015627
5315,0.29087308,0.17763168,0.005466318,0.013640535,0.2477514,0.22727586,0.0012113987,0.61054885,0.037092272,0.0959522,0.013518094,0.014966652,0.13724488,0.0036211968,0.007604369,0.1288421,4.53848e-05,0.16929238,0.07593867,0.0043509165,0.0031342264,0.44209722,0.015287292,0.030963281
5319,0.05334312,0.024685573,0.0024530375,0.0058486466,0.77269983,0.10183964,0.0015086111,0.43130636,0.055025928,0.024428032,0.0009090201,0.00096157246,0.017262615,0.020677483,0.009302613,0.014818738,8.098856e-06,0.21814965,0.032245833,0.004235945,0.050135393,0.08796609,0.00031699584,0.0012059658
5320,0.020760179,0.016863585,0.0032376398,0.018804034,0.37629622,0.07722669,0.019627161,0.40851098,0.019262007,0.056775022,0.0022714548,0.004279055,0.46576446,0.029964037,0.0058473162,0.14029545,7.5834294e-05,0.104070075,0.14917429,0.0057795593,0.004203445,0.30847958,0.0014287975,0.00068701815
5330,0.15609118,0.046955004,0.0020276122,0.004596385,0.69124913,0.28345153,0.00059514696,0.45161232,0.03350187,0.029161062,0.0041820514,0.0016588104,0.031622652,0.0069133313,0.0073445616,0.052784957,1.075672e-05,0.20410854,0.045705564,0.0041816956,0.01128311,0.26221895,0.0011292815,0.0028227998
5334,0.053644083,0.0646585,0.01079908,0.0016639004,0.19240238,0.031251807,0.0007362798,0.1382159,0.051169083,0.27396473,0.00045768183,0.0010092927,0.8809288,0.0037097088,0.0051984037,0.18344267,8.025385e-06,0.040042173,0.2785981,0.003932093,0.00013536502,0.39353204,0.00022588602,0.000264755
5341,0.23255947,0.20203516,0.0062493887,0.06426963,0.1887977,0.063827366,0.00960228,0.7327569,0.023209339,0.03229987,0.008519966,0.122292034,0.023584658,0.008430969,0.012138785,0.04934819,0.00027190353,0.30925807,0.059039924,0.004625255,0.013980961,0.21238998,0.33077496,0.024221271
5342,0.0356649,0.03416003,0.019243825,0.08081499,0.3946612,0.06391289,0.40323737,0.37860024,0.04561934,0.03053617,0.0012573573,0.029141879,0.04363787,0.132468,0.020607494,0.040808193,0.0014376742,0.08148265,0.07673131,0.02628292,0.06841065,0.09613253,0.008670676,0.0036251044
5343,0.09185697,0.069084115,0.00700407,0.016969552,0.43874204,0.108744085,0.006179645,0.59788716,0.04693376,0.113145605,0.005971114,0.00883486,0.25009587,0.011761073,0.009581552,0.14745507,7.089381e-05,0.2673055,0.31698892,0.0045958087,0.009101432,0.36243275,0.011661868,0.0016998313
5345,0.015095248,0.013291736,0.0015463805,0.0019768237,0.11422706,0.09883805,0.0002723337,0.21891029,0.010251501,0.18140303,0.0031838815,0.0006371473,0.95259154,0.0026738148,0.0026849718,0.45082137,4.7919266e-06,0.04077092,0.07196553,0.0023231755,9.585082e-06,0.62557185,8.056492e-05,0.00023471049
5346,0.13563472,0.056611307,0.006346516,0.036909446,0.633747,0.1576337,0.019182121,0.52394027,0.077470794,0.0147601385,0.0029106974,0.008362601,0.018363632,0.07049798,0.021777332,0.02097455,0.00016992878,0.16682267,0.028165106,0.008027472,0.45417082,0.1009958,0.0073032756,0.010518372
5347,0.099627435,0.029866032,0.0017707656,0.0028490983,0.4208681,0.17266347,0.00062193,0.2964904,0.020881673,0.053081315,0.0022770835,0.0008630027,0.57802546,0.009502251,0.0038613584,0.15687153,6.9113707e-06,0.08269078,0.1358562,0.0023423098,0.0022462946,0.4638569,0.00051830325,0.0006922173
5348,0.021875491,0.028719578,0.006647305,0.055370554,0.69827867,0.015101232,0.027771002,0.37040183,0.11549127,0.0025031741,8.6698004e-05,0.0034449364,0.00024684425,0.2679016,0.05062379,0.0005073025,6.796155e-05,0.13445884,0.0011070097,0.005227632,0.8953959,0.0029919725,0.00061068515,0.005280283
5352,0.05191806,0.044789538,0.0054787984,0.006796665,0.8142421,0.0397103,0.0015839029,0.36891034,0.11641664,0.031572957,0.00023417265,0.0011951296,0.0076896125,0.031999893,0.012936664,0.004604706,9.774716e-06,0.23967655,0.04010152,0.003113778,0.21334204,0.032468013,0.00038396014,0.0013605581
5355,0.60823685,0.22571494,0.0077103465,0.012262349,0.4167018,0.4067277,0.002542446,0.39860484,0.041539367,0.042792596,0.010358998,0.0132560115,0.06762981,0.006017173,0.010103417,0.104965396,0.00011367144,0.11804645,0.12381527,0.0076009044,0.021638636,0.53193784,0.026748987,0.028200874
5370,0.0048445524,0.010210298,0.0027728041,0.02552148,0.80531317,0.028128602,0.0012581403,0.37011963,0.033771075,0.010459662,0.0023590322,0.002994416,0.0011438961,0.22279803,0.14422363,0.009232736,1.2329623e-05,0.63086104,0.0012714737,0.0090340655,0.031288132,0.013006574,0.00067508616,0.00077359204
5373,0.008778548,0.008701532,0.000798655,0.0076169306,0.7602296,0.031804644,0.00043166624,0.5552454,0.020616114,0.021655047,0.0009887744,0.0011638092,0.0067647025,0.024405021,0.013569939,0.011699278,2.2883687e-06,0.5322758,0.012703483,0.0018642748,0.007903174,0.043509167,0.00040231185,0.00024517748
5374,0.018801952,0.01585617,0.0011816843,0.010756559,0.6489477,0.09426044,0.00056686054,0.6503992,0.020453384,0.038521413,0.0054364437,0.0030082793,0.022742715,0.014008012,0.012960566,0.053782325,6.426694e-06,0.49666438,0.024229651,0.0029174683,0.003429765,0.14043023,0.0015452588,0.00073860324
5383,0.10677693,0.035205398,0.001654134,0.0063897157,0.5436864,0.21454357,0.00096766476,0.5196279,0.02446213,0.047546245,0.005889215,0.0021121565,0.15908125,0.008365131,0.0062619722,0.122128285,1.3740405e-05,0.21964705,0.10078969,0.0027906653,0.0058398587,0.39470595,0.0022037528,0.0014279569
5387,0.08855936,0.03665515,0.0029874754,0.06676718,0.31847045,0.05943371,0.15246302,0.6271314,0.012636986,0.0044326996,0.0012029738,0.034359943,0.0051962263,0.032181397,0.007586441,0.01350321,0.00040968656,0.13212231,0.0284793,0.0050230087,0.09940987,0.08323802,0.07744416,0.00358727
5390,0.314428,0.07005306,0.0023008082,0.0065320535,0.51246274,0.45189768,0.0010836269,0.5096215,0.03300347,0.03541998,0.008210194,0.0027793609,0.07574196,0.0052712634,0.0050757853,0.09819058,2.7272055e-05,0.11229246,0.068717666,0.00441971,0.013454817,0.44110656,0.0023371018,0.008782968
5392,0.023494575,0.03199945,0.0033331788,0.014897272,0.6317725,0.08525191,0.0005313114,0.6134807,0.03554246,0.065150835,0.00981853,0.0072963927,0.022757567,0.022042546,0.0326295,0.07139648,1.3307213e-05,0.6020544,0.021021228,0.005311697,0.0038642096,0.12154683,0.0036474022,0.0016201206
5393,0.0366693,0.03508089,0.0007621944,0.043784983,0.28700727,0.07217838,0.001191326,0.8417648,0.008444206,0.009156897,0.0144241005,0.040096115,0.0047562085,0.010306088,0.014586334,0.035253163,3.9544997e-05,0.544927,0.006308446,0.0015437102,0.0073744003,0.11608171,0.07758028,0.005584354
5394,0.16944282,0.044615187,0.0018565446,0.0014607587,0.30469593,0.13964659,0.0005599604,0.20991811,0.020582275,0.049319874,0.0005804005,0.00045210228,0.57616365,0.004269176,0.0017546419,0.09171956,3.7417176e-06,0.024492571,0.18125027,0.0015737907,0.0011246357,0.43038592,0.00018748987,0.0010001212
5401,0.7103081,0.24811354,0.0032685287,0.0032171432,0.16995469,0.2537931,0.0009544439,0.29958054,0.012377056,0.04595766,0.0026044808,0.005984836,0.152051,0.00081453,0.0017285829,0.12893943,3.1351974e-05,0.056546796,0.46205506,0.0017459099,0.0015866394,0.69461364,0.0120391715,0.0032500452
5408,0.092279516,0.11385959,0.010724519,0.030453404,0.52203006,0.13657466,0.0025598456,0.6572709,0.08134687,0.07748684,0.013117202,0.020154566,0.02967288,0.025399068,0.030759778,0.064417645,8.397746e-05,0.39485514,0.032759856,0.010074511,0.026606403,0.14748149,0.015746117,0.018689577
5409,0.034277827,0.06716858,0.0053350115,0.019147893,0.36705682,0.07202474,0.0010430072,0.7521826,0.066722125,0.112531126,0.0054600975,0.009256522,0.078130975,0.009492193,0.00906228,0.053456526,1.5191767e-05,0.2815275,0.030749971,0.0032219235,0.0045190537,0.124425404,0.0039645256,0.010244236
5410,0.5313817,0.6108672,0.07764123,0.010926593,0.1867371,0.028857406,0.002833946,0.32454017,0.18096179,0.394297,0.001102569,0.034753338,0.14620587,0.004390737,0.014345577,0.0541879,9.393032e-05,0.12511563,0.39405102,0.010644062,0.0033581816,0.21754143,0.03577848,0.016740471
5413,0.1303213,0.09301103,0.011943479,0.0037019942,0.6755928,0.09499373,0.0010724642,0.3339194,0.11196285,0.12203387,0.0009921168,0.0014887616,0.19517767,0.012615346,0.010549842,0.04508041,1.1036849e-05,0.16876878,0.19607702,0.0057354164,0.017745905,0.20348199,0.0009956507,0.0018461181
5415,0.30157864,0.17519255,0.0239388,0.010617547,0.658378,0.31965035,0.0034812018,0.3281746,0.13347661,0.09576784,0.0075131156,0.006263753,0.15914027,0.021405723,0.02119809,0.097031854,0.00012934339,0.120908245,0.09828629,0.020717608,0.03980558,0.3145962,0.006718573,0.022105377
5416,0.23471251,0.10903296,0.004748029,0.017506275,0.32846498,0.22228661,0.005306748,0.5739851,0.033137508,0.059580706,0.008263294,0.011816746,0.25277743,0.008373181,0.0060640574,0.12911068,9.333728e-05,0.12350832,0.14380333,0.005149119,0.011154902,0.45193112,0.018045401,0.014661973
5420,0.19368678,0.079137035,0.0018106289,0.03078611,0.4093757,0.22585297,0.0023915842,0.6951394,0.014339996,0.007505543,0.015875103,0.029962528,0.008163025,0.009430034,0.013266612,0.048030358,8.58322e-05,0.31593642,0.012857826,0.0039826576,0.028645294,0.25290224,0.09901604,0.013866628
5423,0.39586493,0.08751869,0.0018760498,0.005680341,0.55494106,0.60149145,0.0004650856,0.4082352,0.021944959,0.0161135,0.012560044,0.0040785433,0.018807987,0.003398435,0.0068725166,0.08751408,2.0965696e-05,0.117025465,0.017201375,0.004982003,0.0062701786,0.43598893,0.0031383336,0.016257567
5429,0.098036446,0.092490494,0.012801354,0.0057320944,0.21491621,0.05590921,0.0032981995,0.26146993,0.051605705,0.20881866,0.0015106417,0.003846346,0.7496243,0.006582789,0.007065267,0.20110643,3.5840883e-05,0.06646021,0.3410914,0.005787055,0.0007744742,0.4291609,0.0017610556,0.00090582453
5432,0.16947997,0.2685791,0.06891204,0.0053772386,0.6431608,0.07520794,0.0009889243,0.2679883,0.27017212,0.28589875,0.0014911445,0.0049627516,0.18622024,0.014463233,0.030953754,0.05760616,2.4877247e-05,0.19042785,0.15834646,0.017639693,0.010692564,0.14867866,0.0027702649,0.00629748
5433,0.019930325,0.012362493,0.0011308704,0.008480046,0.7083326,0.097384565,0.00060322165,0.5483382,0.021599846,0.039248303,0.005857037,0.0017156898,0.04815816,0.023801494,0.016341906,0.063471325,7.4763625e-06,0.49193308,0.033608355,0.0031937014,0.0056113005,0.16545731,0.00095595093,0.0004190864
5435,0.025852308,0.018555429,0.0019028175,0.006844422,0.78507054,0.13798074,0.00043079373,0.44858867,0.032523837,0.03565831,0.005492737,0.0017272605,0.02272267,0.024010751,0.023743091,0.051817764,6.7723695e-06,0.4534838,0.015065395,0.005859947,0.0051835505,0.11974787,0.0006081959,0.0008653932
5439,0.177251,0.05968825,0.00081572775,0.037819564,0.21049309,0.27768928,0.0043359916,0.8148485,0.008001578,0.012042366,0.02748166,0.031079743,0.031140458,0.0049112514,0.0052535143,0.10310419,0.00013361467,0.24306193,0.03006482,0.0018158496,0.010442786,0.40259108,0.054869957,0.014317649
5442,0.009399965,0.01793624,0.025581341,0.022811858,0.5449685,0.034316864,0.2499704,0.09388092,0.04461334,0.056194626,0.0004243691,0.0045530973,0.33313957,0.13353547,0.021430366,0.061387926,0.0007053256,0.046012968,0.06548472,0.06480743,0.0070607923,0.09821688,0.00025012856,0.0006301678
5443,0.03730329,0.0066230083,0.00021470524,0.012787604,0.23373829,0.43672663,0.0014699308,0.6525948,0.0038883954,0.022286354,0.030675104,0.002436756,0.25509223,0.0058364104,0.0028268385,0.33604738,2.3988621e-05,0.12539421,0.024165504,0.0015414569,0.00041208585,0.5950793,0.00068635,0.0011402234
5445,0.13313814,0.035806473,0.002599845,0.007274359,0.27808154,0.30408266,0.0022717663,0.3765079,0.01824854,0.06652774,0.008513202,0.0029123197,0.5984794,0.00953633,0.0055541424,0.2979164,4.649107e-05,0.07956339,0.14487164,0.004592946,0.001747249,0.6117979,0.0014689247,0.0018556216
5448,0.0555614,0.011597417,0.0008560979,0.005263448,0.7969484,0.27468628,0.00069078756,0.3503535,0.02704864,0.015280153,0.0048687896,0.00052536646,0.032717615,0.030222999,0.013927569,0.05723879,1.04055025e-05,0.25706798,0.017082337,0.004322713,0.027861904,0.19050838,0.0001581591,0.00066806126
5449,0.079529814,0.028097715,0.0012829646,0.009532853,0.64467615,0.19786823,0.0012867749,0.5670671,0.02193669,0.027656795,0.0065341583,0.0029567024,0.039425798,0.011348424,0.00857273,0.06997351,1.6204047e-05,0.31461668,0.051664907,0.0032383788,0.012138619,0.27423483,0.0029326477,0.0016536609
5450,0.026778363,0.009669188,0.00014234279,0.01137918,0.41141996,0.149602,0.0005096416,0.79106075,0.0058252458,0.008246036,0.0050395317,0.002554904,0.011116409,0.0045545655,0.0026437344,0.031974316,4.354113e-06,0.29394835,0.009571108,0.0006222561,0.003649812,0.16828896,0.0011319336,0.0015307218
5463,0.64970744,0.32248354,0.007239286,0.0068370523,0.24792872,0.23093472,0.0013880533,0.4110016,0.03169863,0.076137245,0.004370678,0.012384204,0.15368737,0.0019154414,0.0038645898,0.097642,4.6853183e-05,0.0855362,0.29954916,0.003330109,0.0048696855,0.5825666,0.03263111,0.020021623
5468,0.0046503553,0.013702431,0.0028262502,0.006763652,0.78563035,0.016212894,0.00020129127,0.50721335,0.03906503,0.06415415,0.00083586597,0.0014688434,0.008730552,0.026299547,0.026743267,0.012808251,1.5325038e-06,0.66465795,0.014687272,0.0035138703,0.0025293464,0.027073527,0.0003862604,0.0001775678
5469,0.022071334,0.02045641,0.0026487596,0.002542943,0.10792718,0.057504497,0.0009785532,0.16890028,0.011864373,0.14799878,0.0011206052,0.0010483708,0.94397235,0.003867091,0.002614148,0.36106545,9.432422e-06,0.028079642,0.16272442,0.0028009631,3.071206e-05,0.56963885,0.00016755254,0.00017348821
5472,0.35100025,0.17398532,0.011271159,0.024774162,0.47205722,0.18589298,0.0091184955,0.550205,0.07712556,0.04671188,0.0045093987,0.016972845,0.05497389,0.017110366,0.011682902,0.044426627,0.00020422688,0.15599947,0.14519654,0.0071300957,0.12263186,0.2626778,0.02876753,0.02152849
5475,0.070950106,0.07401437,0.014406242,0.01768499,0.58490777,0.07586437,0.008804194,0.49275628,0.06723459,0.11753971,0.004395987,0.009996337,0.13590537,0.020041157,0.021462398,0.10073499,0.00011155017,0.34487423,0.24237382,0.01160469,0.012638229,0.2139106,0.010265172,0.0011543048
5476,0.0074705193,0.009578272,0.0051755114,0.001500367,0.56633615,0.07902186,0.00027966383,0.09315117,0.04341447,0.15242092,0.0016978814,0.00023220768,0.857502,0.03132596,0.018079711,0.22144309,6.314532e-06,0.08867597,0.038024344,0.010747527,0.00026203488,0.30916277,1.5037335e-05,0.00013199137
5482,0.02216028,0.022051148,0.0023736185,0.016318368,0.6239406,0.07246874,0.0017900143,0.6498183,0.036802284,0.04960846,0.003595095,0.0036694044,0.038885787,0.022579042,0.012641185,0.043313324,1.4298466e-05,0.38791952,0.036980074,0.003889517,0.010175464,0.11830412,0.002276713,0.0013409066
5486,0.16185714,0.096372485,0.0071007865,0.012747367,0.57431746,0.19913733,0.0020133944,0.52340436,0.054159924,0.07322903,0.008270174,0.00860837,0.096260555,0.011340605,0.014190406,0.10375609,4.8289705e-05,0.2684901,0.10206981,0.007859543,0.013123759,0.31633276,0.011586136,0.0059470343
5490,0.028211912,0.03682319,0.015915075,0.0058254944,0.46124777,0.101387516,0.0035804915,0.17912206,0.06685696,0.17626466,0.0031602432,0.0019969027,0.774055,0.026635056,0.019324766,0.23235929,6.445911e-05,0.085664086,0.105886824,0.021362776,0.0011923164,0.3441213,0.0003498051,0.000936571
5495,0.054973744,0.10478033,0.020649716,0.0056644618,0.69791436,0.07676592,0.00039612973,0.4077218,0.15889771,0.18644984,0.0019714844,0.002744522,0.08451916,0.016275613,0.0237017,0.043239966,6.9490425e-06,0.2972491,0.051380973,0.009776524,0.0068903062,0.10405814,0.00090996636,0.004338687
5498,0.14368173,0.03518589,0.00041025673,0.024084719,0.20049585,0.35938746,0.0025787116,0.7954378,0.005007597,0.012874492,0.03159984,0.014318356,0.04752777,0.0027721873,0.0029382023,0.14910592,6.924269e-05,0.20121506,0.030970708,0.0013841372,0.0033207654,0.50725687,0.016353302,0.0069070295
5510,0.45305166,0.10002332,0.00227691,0.0075742262,0.3877462,0.47754556,0.0016462094,0.45805877,0.020718567,0.03953199,0.011415521,0.004931062,0.14375561,0.004423152,0.0050877724,0.13449831,5.2348176e-05,0.09831678,0.09650859,0.004739564,0.0055540157,0.5762855,0.004952362,0.017409997
5513,0.12327442,0.084945165,0.0046211095,0.007807769,0.29154307,0.055528466,0.003640455,0.4705317,0.024703294,0.094674304,0.0015672768,0.0061622746,0.29242522,0.0036001138,0.0033921083,0.11670737,3.1247593e-05,0.16159146,0.51458013,0.0020104195,0.002671278,0.38276428,0.007973121,0.0005418755
5525,0.3105228,0.029449778,0.00043897543,0.018035177,0.3580721,0.62565327,0.0031667436,0.6896548,0.007240413,0.004772379,0.02414694,0.0071377456,0.014354945,0.0068024322,0.0043795346,0.10037105,7.619579e-05,0.13592568,0.018823374,0.0024297163,0.029162075,0.48756316,0.006296065,0.008937975
5530,0.06835286,0.0664397,0.014119387,0.012588694,0.27563214,0.122384764,0.010384262,0.30243063,0.04828114,0.1629898,0.0049389503,0.0070355865,0.7310277,0.015676131,0.010818882,0.26475465,0.00014967618,0.06998541,0.1721848,0.013421724,0.0013668798,0.44555986,0.0025757307,0.0029434636
5534,0.028305463,0.015069854,0.0005248905,0.02881834,0.35334498,0.17494048,0.001994987,0.81851923,0.009378398,0.018985592,0.020391442,0.008948386,0.034216743,0.011651721,0.007524627,0.10095416,3.3128847e-05,0.3750598,0.022459814,0.0015890698,0.0052100355,0.25671172,0.0073064673,0.0026727102
5535,0.26140592,0.3527357,0.058120187,0.08664931,0.24532424,0.069394395,0.04442845,0.56822634,0.12547168,0.1314534,0.008436687,0.12347085,0.053128608,0.029766778,0.032481696,0.06336329,0.0016477407,0.19885401,0.10517207,0.029730706,0.02869021,0.15591411,0.17564306,0.051016286
5536,0.024626115,0.03270803,0.006052916,0.00089751807,0.14644347,0.029166099,0.00024156722,0.10543931,0.0312944,0.2824365,0.00037563354,0.00046595355,0.94775707,0.0027682567,0.004093157,0.2586,2.7309984e-06,0.032135036,0.17301433,0.003441904,2.1042833e-05,0.4580758,5.7496825e-05,0.00010070036
5539,0.15879235,0.11395813,0.010080461,0.0017966484,0.2835122,0.027622439,0.0014412265,0.15975371,0.05237664,0.13817939,0.00013698892,0.0010140733,0.6669142,0.005259975,0.003321403,0.070349686,5.489133e-06,0.042482518,0.55323046,0.0021536371,0.0019125403,0.3217859,0.00052040664,0.00033130866
5540,0.17252584,0.050606657,0.0014394782,0.018832998,0.24513064,0.40288463,0.002647495,0.6373303,0.009346811,0.034855627,0.044748902,0.014239169,0.12160335,0.004899674,0.007574323,0.2933891,0.000113015834,0.2136826,0.06531381,0.003843369,0.0018189196,0.6122671,0.0131091615,0.0058595613
5541,0.76387197,0.6376351,0.018667666,0.0015003035,0.084187545,0.017924493,0.0004293011,0.13647208,0.04593176,0.25183126,0.000101861515,0.009961811,0.23443651,0.00059989165,0.0020569896,0.03734569,8.072869e-06,0.03925115,0.75678015,0.0012216654,0.0004040483,0.39669508,0.009446278,0.002526631
5542,0.6826864,0.61571133,0.03983767,0.005567984,0.19004245,0.07576424,0.00068153476,0.26835507,0.09892048,0.31005454,0.0016508278,0.02143059,0.16540116,0.0020445464,0.008922638,0.06352941,3.994657e-05,0.0848113,0.27321297,0.005977989,0.0013173951,0.36731827,0.029386148,0.04084272
5543,0.72480583,0.3088914,0.0027523087,0.008637781,0.113574214,0.29822764,0.0014904469,0.48468086,0.008507103,0.029098086,0.006554539,0.023548327,0.06693104,0.00054309703,0.0016234863,0.114268556,5.5230827e-05,0.064963765,0.18498482,0.0021005261,0.0012563242,0.6974925,0.07409196,0.019933484
5546,0.40540415,0.49553388,0.1000278,0.002074929,0.43880758,0.025847102,0.00086974894,0.11156691,0.29906917,0.38746658,0.00017612001,0.0034770735,0.3085097,0.005602928,0.017272115,0.040541686,1.5586886e-05,0.0692271,0.47590742,0.009354325,0.004411024,0.17114307,0.001804632,0.0022138096
5548,0.09420519,0.044198524,0.00403379,0.004158522,0.8738444,0.19501121,0.0003955205,0.25263003,0.0825376,0.022248078,0.0019395034,0.001090754,0.009496431,0.029896885,0.027328672,0.018392423,8.055834e-06,0.27750543,0.013008717,0.0073453295,0.06227554,0.08477675,0.00036034043,0.0025201114
5560,0.019806815,0.014741961,0.0012972098,0.008954268,0.75708836,0.109095536,0.0003652337,0.51731235,0.021458432,0.027980128,0.006708192,0.0025244255,0.0150949005,0.026358342,0.027517954,0.05012755,6.4733445e-06,0.56740594,0.013155633,0.0041765957,0.0050894916,0.11671492,0.0012625844,0.0006403072
5565,0.27146375,0.09367063,0.0033563003,0.0028351669,0.3629244,0.18432365,0.00041740146,0.30379418,0.02845205,0.08364417,0.0032308178,0.0018864989,0.43866983,0.0039078533,0.0054472177,0.17356095,9.400633e-06,0.114533424,0.21380901,0.0024370886,0.0018283868,0.5443806,0.002098659,0.0014102928
5567,0.061481267,0.039586946,0.0071293595,0.011005373,0.4522428,0.16764195,0.005210527,0.426057,0.05061046,0.10306949,0.0052623847,0.002962146,0.5244366,0.02071227,0.00932596,0.16145942,5.6099783e-05,0.110057406,0.13007407,0.009237048,0.006127585,0.38152957,0.0013940146,0.0024429662
5569,0.3827079,0.3529923,0.044795666,0.00924605,0.662315,0.14537208,0.0016824057,0.30113536,0.19665031,0.14689627,0.002799923,0.011197988,0.10341814,0.015222467,0.025169974,0.04888524,5.9265883e-05,0.18227066,0.17263676,0.01460958,0.044496816,0.21794666,0.017786235,0.024689483
5571,0.0728893,0.0038375151,4.4724988e-05,0.020121135,0.20236395,0.74619347,0.002286243,0.7581769,0.001083995,0.0018698066,0.08820259,0.0043992125,0.013053835,0.006733467,0.003260732,0.2195101,5.9120022e-05,0.14159662,0.003949841,0.0010384144,0.0020807686,0.5556041,0.0010397007,0.002387961
5574,0.022806171,0.017941281,0.0011600384,0.0054818653,0.13472115,0.031489983,0.0040533296,0.32396716,0.0073436573,0.06080828,0.00053748454,0.0016219273,0.82228076,0.0039806683,0.00092702673,0.18762155,8.971313e-06,0.040751427,0.40503865,0.0008328532,0.0002741615,0.45269075,0.00061013544,9.288685e-05
5575,0.38084686,0.12566905,0.0060905674,0.0030822076,0.3590564,0.25742617,0.0015785489,0.2977478,0.039858438,0.07903842,0.0026646322,0.0016994864,0.35080338,0.0034748572,0.0043901494,0.13830955,2.5084915e-05,0.05265819,0.22658291,0.004976331,0.0032374908,0.50585246,0.0017475086,0.003067465
5578,0.3398436,0.057798065,0.0025404636,0.017911874,0.31442335,0.5343735,0.013711455,0.58644736,0.015301059,0.022436703,0.013392603,0.009451153,0.08615378,0.0060058446,0.0033575674,0.15322773,0.0002136336,0.07568906,0.10277208,0.005991222,0.012225287,0.5519553,0.007904431,0.009711489
5585,0.040854502,0.118686415,0.008195103,0.059708845,0.20466055,0.037822675,0.002097499,0.8214706,0.058128577,0.0894327,0.012743969,0.06648629,0.0414659,0.015383959,0.022223663,0.055266503,9.824985e-05,0.43519983,0.018846238,0.004133356,0.0060935263,0.09344096,0.07158899,0.020996822
5588,0.21191974,0.03960325,0.00052653305,0.02170176,0.32356235,0.3695637,0.005421917,0.7469257,0.006101965,0.007049875,0.014116883,0.012801939,0.019528532,0.0032868073,0.002511183,0.08030775,8.0719416e-05,0.1698232,0.037376393,0.0019517154,0.012102204,0.43891376,0.022587119,0.006183439
5590,0.2064996,0.18950057,0.023620432,0.005397551,0.27662098,0.04771394,0.0030465892,0.2645994,0.09245479,0.23165001,0.0009964621,0.005143343,0.5699224,0.006872901,0.009045522,0.12623127,3.4735403e-05,0.08296066,0.45331168,0.006327569,0.0025842697,0.3592362,0.004112387,0.0015129333
5591,0.15924881,0.04351283,0.002725536,0.08150366,0.1451828,0.14795263,0.2691776,0.6099415,0.005104604,0.006629022,0.0039124386,0.093218274,0.028210713,0.012923635,0.0030845734,0.086206555,0.0024189374,0.078290075,0.1362272,0.0069959494,0.016587272,0.3176974,0.16494958,0.0022377134
5592,0.09554909,0.08551725,0.002264799,0.06894302,0.1420501,0.09116978,0.009925509,0.8372514,0.012346219,0.024918716,0.018771559,0.08991806,0.041283943,0.005746151,0.007165007,0.094824076,0.00034262612,0.2978537,0.0464724,0.002414741,0.006444025,0.2670113,0.22696926,0.010546334
5596,0.30479962,0.28307968,0.0036023534,0.025772616,0.1924368,0.25588807,0.0007194206,0.6646658,0.031562697,0.029140849,0.020089475,0.034118954,0.016683389,0.0052622207,0.0105702095,0.024357602,6.0691735e-05,0.13703899,0.0055094436,0.003417732,0.0065010837,0.17356633,0.020635074,0.5950954
5600,0.26563773,0.07370411,0.0041331765,0.03179841,0.38129503,0.33245677,0.0235186,0.6090936,0.02085621,0.029039355,0.014298498,0.020913966,0.10118683,0.011602764,0.0070718797,0.1527458,0.0004150666,0.15274745,0.163451,0.008062585,0.025750736,0.48271364,0.037624586,0.0069631883
5604,0.08274122,0.065308884,0.009687763,0.003715672,0.84228027,0.18639535,0.00031919483,0.25405672,0.11460925,0.07608554,0.0034303323,0.0012919923,0.04608346,0.021909585,0.03079307,0.052018173,9.681895e-06,0.30636442,0.03322345,0.011491536,0.014397897,0.13854577,0.00051945733,0.002135399
5607,0.08617883,0.048488237,0.004457952,0.06583304,0.5045048,0.098351896,0.027943077,0.6524229,0.055544987,0.0073416936,0.0024289873,0.015714621,0.0075190063,0.08897405,0.02329591,0.010895731,0.00022977339,0.18374746,0.010185328,0.0057202773,0.49383247,0.05398661,0.0164226,0.015315003
5618,0.026103605,0.019080147,0.001691506,0.007263971,0.79470074,0.08150772,0.0005505124,0.45709947,0.03147576,0.024072016,0.0023375778,0.0017804225,0.012035112,0.025105713,0.019829087,0.022316616,5.6931103e-06,0.45282322,0.014598724,0.0045424313,0.012233701,0.07678686,0.0008716438,0.00078753795
5619,0.50507206,0.34575307,0.003437548,0.020464147,0.113441154,0.24742062,0.0011480827,0.6265387,0.01855366,0.03404783,0.013790162,0.040826447,0.031044366,0.0024055853,0.0049388874,0.029737296,7.905991e-05,0.08571255,0.021078797,0.0026584174,0.0029414045,0.31592345,0.042440224,0.49851888
5621,0.021577567,0.037720673,0.0045173275,0.013001887,0.3837258,0.06211076,0.0010323889,0.6539761,0.044729546,0.17252204,0.00573025,0.0051833782,0.30298036,0.011928076,0.009671974,0.13482343,1.23113405e-05,0.31230983,0.079105616,0.003197417,0.001515487,0.21957377,0.002429157,0.0018352302
5622,0.07259292,0.34609622,0.22583067,0.003952502,0.77054715,0.03494539,0.0003282937,0.13668178,0.5125646,0.42317995,0.00052504905,0.0033702655,0.05034344,0.026987197,0.08751387,0.02139779,8.946152e-06,0.21668908,0.031343624,0.047236532,0.004723627,0.034594964,0.00035767222,0.008416248
5624,0.7331644,0.12767734,0.0006680695,0.0031312972,0.16865157,0.64579374,0.0002679581,0.4376837,0.0044793957,0.016944196,0.01240818,0.004332625,0.061639998,0.0003233493,0.0012224038,0.18551975,1.5440888e-05,0.05490437,0.09063642,0.001306215,0.00047194684,0.8091496,0.0075250827,0.007818407
5625,0.16374843,0.12804687,0.023701005,0.019719424,0.77327293,0.22598264,0.0068766414,0.28404665,0.160444,0.042648308,0.0051616193,0.006560813,0.034631435,0.070162185,0.04727449,0.033684343,0.00014372726,0.16446416,0.026739623,0.027036136,0.18597572,0.11065218,0.003385195,0.031174503
5626,0.015468156,0.026046507,0.00379425,0.017291065,0.4082626,0.049144488,0.0015837332,0.67679054,0.033775147,0.16284971,0.008488448,0.006241782,0.2934489,0.018027669,0.015339485,0.18640977,2.0272486e-05,0.4752989,0.12614416,0.0031349624,0.0018087099,0.2485436,0.004771933,0.00057874335
5631,0.009814792,0.014897747,0.0019220784,0.01038954,0.7326419,0.031981833,0.0005214884,0.57413363,0.030996175,0.036067676,0.001432165,0.0022960824,0.00967743,0.026624186,0.019538686,0.016276415,3.849823e-06,0.5497855,0.0142465,0.0035093012,0.0056332774,0.04548921,0.0010851998,0.00046881268
5644,0.0024339987,0.0039187083,0.00029342907,0.00424232,0.8432445,0.021090148,1.2743403e-05,0.42945397,0.006998737,0.008812433,0.0021420156,0.0012475307,0.0005502318,0.026974004,0.062569275,0.01003759,2.2292417e-07,0.8722986,0.00082564325,0.0013585008,0.00059398747,0.018844629,0.00041432673,5.546396e-05
5645,0.28644568,0.0395627,0.001024385,0.0060001966,0.27480906,0.6233163,0.00093720434,0.42961308,0.008118371,0.030740848,0.032156073,0.0034409966,0.20502588,0.0026666198,0.004301926,0.391094,4.8871854e-05,0.1011108,0.055702113,0.0036597352,0.0007265541,0.73280996,0.002413928,0.0026519762
5647,0.71718943,0.317984,0.0047886204,0.009036131,0.15721768,0.22957616,0.002785773,0.41951883,0.013992193,0.043558467,0.0042677624,0.022765538,0.09167219,0.001015702,0.00217594,0.10975765,9.237602e-05,0.07775677,0.40375316,0.0029042417,0.0031668535,0.66398853,0.06935955,0.010080585
5655,0.44746205,0.37182185,0.011833941,0.020954315,0.22822694,0.102019206,0.0034913416,0.5700004,0.058301136,0.06908114,0.00356377,0.039754197,0.085679844,0.0063499957,0.0075630588,0.039041918,0.00010801907,0.12584934,0.12839593,0.0038007228,0.021721257,0.26474202,0.093842916,0.086363584
5656,0.13265292,0.17796753,0.074622616,0.072217025,0.54265255,0.074033074,0.12226586,0.31249413,0.17488179,0.07167283,0.002819643,0.03422844,0.045126338,0.13203852,0.059979495,0.031982828,0.0014486327,0.12837821,0.05876425,0.05737385,0.13928868,0.0755108,0.02109544,0.028969636
5658,0.47535428,0.2110187,0.00035954211,0.06510267,0.018116646,0.05098371,0.018028997,0.79661494,0.0006892708,0.0011619914,0.0029167652,0.37655652,0.0031749862,0.00025953335,0.0004680474,0.018866757,0.0004964356,0.08356801,0.019643817,0.0005740054,0.0012809732,0.3007231,0.8952096,0.012492475
5661,0.017554227,0.0064133755,0.00042931215,0.007792458,0.54141116,0.22783017,0.0005498207,0.52288795,0.010090845,0.03240801,0.01659562,0.0010624019,0.22982137,0.01720293,0.00917689,0.20287997,8.346366e-06,0.2684814,0.019508706,0.0030270147,0.0010109392,0.36570665,0.00035444484,0.0004990669
5668,0.030947275,0.04452978,0.015264282,0.0031404076,0.3461786,0.05829985,0.0012698501,0.1700205,0.07121682,0.24179026,0.0013388604,0.0011592424,0.8335727,0.013369984,0.0118447635,0.1987964,1.8031622e-05,0.064768255,0.14802605,0.010061997,0.0005051296,0.3485269,0.00022823625,0.00055592775
5670,0.35867876,0.44038528,0.11355458,0.008248391,0.59297264,0.050088517,0.004032748,0.20460866,0.31713483,0.25581735,0.0006315474,0.008553864,0.13844983,0.020041214,0.02834031,0.03398646,6.996891e-05,0.11851629,0.31364074,0.018558852,0.04043582,0.13681172,0.0074619604,0.009876704
5671,0.19093074,0.08271504,0.008026009,0.0023839693,0.836013,0.35667425,0.0001522145,0.19677225,0.12605636,0.068575546,0.0046261507,0.0008735441,0.079841375,0.020000316,0.028358778,0.07355686,1.0334377e-05,0.20082836,0.029650468,0.011056837,0.022108063,0.22026859,0.00037036047,0.0041208323
5672,0.40780362,0.11938231,0.006538212,0.0060233823,0.67882323,0.58438027,0.00075728074,0.29028675,0.072033055,0.03498201,0.009252871,0.002839766,0.03616517,0.010855404,0.014221884,0.08245841,4.3636097e-05,0.09975568,0.031156706,0.0103372475,0.030420613,0.33308926,0.001345036,0.020911502
5675,0.008442979,0.008848057,0.00051123934,0.02968931,0.5628135,0.035112616,0.0012787881,0.745515,0.009082268,0.005602479,0.0033829417,0.0075813406,0.001581762,0.040379565,0.023018952,0.010628056,1.1117145e-05,0.5955235,0.0027756405,0.0017025108,0.012567102,0.03365311,0.0068453588,0.00084455614
5686,0.61858326,0.10619147,0.000735025,0.0103423605,0.2028932,0.61976707,0.0011300627,0.5867413,0.004704459,0.010006067,0.024093287,0.013365204,0.024582243,0.00090903783,0.0024562927,0.1461135,5.259381e-05,0.10599073,0.0435092,0.0021713944,0.0020096928,0.7310729,0.024909137,0.014979901
5690,0.015290215,0.02779896,0.004777546,0.02871471,0.5683698,0.049016055,0.0031044288,0.6679407,0.056104753,0.06379813,0.00408713,0.006347132,0.054410998,0.047775913,0.021772327,0.03944771,3.267708e-05,0.39137247,0.027362462,0.0060791643,0.01714956,0.0814461,0.00365816,0.0025957762
5691,0.1336989,0.05589082,0.006893681,0.011924885,0.7820661,0.23481031,0.004161979,0.36597198,0.09878858,0.025843319,0.0027835167,0.0027224335,0.017566707,0.039965484,0.020457396,0.023692638,4.5270597e-05,0.1638941,0.026494069,0.011347162,0.16415825,0.110091805,0.0010056663,0.008374966
5693,0.058414686,0.031788923,0.002762121,0.0029534008,0.259609,0.15926628,0.0005151372,0.30676886,0.021899708,0.123483844,0.003485982,0.0010608996,0.76811486,0.0049659293,0.0040948195,0.2352218,8.7038425e-06,0.061836194,0.08329156,0.0036611352,0.00023059642,0.50710714,0.00034810894,0.0013857009
5699,0.021565817,0.011920261,0.00071041647,0.029063018,0.2869234,0.18537639,0.006163773,0.74143577,0.011068674,0.028109603,0.012228378,0.0063195904,0.20555781,0.015689269,0.0042959335,0.14140837,5.286056e-05,0.15393952,0.03208371,0.0020269144,0.003340669,0.3104908,0.0030536375,0.0029364915
5704,0.49111906,0.16147907,0.0014815609,0.0017879383,0.02132649,0.039377246,0.0029040081,0.09062282,0.002436496,0.039100215,0.000103642684,0.004188355,0.67809594,0.0004377715,0.00025154243,0.11626442,1.5096418e-05,0.005053677,0.683411,0.0007535435,3.2544598e-05,0.6690097,0.0014628844,0.00041763968
5713,0.36248043,0.26134837,0.028121706,0.0024419553,0.57736206,0.1287509,0.00045598912,0.1921807,0.150752,0.1964104,0.0014767769,0.0026668964,0.3345076,0.0077111167,0.016743422,0.08537053,1.6554914e-05,0.12801759,0.24680823,0.008171512,0.008150093,0.32464725,0.003115817,0.0043435674
5717,0.0007384008,0.00026561646,6.7858296e-06,0.0014472449,0.736301,0.030835358,1.5117221e-05,0.6525269,0.0012352674,0.0030090516,0.00060214405,4.3341926e-05,0.002141779,0.0055083907,0.0019701351,0.011426126,2.2852229e-08,0.57245386,0.0014588743,0.00011101504,0.00018912519,0.05118197,5.4827033e-06,2.9874216e-06
5721,0.19786873,0.16101563,0.024055455,0.012841949,0.42819268,0.075631425,0.01158071,0.3538531,0.09643827,0.14420605,0.0018789897,0.0093607,0.36892018,0.015538805,0.012199073,0.10454258,0.00012807912,0.119161546,0.41667753,0.010031977,0.017399566,0.31892288,0.012270252,0.0030072224
5724,0.14875439,0.012383014,0.0001727342,0.0050549484,0.348578,0.64522964,0.00026689027,0.50200486,0.0030411023,0.013140307,0.055305842,0.0016659976,0.09798673,0.0029551846,0.004493921,0.3954286,1.327131e-05,0.19559652,0.020598114,0.0016553813,0.00040934753,0.7219086,0.0008603135,0.00087583193
5726,0.0030339328,0.0088046435,0.0021200173,0.0073216315,0.83727217,0.013202926,0.00020941252,0.4070111,0.03197826,0.0327143,0.00071895047,0.001063097,0.0032864315,0.05280634,0.049608093,0.008526011,1.4328976e-06,0.70568824,0.0048267227,0.004284687,0.003698053,0.015986163,0.00022876437,0.00012023778
5732,0.012940957,0.055964418,0.01021645,0.014923941,0.5976366,0.018835103,0.0003675195,0.61318755,0.093938515,0.13466664,0.0023554317,0.0072818254,0.022509737,0.02452648,0.034268614,0.023430128,6.1309934e-06,0.58808947,0.016620759,0.0060503837,0.004140255,0.0369499,0.0030267974,0.002053549
5734,0.15306379,0.0606226,0.005420346,0.0038638057,0.41487652,0.27414742,0.0013857194,0.25711316,0.038976,0.09045332,0.004425614,0.0015512723,0.5441617,0.008542464,0.0070123663,0.17047592,3.2516862e-05,0.054988693,0.08944351,0.008432595,0.0017419144,0.46462837,0.0006432089,0.004831705
5738,0.10440289,0.6770747,0.4978801,0.0035800743,0.69495904,0.019398358,5.6290777e-05,0.116001055,0.70106566,0.68520266,0.0007912223,0.011312987,0.018083815,0.015558299,0.18684132,0.020333001,5.7122215e-06,0.3664992,0.013731602,0.05313425,0.00072131533,0.015396205,0.00094935147,0.020001387
5742,0.037751254,0.0421576,0.005476757,0.0040333285,0.63919747,0.13221537,0.00017540857,0.42732304,0.06574317,0.1348865,0.0047445535,0.0013930285,0.1446504,0.011530042,0.016860746,0.10827223,3.839798e-06,0.3135676,0.03779753,0.0054301308,0.0015908517,0.20569675,0.00047012657,0.0013510071
5744,0.15350899,0.0984668,0.012146478,0.004676275,0.4696876,0.14531803,0.0014811605,0.29563114,0.074019715,0.15016457,0.0029144918,0.0026515322,0.5156293,0.010984155,0.011006628,0.13966511,2.8886307e-05,0.113190524,0.2038121,0.0076467204,0.0045204847,0.38981262,0.0017988039,0.0026572582
5745,0.00092949567,0.007719951,0.0026619053,0.00292053,0.8520874,0.003399123,3.3733973e-05,0.43652314,0.042075194,0.08239699,0.00011624533,0.0004640856,0.002755808,0.01774342,0.024937632,0.0032970116,1.2974056e-07,0.76407975,0.0063089426,0.0023973149,0.00046436422,0.006509442,4.1689313e-05,2.8164453e-05
5750,0.59584796,0.08737705,0.0018291501,0.009915281,0.38884473,0.59556365,0.0033607103,0.50119627,0.014324496,0.011586518,0.012255374,0.0072789057,0.036802582,0.0034789909,0.0037834637,0.11143386,9.40742e-05,0.086163916,0.090561636,0.0038199848,0.023363324,0.61791706,0.01475092,0.008360666
5752,0.54006827,0.36001635,0.011798601,0.00079112017,0.1479421,0.027903821,0.0002671334,0.118179895,0.04794105,0.20685467,9.86493e-05,0.0017593153,0.4855791,0.0010109155,0.002138386,0.05687834,3.3894837e-06,0.032875653,0.70323336,0.0010592175,0.00043867447,0.40511513,0.0012415237,0.0006056069
5757,0.32052198,0.017129349,0.00018369892,0.006074323,0.19510196,0.7670589,0.0005494017,0.5622479,0.0022446483,0.010770419,0.046720948,0.0025637168,0.07754011,0.001526492,0.002180739,0.3944381,2.3940216e-05,0.10033218,0.031602398,0.0014645014,0.00043973164,0.80401075,0.0013186656,0.001721812
5759,0.1615736,0.15398872,0.002445495,0.0493536,0.20249772,0.14574315,0.0010594139,0.78651726,0.017968716,0.016158966,0.03183964,0.08474838,0.0066156024,0.007816591,0.020233886,0.040371966,7.770799e-05,0.40273228,0.0052035647,0.0031702584,0.008377284,0.16762975,0.12454687,0.10193912
5760,0.12203821,0.092515565,0.011213204,0.10207516,0.28979608,0.1909979,0.046427265,0.664339,0.042011857,0.028614646,0.022199884,0.073300116,0.0237618,0.057770625,0.03444115,0.08011725,0.0013971531,0.22615911,0.026747156,0.017709542,0.053177267,0.1802166,0.06241607,0.033253554
5765,0.48280096,0.018118279,0.00015514132,0.0010513694,0.66580606,0.86214644,4.565254e-05,0.31861502,0.0069757686,0.0025920754,0.009265133,0.00030868367,0.0047763465,0.0014036349,0.0022107656,0.073908605,2.90332e-06,0.058608536,0.0054345285,0.0012138394,0.004555869,0.5069827,0.00011008189,0.0017409496
5771,0.45301685,0.3416986,0.0046917875,0.08344457,0.03675409,0.01376334,0.03688509,0.64926165,0.010655703,0.010316102,0.00093212514,0.33339262,0.011325271,0.0037449778,0.0033347902,0.016716808,0.0010396339,0.09734064,0.06214088,0.002679209,0.008054288,0.13410139,0.8194382,0.011186129
5772,0.2594682,0.20356607,0.010811633,0.030817514,0.24751292,0.1155523,0.0068266564,0.6361152,0.047179837,0.10458024,0.010479401,0.03980731,0.18374307,0.007782171,0.011157606,0.13176006,0.00018372851,0.2114789,0.18213665,0.0063380385,0.009633084,0.39147845,0.088457435,0.01723457
5774,0.558759,0.4031071,0.021832554,0.017230175,0.13621478,0.028899904,0.025063802,0.31617498,0.042248078,0.0976509,0.00065289874,0.043984827,0.1470036,0.003977418,0.0042567244,0.058944922,0.00033720216,0.06882381,0.6357879,0.007380487,0.0061139315,0.31419426,0.106543705,0.0031860978
5776,0.8054397,0.5473412,0.004631509,0.0058229705,0.036956258,0.022906058,0.003857703,0.20252143,0.006632222,0.022478797,0.00017009025,0.05171556,0.039597422,0.0003248184,0.0006797684,0.029136503,9.552071e-05,0.023815949,0.565731,0.0010454291,0.0008726061,0.45065835,0.18650448,0.0015704607
5777,0.010033284,0.010580079,0.00087359105,0.013340389,0.62903726,0.04117964,0.0011426628,0.68391263,0.024636932,0.025019877,0.0013213308,0.001972914,0.016372364,0.020741476,0.007955531,0.016755557,4.8602355e-06,0.38285226,0.016960917,0.0016395678,0.009401388,0.056716397,0.00075885846,0.0006727727
5779,0.6430876,0.30665225,0.0034221734,0.0006422104,0.04466206,0.010849488,0.0010214822,0.045958143,0.0076958514,0.0544388,1.308943e-05,0.002173709,0.5958501,0.0005436097,0.00042621716,0.050591625,3.6786487e-06,0.0066405428,0.87780225,0.00044361406,0.0001751659,0.50622326,0.0012575353,0.000105898194
5782,0.023084378,0.015095263,0.0008933613,0.010180335,0.6611798,0.1055674,0.00048035657,0.61539865,0.016252313,0.027124789,0.006075535,0.0029176723,0.018885558,0.014414824,0.013979088,0.05326647,5.5744626e-06,0.5034586,0.019806279,0.002535606,0.0041442793,0.15993965,0.0019646978,0.000757682
5784,0.30853078,0.2016941,0.011797017,0.076717556,0.12807165,0.020310987,0.16518834,0.46749896,0.027332934,0.014900645,0.0005276016,0.10484411,0.020875921,0.017618958,0.006642899,0.018387565,0.0013572858,0.067787826,0.14100067,0.008157028,0.048663963,0.11347632,0.28975847,0.0040479125
5788,0.040388905,0.00756074,0.00018426044,0.021298362,0.27876204,0.44872716,0.0018340835,0.7525287,0.0028975897,0.010527318,0.062265214,0.006062675,0.05515905,0.007917556,0.005354594,0.26822978,5.031712e-05,0.272768,0.018732607,0.0015148831,0.0015602844,0.5359052,0.0030071223,0.0013349006
5789,0.066635355,0.03358945,0.0032824993,0.016871957,0.7431514,0.19551124,0.0025836213,0.4450406,0.03505137,0.017531948,0.008180021,0.0059683574,0.011491775,0.044332866,0.03490408,0.04691993,3.8245013e-05,0.36249605,0.013008913,0.009593419,0.02973671,0.13247253,0.0046588206,0.0035072959
5791,0.7264733,0.32490683,0.00085348665,0.013251983,0.035159077,0.18314898,0.0023661824,0.6017535,0.0015717115,0.0083875405,0.005178522,0.07652221,0.031062165,0.0001312022,0.00045975714,0.085739315,7.5249e-05,0.0565152,0.14041579,0.00079915364,0.00034562123,0.70165026,0.32879823,0.01271575
5793,0.43680447,0.65455186,0.117595896,0.018339643,0.24858917,0.023832787,0.002108015,0.38333982,0.25488856,0.3815644,0.0015352367,0.062363144,0.06412235,0.0068482934,0.02839332,0.04236529,9.7178774e-05,0.2160574,0.20908312,0.014994367,0.005458684,0.12706448,0.07631136,0.025244739
5796,0.08286762,0.01864403,0.0012362011,0.004406806,0.49308875,0.44335273,0.00058071985,0.32420042,0.016271994,0.045034334,0.021541225,0.0011364465,0.41293874,0.010846744,0.009765461,0.34451926,2.335931e-05,0.14204007,0.03504279,0.0059490893,0.0010375135,0.56316125,0.0004548944,0.0012256895
5797,0.48275262,0.34200013,0.0024375615,0.046293817,0.06605147,0.06016476,0.0025700468,0.7389276,0.0066317418,0.009394733,0.007607551,0.23936908,0.0049584466,0.0010552855,0.004509349,0.030076578,0.000135031,0.23666723,0.021103226,0.0016482365,0.0028303557,0.27902907,0.7222065,0.028780887
5801,0.11776501,0.0175434,0.00045468332,0.00801301,0.15324712,0.52675164,0.0010350272,0.5676696,0.004672756,0.036965195,0.023966596,0.002731637,0.36566278,0.0024692595,0.0020627505,0.37291765,2.672941e-05,0.072222844,0.0481209,0.0018257665,0.00021454111,0.7207709,0.0008823347,0.0027206012
5806,0.113537185,0.19676237,0.0555759,0.0033648242,0.7383195,0.08176465,0.00040501315,0.22563843,0.27761355,0.25225067,0.0010890667,0.0020925365,0.15746914,0.015648887,0.030173015,0.047044016,9.052676e-06,0.20112164,0.09583736,0.016391665,0.010292623,0.12340391,0.00078186585,0.0038848992
5808,0.416186,0.13262208,0.0044984566,0.0044763153,0.47284767,0.30391926,0.0008500146,0.40155447,0.040962495,0.06260253,0.004884284,0.003269834,0.17267083,0.004365276,0.0054651857,0.10667843,2.4634437e-05,0.12016564,0.18756805,0.0038391904,0.009261964,0.50563824,0.00506301,0.006083165
5811,0.07547106,0.0470405,0.005015945,0.005553753,0.2240644,0.0985564,0.0031515362,0.25723168,0.022763357,0.10153736,0.0021676796,0.0028092326,0.78547525,0.008391261,0.0048613744,0.25117448,3.4259276e-05,0.05478836,0.24803048,0.0046934313,0.0007741695,0.5162903,0.0012943979,0.0007102507
5818,0.018737143,0.022844747,0.0027065063,0.008986337,0.71639144,0.045609478,0.00076834206,0.52812517,0.041307062,0.05688815,0.0016124985,0.002052665,0.04168251,0.023756063,0.014285257,0.026529724,5.494816e-06,0.43202427,0.03335778,0.003938075,0.008863463,0.08139323,0.0009228574,0.00088377437
5823,0.0351838,0.031921823,0.00405673,0.010523102,0.639161,0.10441885,0.00097017986,0.544368,0.040931936,0.08437175,0.007269536,0.0038284971,0.10484643,0.02087287,0.020837253,0.105283104,1.691822e-05,0.44697693,0.072498046,0.0055847852,0.005683536,0.21604016,0.002907631,0.0009418879
5827,0.19664325,0.042027503,0.0026114166,0.010641888,0.50772023,0.45227385,0.0042431173,0.48618677,0.024978535,0.031952452,0.014513172,0.0036740657,0.1424513,0.011541079,0.007397434,0.1772356,8.439145e-05,0.121908806,0.06738382,0.007353226,0.0104559595,0.47891733,0.0028957124,0.004491338
5832,0.011655428,0.008442045,0.00061553344,0.0034172933,0.08579089,0.12573345,0.0003017929,0.3155271,0.0048580994,0.13129207,0.0071047526,0.000940493,0.9299657,0.0024752873,0.0024059527,0.5787686,5.189822e-06,0.05915731,0.06855109,0.0013022712,6.073149e-06,0.69567925,0.00012527202,0.00014471162
5842,0.50679135,0.77767026,0.19929051,0.0023491825,0.3029913,0.015628235,0.00015382443,0.13243541,0.39818504,0.6296952,0.00025985573,0.012909572,0.104558855,0.0023780423,0.025541026,0.029653978,8.434745e-06,0.12314092,0.21738112,0.009584261,0.0006651574,0.093699805,0.0056558847,0.01142152
5845,0.0607417,0.03410203,0.0061548413,0.0086784465,0.6011439,0.18123294,0.0037027595,0.30998936,0.050452866,0.07392808,0.0056266333,0.0021148499,0.4221422,0.032381475,0.014764529,0.15106498,5.4967582e-05,0.1434447,0.087852724,0.010965301,0.00966877,0.33410537,0.0009274787,0.0017802403
5854,0.012678821,0.025642525,0.016279232,0.0020022679,0.4869717,0.062186804,0.0005531088,0.11866433,0.082145825,0.254615,0.001136942,0.0004907073,0.8297129,0.02247977,0.017302236,0.17130166,9.21837e-06,0.07148563,0.06730542,0.014839809,0.00031251245,0.25738224,3.6674566e-05,0.00040090622
5855,0.009729987,0.028373426,0.019279815,0.17194699,0.32116324,0.006248029,0.58197355,0.26220074,0.05525431,0.005553526,8.560007e-05,0.035651293,0.0019473667,0.44385457,0.04969771,0.0024508776,0.0014062331,0.05794098,0.0031436128,0.027617386,0.1850577,0.0049499962,0.0037782232,0.003953565
5864,0.01019755,0.016872756,0.0027060015,0.007619162,0.7596838,0.057067472,0.0002450284,0.5197487,0.040184442,0.06659334,0.0036508855,0.0018256251,0.020543803,0.025787294,0.029236754,0.040869344,3.5918472e-06,0.6009539,0.01694634,0.004904358,0.0028413911,0.07408594,0.0005463171,0.00044096864
5867,0.12383768,0.03694647,0.0034921349,0.022987587,0.71522415,0.10101377,0.0072052563,0.42662778,0.09593566,0.0052865124,0.0005053395,0.0028201903,0.0035148566,0.08146625,0.018345954,0.0040928484,5.8913476e-05,0.12100861,0.011189016,0.0029542479,0.8539667,0.037424076,0.001508278,0.0048555485
5870,0.0042019943,0.0093472265,0.00056322606,0.011354386,0.58450735,0.032232124,7.2317824e-05,0.7336085,0.017002314,0.030889528,0.0053307973,0.0026079144,0.008028751,0.020121047,0.021760006,0.025788113,1.4030858e-06,0.70292723,0.003956016,0.0011260154,0.0017170052,0.04669848,0.0009236746,0.00061250967
5877,0.11709308,0.1679789,0.012914162,0.10657828,0.111648165,0.05677306,0.02731091,0.7624974,0.042248055,0.09197814,0.014999705,0.1631837,0.10287654,0.01964191,0.01718935,0.101097114,0.0011924538,0.24572545,0.07855878,0.007813427,0.0087202415,0.21325687,0.22504024,0.03439465
5878,0.6127033,0.14218418,0.001263506,0.004634372,0.27067167,0.49522856,0.00030716098,0.43666044,0.009552443,0.030497855,0.015319067,0.006714988,0.06253641,0.0008953375,0.0037763303,0.18938579,1.9157378e-05,0.13745417,0.09876477,0.0020724018,0.0009997721,0.7339517,0.012058819,0.0073723835
5879,0.32091603,0.30579263,0.010231644,0.06221079,0.17777015,0.04998711,0.008680957,0.71094894,0.037359033,0.030627502,0.005106016,0.14584066,0.01917733,0.008423509,0.012663655,0.031211503,0.00035036745,0.24957442,0.05110547,0.005312266,0.030958503,0.16976355,0.46842432,0.03561366
5881,0.034449577,0.079594746,0.031451076,0.033532973,0.6830621,0.08154149,0.004705247,0.45448458,0.13632348,0.11564221,0.009556344,0.014354217,0.037989795,0.096697785,0.09036654,0.06875673,0.0001243887,0.46279797,0.025816228,0.030023329,0.024602775,0.08036297,0.00689402,0.0063781436
5887,0.44037917,0.04389242,0.0006887744,0.008270452,0.34417287,0.7191025,0.0012729648,0.53018194,0.0063694012,0.011712965,0.037181906,0.005065124,0.03980892,0.0024955906,0.0041799867,0.2759568,6.016291e-05,0.12751998,0.04222014,0.003335115,0.0031972164,0.7209897,0.0056805643,0.004043393
5889,0.0005221753,0.0017226049,0.000275769,0.0037873893,0.78398544,0.0056048464,4.002585e-05,0.5517258,0.009368202,0.031302992,0.00044758178,0.0002881863,0.008035178,0.020519543,0.014581092,0.00877102,1.1498894e-07,0.75872135,0.004437111,0.0008548165,0.00032788274,0.018665198,6.0437724e-05,1.46219545e-05
5891,0.01861761,0.02338818,0.0030088883,0.018738281,0.609537,0.053702313,0.0023153627,0.6677859,0.03389558,0.052769,0.00336022,0.005630855,0.02793045,0.024341568,0.015830949,0.03924462,1.8813202e-05,0.46414158,0.039083317,0.004490251,0.0076072486,0.09507655,0.0038851206,0.0010194946
5892,0.050376803,0.027134635,0.0013068279,0.028558746,0.5093628,0.1983473,0.0028693615,0.703423,0.013790939,0.012126594,0.018540584,0.013809968,0.00903901,0.021301359,0.0188136,0.06359515,5.3645344e-05,0.41220447,0.011117913,0.004313393,0.0124034425,0.17581278,0.012837549,0.004503094
5895,0.047780477,0.015274907,0.0007633542,0.004254579,0.7545962,0.19883934,0.00030787516,0.46927124,0.025503343,0.020303853,0.003665277,0.0007203533,0.019861296,0.014124141,0.0091935415,0.03868147,3.8965845e-06,0.30846426,0.01768094,0.0025886395,0.011563715,0.15787648,0.00023119389,0.0008693877
5897,0.021490967,0.23046948,0.24928972,0.000883108,0.9444225,0.0061528664,6.81846e-05,0.048005562,0.6496986,0.33297163,1.2600178e-05,0.00025723418,0.0060927435,0.029068653,0.084755294,0.0015753771,5.4522445e-07,0.27869266,0.024380004,0.028994877,0.013746154,0.004031528,6.734872e-06,0.00044182574
5901,0.097720206,0.08678663,0.0069618397,0.0081259655,0.21464501,0.09664953,0.0014102471,0.47736087,0.040463895,0.20431197,0.0051971264,0.0056484025,0.64369094,0.0046208925,0.006268542,0.24129534,2.3554483e-05,0.12836923,0.18731557,0.0037093281,0.0006361388,0.47399223,0.0044032657,0.0025829638
5904,0.011176244,0.024645327,0.002004616,0.017621236,0.3906613,0.033470552,0.0006651069,0.76094246,0.027083063,0.106415845,0.005081144,0.007480153,0.08780481,0.011223787,0.0109305605,0.07656299,8.083238e-06,0.52035964,0.044413935,0.0016480623,0.0014610523,0.12862296,0.004068433,0.0010159784
5906,0.017140955,0.007916716,0.00046134807,0.0072326194,0.5846603,0.12785876,0.0004655924,0.60869944,0.012871167,0.038113542,0.0071462323,0.0009837025,0.13994862,0.012796642,0.0068890275,0.11847455,3.9882284e-06,0.3633158,0.03638132,0.0017237999,0.001962217,0.28240183,0.0005393613,0.00032782208
5907,0.5571394,0.30078813,0.0013727301,0.014177009,0.075772695,0.30422845,0.00056317425,0.6421658,0.007850502,0.025958406,0.0170378,0.035152752,0.034290176,0.00070393964,0.002371174,0.04269894,4.0951752e-05,0.0765911,0.016602095,0.0014859106,0.00061881955,0.45498306,0.033604052,0.3803166
5913,0.05038468,0.016626792,0.0011005464,0.0021712428,0.6987245,0.30601603,0.00012772274,0.3298192,0.024493538,0.046372302,0.0070359767,0.0004672539,0.14153862,0.009951037,0.011282611,0.13779013,3.2547891e-06,0.2279226,0.019274144,0.004556801,0.0010649277,0.31872752,0.00011506146,0.00073759095
5915,0.0028465136,0.0031621044,0.0001686452,0.005650985,0.65496933,0.034162816,0.00012646928,0.7003695,0.008755318,0.01972077,0.0014077271,0.0006125496,0.011639839,0.00905191,0.0048739137,0.01870791,4.1941263e-07,0.5080919,0.0067194332,0.00065891695,0.0008313395,0.05865872,0.0001315398,0.00012585861
5917,0.21666798,0.10291298,0.006581769,0.009493619,0.2934974,0.0891141,0.018030562,0.33719122,0.023308415,0.047715172,0.0012794563,0.0055071847,0.32962433,0.0064782687,0.0034091703,0.12691809,8.955535e-05,0.06670442,0.4262843,0.005311843,0.007550156,0.41599587,0.007584168,0.00083741016
5919,0.4051698,0.052041527,0.0016897892,0.004034276,0.59416467,0.6449187,0.00073612964,0.3433997,0.023321118,0.019014781,0.013743328,0.0016323801,0.080146834,0.0060960194,0.0066192667,0.15395764,3.7336198e-05,0.09250499,0.04204279,0.0054816836,0.010738051,0.53344846,0.001446319,0.0049444353
5923,0.44651982,0.41455925,0.07271334,0.008126964,0.5979596,0.09960972,0.0032408668,0.25648347,0.26311153,0.2105278,0.00096379116,0.008832777,0.1029056,0.014754571,0.019177407,0.034316726,7.9880854e-05,0.12353312,0.3727162,0.013134063,0.063865185,0.18173417,0.007979116,0.012347538
5925,0.015173793,0.014676628,0.0016930767,0.0023261164,0.13475871,0.05602061,0.0005296637,0.24804008,0.011497723,0.14125301,0.001134618,0.0007047908,0.93124807,0.0034865672,0.0019936704,0.30985922,3.5647245e-06,0.04184784,0.13020378,0.0018415136,3.5063018e-05,0.5307785,0.00013097333,0.0001514176
5926,0.26056814,0.13602766,0.00327503,0.0071737873,0.509203,0.31754914,0.00035830087,0.5554801,0.03878245,0.034977943,0.0063712243,0.006558648,0.019262813,0.0032071183,0.006475268,0.043317232,1.1897999e-05,0.17250311,0.023351254,0.0039728307,0.0068431385,0.26284882,0.0046416735,0.028768813
5929,0.31650418,0.32654855,0.05566331,0.014026808,0.54845405,0.073921844,0.006935418,0.35887048,0.2288278,0.18096529,0.0013428997,0.010596129,0.17614621,0.020827502,0.019375324,0.04213976,0.00011239764,0.13184313,0.31831992,0.01236413,0.07015346,0.18444875,0.014467161,0.015071611
5941,0.34745902,0.1000345,0.0047654468,0.0031707983,0.3195398,0.3517374,0.0011072846,0.22633694,0.02712143,0.07154225,0.0049456176,0.0021843535,0.48051718,0.0036382761,0.004930456,0.2081016,4.1674208e-05,0.04317591,0.12264902,0.0066995425,0.0012481447,0.5977515,0.001577052,0.0047832127
5946,0.03943223,0.10238314,0.018409412,0.011372293,0.42652273,0.053579323,0.00065914996,0.6077925,0.11703428,0.28838298,0.004514931,0.008012854,0.17003682,0.01157637,0.018157031,0.09794574,1.2276203e-05,0.3425763,0.07867017,0.0059044436,0.002003297,0.15454374,0.003593386,0.0038709445
5947,0.004660964,0.002431505,0.00032296972,0.012029347,0.24507508,0.24412932,0.0022935309,0.4892412,0.0042075347,0.04814448,0.023106685,0.0014172083,0.7394225,0.014464062,0.003754982,0.4578885,2.834382e-05,0.0999534,0.023220886,0.003251108,8.569465e-05,0.53068364,0.00013159878,0.00039007512
5949,0.66963667,0.13689995,0.0014852154,0.0061964593,0.26591727,0.5807712,0.0009609826,0.47341877,0.009267444,0.019316792,0.012200522,0.0072140046,0.056659177,0.0011408628,0.0025010926,0.13442723,4.251274e-05,0.077141665,0.09565935,0.00275231,0.00266422,0.7203493,0.013296889,0.014254438
5951,0.6470009,0.35141906,0.013136029,0.005245217,0.27991933,0.17494044,0.0016514354,0.3277414,0.058389723,0.13335666,0.0021301412,0.008507159,0.17447911,0.002656509,0.0052791783,0.07973897,4.908287e-05,0.07773144,0.44371116,0.00421279,0.0058259917,0.49776316,0.011870542,0.012688207
5954,0.4313201,0.26354408,0.008864083,0.014758599,0.38810283,0.3334017,0.0011319396,0.5107658,0.06025392,0.053948704,0.009427334,0.016385438,0.028623825,0.006107916,0.010834279,0.04907488,5.4065396e-05,0.13621211,0.036322627,0.0066560586,0.016857252,0.29684132,0.013872503,0.11691285
5959,0.07515108,0.107480854,0.02172855,0.006486514,0.29378766,0.101235725,0.0014027843,0.2875767,0.08761901,0.28412732,0.004857413,0.0045972443,0.64310557,0.0082420595,0.012861441,0.20147406,4.5473484e-05,0.084194034,0.08454876,0.012270404,0.00052489125,0.33167723,0.0014484444,0.0056315176
5962,0.21447101,0.035020526,0.0015694951,0.011259697,0.5031514,0.5305971,0.0036225647,0.5189611,0.016568866,0.022878997,0.022528745,0.0042622676,0.0837288,0.009109739,0.007241417,0.2227771,9.220846e-05,0.15797374,0.06663412,0.00547857,0.009266134,0.53838027,0.003919339,0.0029839976
5966,0.50501716,0.2702179,0.00930163,0.010068445,0.34020782,0.25273538,0.0016295951,0.44851413,0.044946853,0.08076976,0.008172005,0.015685042,0.1323739,0.0036668393,0.0080658365,0.10101003,6.734345e-05,0.12751342,0.124799594,0.007050229,0.0063360804,0.47982094,0.03119193,0.03571948
5971,0.17827685,0.04454297,0.0013379961,0.0014665327,0.09365066,0.09938265,0.0011491565,0.16422759,0.0058930186,0.042195108,0.00041045074,0.00079008465,0.81217104,0.0015214202,0.00061545806,0.17365012,5.183051e-06,0.011733157,0.3886655,0.00086971826,0.00015956406,0.6038151,0.00036731953,0.00026809273
5975,0.03071031,0.026562195,0.0016338745,0.044789873,0.53184426,0.066543505,0.0026792244,0.7190895,0.024825983,0.0075823776,0.0047621164,0.013720958,0.002765638,0.061792955,0.03488637,0.0140719535,4.157406e-05,0.4661837,0.003977484,0.0033842109,0.07947592,0.047014553,0.0148209715,0.0052166358
5976,0.21219502,0.11402444,0.004649166,0.014583401,0.2903002,0.1632706,0.0030365924,0.60965633,0.030902518,0.094261706,0.008240224,0.011882187,0.20737475,0.0042959717,0.0058662957,0.154727,5.0791507e-05,0.18402243,0.20428193,0.003853053,0.0037720217,0.47843188,0.017876126,0.0058905277
5977,0.013072174,0.01362978,0.0014492266,0.0045492654,0.8373831,0.033456825,0.0002971737,0.41351658,0.037864186,0.0246781,0.00050019764,0.00066552154,0.006719041,0.024967093,0.01531937,0.0073324004,1.7104647e-06,0.45436028,0.012558442,0.0029472695,0.016248807,0.03316159,0.000171591,0.00035412106
5978,0.13292852,0.028076993,0.0006695786,0.021282163,0.18488967,0.48794284,0.0041614673,0.70927954,0.005334619,0.026475627,0.042623393,0.010891473,0.13596886,0.0032888076,0.0031853134,0.3102704,0.00012302955,0.14602908,0.05750757,0.0025939927,0.0011534429,0.66009927,0.006568488,0.004704218
5984,0.34361282,0.44041204,0.15328054,0.018754518,0.5335042,0.078535035,0.00866091,0.24984607,0.34230155,0.2916142,0.0024567356,0.019233612,0.10352891,0.035600465,0.053622093,0.06272017,0.0002738694,0.1572767,0.22136927,0.034221686,0.054801263,0.14620548,0.014884833,0.01826666
5986,0.84116,0.26872796,0.0014872159,0.0034616282,0.13128568,0.47013026,0.00043165305,0.35362178,0.0058262735,0.019299312,0.004831471,0.009218059,0.042714555,0.0002899316,0.0010865378,0.10503156,2.5363031e-05,0.042841766,0.19506386,0.0013061403,0.0008473335,0.7806337,0.026564877,0.011500043
5988,0.10572218,0.08730095,0.008567228,0.011572465,0.6095834,0.15656649,0.0017544341,0.526037,0.097105056,0.07926892,0.003950907,0.0045033214,0.12022301,0.016994683,0.012242088,0.052584745,2.5949854e-05,0.17939486,0.059670232,0.007875395,0.02402347,0.18789333,0.003321425,0.010851426
5989,0.6655117,0.5940188,0.034435555,0.006159343,0.27175248,0.09229222,0.000651463,0.29951787,0.10785992,0.2555925,0.0017692072,0.019235447,0.105614826,0.0026805194,0.009660545,0.04669502,3.4302982e-05,0.1100611,0.27571952,0.005627039,0.0034044723,0.32155973,0.024686595,0.05194885
5995,0.055315845,0.03737297,0.0012299792,0.027986128,0.284476,0.14018613,0.0030083365,0.8029393,0.016930921,0.040205512,0.012248156,0.012672965,0.084983684,0.007226063,0.0053093364,0.09938142,4.3687185e-05,0.27696568,0.04916948,0.0018626518,0.005198391,0.28543973,0.010897767,0.0062262034
5997,0.22668245,0.19035597,0.025330137,0.007608368,0.45312777,0.07685695,0.0035444596,0.35330734,0.12051193,0.19219662,0.0018373636,0.006248965,0.35904062,0.010675239,0.0130095985,0.09769396,5.2638767e-05,0.14336605,0.4122239,0.0077477326,0.011303065,0.31478423,0.008201579,0.0028222627
6002,0.03988864,0.06289231,0.017166222,0.03945625,0.5095818,0.06628165,0.01795916,0.605729,0.07586865,0.13351887,0.006954331,0.017889181,0.108802795,0.035722006,0.026922433,0.098280616,0.00018798537,0.35025164,0.13431907,0.01592924,0.0123726735,0.16530426,0.011780303,0.0027684895
6007,0.08280725,0.053979088,0.0060100416,0.00405025,0.7424326,0.13054396,0.00055368006,0.35657912,0.06920294,0.08105593,0.0023394057,0.0015472452,0.10003281,0.015715772,0.016393987,0.055799156,8.855015e-06,0.2876118,0.08470927,0.006328232,0.009518096,0.19073614,0.0009771703,0.0014075133
6012,0.3270862,0.19338061,0.00977298,0.0048878314,0.62466896,0.28629938,0.00030064213,0.3263853,0.0853139,0.084287286,0.0051688715,0.0049048844,0.075754695,0.0077282474,0.01623603,0.061875887,1.4820833e-05,0.1641713,0.043806497,0.007958233,0.008248239,0.2796425,0.003781804,0.03156092
6015,0.38033274,0.11958035,0.009091735,0.010071392,0.6953703,0.4706324,0.002645874,0.32939726,0.07548556,0.03407279,0.010393022,0.0053463364,0.05498632,0.018767606,0.018432062,0.09606662,9.5798096e-05,0.13788544,0.055742722,0.012632482,0.05917477,0.34941247,0.0059186616,0.013888154
6016,0.20179866,0.032693356,0.00082166254,0.014261655,0.4812441,0.42378634,0.0031765713,0.639992,0.011110167,0.012762166,0.01573657,0.0053577055,0.03381004,0.00643989,0.0046066144,0.11626773,5.5131997e-05,0.18668231,0.051062364,0.003190682,0.015180735,0.46303248,0.0076966044,0.0033463573
6019,0.070619285,0.050609183,0.007936353,0.0024826475,0.39432117,0.15218164,0.00066947774,0.1979106,0.050703533,0.15042317,0.0025467968,0.0010652087,0.7125274,0.00768954,0.008588875,0.20322527,1.4840238e-05,0.06560958,0.09531935,0.008432531,0.00062636135,0.4317387,0.00031672578,0.0012475769
6024,0.46190664,0.48016772,0.053098638,0.0040084063,0.33825552,0.038616333,0.0012667836,0.255825,0.18380089,0.3230559,0.00046812856,0.009048343,0.22620618,0.0038258573,0.010207316,0.04534824,2.5721558e-05,0.10776307,0.5251557,0.006042858,0.0051920945,0.24462007,0.008590174,0.0053782486
6028,0.015111207,0.031846568,0.0057826014,0.00513704,0.77342945,0.050142728,0.00018893956,0.4371549,0.08123974,0.10753004,0.0016374314,0.0012971086,0.044761162,0.019540697,0.022154579,0.030715866,2.2974962e-06,0.44796106,0.022485102,0.005938004,0.0039477143,0.067807615,0.00030143317,0.0008637666
6031,0.055210568,0.038848683,0.004046053,0.008015826,0.27170813,0.1527589,0.0016905768,0.44625458,0.027966907,0.13450937,0.008126231,0.0032704694,0.7074445,0.008326796,0.0069204555,0.29548797,2.8573393e-05,0.11767467,0.11744724,0.0049854717,0.00073617464,0.5083078,0.0017334856,0.0017842767
6035,0.022333765,0.015265486,0.0016170894,0.023028273,0.6910322,0.158635,0.0017323886,0.53192914,0.022043189,0.0158276,0.016224556,0.0055892253,0.009767762,0.079860225,0.054032594,0.055310182,3.1291187e-05,0.50350624,0.006497524,0.0069609964,0.017721774,0.105697416,0.002403109,0.0025248625
6036,0.33251044,0.24533623,0.0071876603,0.046902895,0.2126819,0.07089057,0.011267768,0.6798348,0.026014522,0.023127986,0.0048092157,0.101932764,0.023953663,0.0054642553,0.008021573,0.041096464,0.0003475662,0.20815906,0.070980124,0.0049810694,0.02320312,0.23090681,0.44425052,0.016584564
6038,0.06470667,0.16914622,0.05430278,0.010100256,0.7753977,0.027356522,0.0021566981,0.35591576,0.25847095,0.14600182,0.00034676297,0.0049644266,0.014612849,0.02731571,0.028739717,0.008411037,1.648234e-05,0.29504853,0.072685815,0.014256936,0.049855012,0.03146437,0.0019101324,0.0037069027
6040,0.43317527,0.41083917,0.025583215,0.008288854,0.19037475,0.054016914,0.001409051,0.42964292,0.09259734,0.28579527,0.0019906075,0.01939439,0.27014124,0.0027588182,0.007660661,0.099185616,3.1472067e-05,0.13515423,0.33784732,0.0046016057,0.0020116293,0.37238017,0.03154847,0.011952689
6042,0.33115327,0.024694854,0.0006131472,0.018374981,0.27714038,0.7302137,0.006012236,0.60150754,0.0042567006,0.0077162962,0.057610054,0.009525481,0.03424259,0.005443197,0.0050159045,0.33546558,0.00017799532,0.1458575,0.051712275,0.003241594,0.005565442,0.72322637,0.0076619075,0.0023501855
6046,0.7529883,0.08039809,0.00047110475,0.0029704312,0.20963879,0.7799606,0.0003234026,0.4423056,0.004373862,0.0088659935,0.012471509,0.002879483,0.028694453,0.0004214089,0.0011143618,0.13542181,1.9273797e-05,0.03903427,0.04435123,0.0013059631,0.0011407764,0.7807257,0.0033779843,0.009185465
6047,0.089829996,0.09944242,0.004946817,0.039244376,0.44449538,0.118385464,0.002029226,0.7302014,0.053855304,0.023051457,0.009392657,0.026498707,0.0066380044,0.024119802,0.025062859,0.025664909,6.428073e-05,0.36676303,0.008104196,0.005440418,0.04824821,0.08292193,0.027560012,0.02820698
6048,0.10398623,0.10418143,0.0050404547,0.019270325,0.4271008,0.10474191,0.0013169002,0.66985863,0.042692088,0.07172906,0.007738361,0.017938577,0.045849815,0.008129637,0.012709705,0.064303376,3.253932e-05,0.35835767,0.049222857,0.004557147,0.007498474,0.20702204,0.020448051,0.010542578
6049,0.015282549,0.039529786,0.0043590404,0.053041924,0.41249716,0.030136025,0.0024232815,0.7870186,0.04033501,0.042755693,0.007855067,0.02509521,0.013202403,0.04643035,0.036645714,0.02917761,5.4749224e-05,0.58519197,0.011595318,0.0043839766,0.0143027855,0.048580773,0.024677526,0.0046156906
6052,0.012379691,0.017540853,0.0017838622,0.010806342,0.31084883,0.071298115,0.0004326044,0.6642675,0.019715631,0.16281657,0.012962031,0.0039113555,0.34063035,0.00894289,0.011760894,0.29662114,7.8304965e-06,0.4570743,0.079717524,0.0017597415,0.0003248782,0.35201165,0.0017549351,0.0003068191
6056,0.6275359,0.48970827,0.0073554986,0.026261296,0.06675271,0.04129205,0.005593433,0.5636278,0.01647662,0.031906188,0.0020391052,0.14167234,0.033316154,0.0011645633,0.0027613146,0.03694381,0.00023540187,0.09785998,0.14863148,0.00263942,0.0035154414,0.32296008,0.5676155,0.020357518
6059,0.21485186,0.04199971,0.0008693985,0.013742145,0.27053082,0.4079158,0.0028055257,0.6578097,0.010151439,0.021273103,0.0134664755,0.0061349655,0.11486979,0.0041620797,0.0027906282,0.15003404,4.4728058e-05,0.110248774,0.055981625,0.0021139535,0.004477272,0.5293534,0.0055091614,0.007007902
6063,0.1747887,0.17177911,0.022156537,0.004228988,0.41811,0.07629167,0.00084641,0.3060542,0.11704392,0.2546742,0.0020146682,0.0037722455,0.48646662,0.007476854,0.013824601,0.12613086,1.798249e-05,0.14892459,0.26474807,0.0063347653,0.0029526919,0.33209315,0.0032795193,0.0023607912
6068,0.08976163,0.18062453,0.02929474,0.00450181,0.29921627,0.05320714,0.0003520622,0.365647,0.13554221,0.4162445,0.002526856,0.0051280824,0.4528865,0.004602362,0.014092218,0.13517898,1.0755746e-05,0.16509959,0.11302295,0.006594958,0.00041461264,0.24476497,0.0021424282,0.0037001395
6078,0.0053082416,0.0020331445,0.00022665165,0.00026193072,0.090698786,0.055049147,0.00011112413,0.03049083,0.001479883,0.036043394,0.00016569182,4.5490226e-05,0.98982507,0.0028692018,0.0005306822,0.3613156,5.9716274e-07,0.004820643,0.053719316,0.001165446,1.4420784e-06,0.6299443,9.987075e-07,7.850992e-06
6082,0.3207043,0.7582884,0.29000288,0.005499125,0.2706867,0.0061257333,0.00032227737,0.20986097,0.49568146,0.6936384,0.0002518004,0.026511803,0.06049909,0.0049204887,0.04772186,0.025736265,1.3861674e-05,0.23931909,0.1997049,0.015095518,0.0008872159,0.04722385,0.009421151,0.006647602
6089,0.60918957,0.043161,0.00030002824,0.0018306866,0.32496855,0.7733707,0.00017971279,0.37054354,0.0044730166,0.010327262,0.014665666,0.0010333351,0.06811984,0.0007449868,0.0015283797,0.20385216,1.0995699e-05,0.05514933,0.04113114,0.001507644,0.0007336974,0.7668804,0.00096652267,0.0031245647
6090,0.044154186,0.03487438,0.0044357646,0.07945968,0.4712446,0.06302648,0.03455058,0.71342754,0.06872042,0.009763447,0.0015076173,0.011750303,0.0064050495,0.106656246,0.019695343,0.007870163,0.0001837944,0.17914997,0.010963354,0.004227647,0.53088164,0.033967648,0.0060296403,0.011983813
6091,0.12633236,0.062128626,0.0051214867,0.0029148923,0.77189624,0.3455968,0.00017097741,0.27403757,0.082371905,0.065443695,0.0063847955,0.0010143776,0.08641279,0.014227072,0.020588754,0.08551241,7.046367e-06,0.19540907,0.02004488,0.009761801,0.0066953395,0.2246972,0.0003005318,0.0050498643
6093,0.16348857,0.085191816,0.007462748,0.0046601323,0.23818643,0.12623583,0.0026904629,0.22188345,0.031390544,0.10927781,0.002245439,0.0029885252,0.73264635,0.0065035513,0.0052258517,0.21444887,4.2790132e-05,0.045590676,0.2509957,0.0059510465,0.001066682,0.52675486,0.0018257857,0.001573856
6097,0.0069240485,0.033679053,0.060286973,0.020169908,0.7493858,0.03557059,0.019105216,0.15714537,0.1549395,0.13021408,0.0011981134,0.0036044833,0.09193016,0.17114793,0.089309625,0.037520733,0.00017518442,0.19732091,0.016601676,0.09828616,0.008349055,0.041487545,0.0002228683,0.0017748812
6099,0.08429147,0.13134845,0.026757685,0.008275175,0.46797067,0.07846722,0.0012720859,0.4209922,0.13268915,0.26495558,0.003969667,0.0059268987,0.34143478,0.013635436,0.020857401,0.131571,2.829173e-05,0.22828096,0.16181938,0.009303932,0.004069351,0.24636,0.003775374,0.003229321
6102,0.055170868,0.029012857,0.0030466197,0.0033169026,0.76941854,0.17392047,0.0003443914,0.3409376,0.050616324,0.06089875,0.0035257079,0.0007878277,0.08830797,0.016272986,0.015946103,0.071417056,5.94454e-06,0.29436252,0.045334626,0.0055961953,0.00577305,0.20311219,0.00028761235,0.0007870537
6115,0.5701351,0.07878772,0.0017164234,0.0071256035,0.5008304,0.69789493,0.0013661017,0.40218124,0.016112735,0.010271895,0.014672436,0.0044305315,0.020710818,0.0036237165,0.0051442822,0.11620942,6.175834e-05,0.08348951,0.03590864,0.0046137744,0.015506843,0.57145524,0.0055900863,0.009457181
6116,0.13537548,0.075755104,0.0064621978,0.055850748,0.56836057,0.08182353,0.01757083,0.4885729,0.1136143,0.003157977,0.0005575366,0.010635443,0.0021155898,0.10560506,0.025941378,0.002793751,0.00018509211,0.09079903,0.0047940016,0.0030629376,0.9280409,0.021416215,0.008495799,0.017834166
6122,0.0092870295,0.014578133,0.0036902158,0.010856991,0.63501513,0.04521652,0.0020381527,0.5453204,0.04019872,0.11061978,0.0025046663,0.0018172936,0.19021419,0.023823727,0.012214448,0.07204086,1.1015273e-05,0.37314004,0.09118267,0.004491061,0.0035355836,0.15668069,0.0006376473,0.0003045355
6132,0.03180271,0.014823709,0.00012345931,0.03504968,0.19596535,0.196256,0.0007640186,0.9026864,0.0066034575,0.004578258,0.015261331,0.008828491,0.010431679,0.007809362,0.0030181834,0.02663719,1.8342647e-05,0.21294905,0.0026098164,0.00037921898,0.013400815,0.12541638,0.004220833,0.025401907
6136,0.022395212,0.009607034,0.008225603,0.009830088,0.5122635,0.010164307,0.877645,0.015830265,0.006772332,0.000864133,2.7520741e-06,0.0025271766,0.0034298382,0.15410154,0.0074186195,0.0021399192,0.0004823573,0.0048769545,0.014859468,0.02939993,0.037613455,0.013510669,8.508176e-05,7.004608e-05
6139,0.10262003,0.060844302,0.0078981435,0.011616147,0.75146997,0.19668913,0.0028084833,0.42156407,0.08117748,0.05510926,0.0053282697,0.003617297,0.050052132,0.028833697,0.022264274,0.05954128,4.7870173e-05,0.27139258,0.059128795,0.010978355,0.04082116,0.18457378,0.0024372265,0.003864764
6140,0.09120938,0.033764593,0.0020092537,0.0051917373,0.68801016,0.13861182,0.0010922009,0.48389095,0.0437757,0.033326406,0.0016284093,0.0012744284,0.03470961,0.010309055,0.005648231,0.033236932,9.28222e-06,0.22137879,0.09011014,0.0020674535,0.029143196,0.18652385,0.00080018194,0.0009726895
6142,0.5168596,0.040671155,0.0007221152,0.0056898477,0.5698974,0.8134938,0.00078292197,0.39319494,0.010821618,0.0038186675,0.015300878,0.002411488,0.0046665706,0.003329373,0.0042093373,0.08976172,3.245546e-05,0.07484618,0.010908082,0.003398488,0.018469213,0.499982,0.001525766,0.005810761
6144,0.013819381,0.012704327,0.0015529579,0.006471517,0.80873555,0.06919323,0.00027533004,0.42974043,0.026710594,0.032140736,0.0034671677,0.0013811481,0.01777163,0.032158833,0.030121943,0.035461947,3.718978e-06,0.5784739,0.01332891,0.0043852334,0.005165099,0.08184252,0.0006039381,0.00033140628
6150,0.013490956,0.031781394,0.0084710885,0.012953072,0.72526324,0.031625465,0.0010781782,0.51812106,0.07260633,0.09955917,0.0019560745,0.0032915834,0.02715564,0.03800709,0.03214655,0.028133092,9.9226345e-06,0.5413692,0.037113227,0.00747632,0.008554843,0.054971937,0.001294693,0.00070491
6154,0.04205695,0.054885175,0.012158923,0.007715558,0.85986304,0.1254423,0.0006039672,0.27328306,0.119219564,0.06901142,0.0039981827,0.0021043122,0.025781333,0.050355148,0.05769024,0.039459083,1.5002298e-05,0.4125502,0.016196838,0.017646346,0.024139063,0.07564769,0.0005889996,0.0027406106
6155,0.18924357,0.24143682,0.010143791,0.085525215,0.15273117,0.04221531,0.012840401,0.77778995,0.03693281,0.040598057,0.008294315,0.17224966,0.019362694,0.008617209,0.014118975,0.039624415,0.00056224235,0.30603072,0.044191666,0.0063097468,0.0153574655,0.13402282,0.43219456,0.025364028
6164,0.015520928,0.024042608,0.00261376,0.013008643,0.5849837,0.042877227,0.0012412859,0.66417694,0.040632132,0.077020854,0.0019650934,0.0032055369,0.06915481,0.015767649,0.009002079,0.038741242,7.797931e-06,0.3810898,0.0554608,0.0024756808,0.0056229266,0.10191845,0.0015636553,0.0010055868
6166,0.39638337,0.088613644,0.0014044204,0.0166226,0.32829744,0.5400113,0.0020257854,0.59182495,0.014740797,0.012407052,0.020051926,0.010908108,0.025560405,0.0061312867,0.0066050095,0.0747924,7.705332e-05,0.11540073,0.021281745,0.0039268075,0.01553022,0.44504848,0.008925232,0.052873313
6168,0.4535526,0.22080724,0.011732553,0.0058907676,0.36226416,0.15305552,0.0026395924,0.31300893,0.057888355,0.09589799,0.0019936033,0.0055965343,0.32398346,0.00619208,0.006038801,0.094749644,4.258188e-05,0.07327376,0.36351773,0.0049325507,0.010558409,0.4586137,0.009801604,0.0071712546
6171,0.055572283,0.03939465,0.0057013943,0.0021792222,0.27663153,0.10667178,0.00056227297,0.1695642,0.032358445,0.17109111,0.002247212,0.00097400125,0.8439985,0.0070082373,0.007857362,0.28587037,1.22912215e-05,0.061391484,0.1344194,0.005162175,0.00023002789,0.5051162,0.00024482826,0.0004823097
6172,0.020984843,0.027719378,0.004006286,0.010857975,0.8139914,0.07876066,0.00031369334,0.39026535,0.046120413,0.031475138,0.005217,0.0038164135,0.005871403,0.058165047,0.07560175,0.029631991,7.783414e-06,0.6308251,0.005799945,0.008308718,0.01052952,0.050794378,0.0016445301,0.0013678938
6183,0.017298594,0.018820882,0.012633897,0.12336098,0.22770123,0.035354175,0.7492342,0.32492274,0.016679995,0.010235726,0.00057929003,0.055370342,0.01435778,0.15439488,0.014212415,0.024513906,0.0032024179,0.042596284,0.030264094,0.029264217,0.020447439,0.051730353,0.011092924,0.0017603473
6184,0.6691346,0.04460637,0.00037547117,0.012321039,0.19567743,0.8123912,0.0038664995,0.5786877,0.003104482,0.002281751,0.021901472,0.008980916,0.007844889,0.0015706426,0.0016711472,0.08761361,0.00012529903,0.04555994,0.02010586,0.0017763941,0.010415109,0.67845094,0.008605233,0.015413418
6185,0.09787441,0.12632252,0.025749657,0.020574514,0.73271143,0.116653994,0.003222642,0.43400854,0.1469128,0.08858175,0.00531279,0.0112115275,0.028756531,0.047518782,0.04855411,0.041955613,7.095177e-05,0.35504776,0.037692476,0.021356666,0.047523294,0.09712728,0.008692977,0.011575541
6190,0.0359861,0.078693,0.025127849,0.0002615581,0.3446181,0.0031418186,0.00034793856,0.027441703,0.1274008,0.3278891,3.0295391e-06,0.000119310964,0.82680464,0.0042767846,0.0039579384,0.025416737,6.1785454e-07,0.019012645,0.61836123,0.0021582318,0.00026677983,0.11915556,5.4781144e-06,1.44215655e-05
6197,0.17000118,0.2080463,0.050554857,0.013925172,0.63982594,0.10435279,0.005486154,0.3433932,0.22164924,0.18058226,0.0026148977,0.0073091933,0.19877979,0.030109104,0.026503941,0.06200106,8.942188e-05,0.16281046,0.15821807,0.021083876,0.04761833,0.17792374,0.005466541,0.0122369295
6198,0.12073436,0.13260071,0.018331276,0.0054807584,0.7593913,0.23451623,0.00022212706,0.25994083,0.1599859,0.12517188,0.008550424,0.0030560165,0.06069816,0.025109295,0.050962064,0.084045365,1.3753633e-05,0.29001158,0.016042344,0.01697275,0.008470832,0.15250327,0.0009397934,0.013179928
6207,0.31295612,0.20918158,0.008246889,0.0056686774,0.3466351,0.17548245,0.0003420196,0.44457337,0.056108125,0.15168828,0.0058762203,0.007318804,0.17354032,0.0030748872,0.009149845,0.116981916,1.2563786e-05,0.18246083,0.09210637,0.004415696,0.0018320255,0.401745,0.0067077694,0.015174157
6212,0.0424218,0.01844598,0.0016171632,0.0014710343,0.92594707,0.16623127,7.63982e-05,0.15372793,0.05186213,0.014481562,0.0011157304,0.00024234813,0.004603107,0.029022,0.030457005,0.012663679,1.4754894e-06,0.34577745,0.0043575335,0.0053059054,0.020336632,0.049967743,2.7367618e-05,0.00055750215
6218,0.003238428,0.004889764,0.00031507987,0.012593935,0.46176377,0.059941158,8.7376844e-05,0.75701463,0.008626315,0.04399703,0.020650744,0.0026530386,0.038760155,0.014690424,0.018471591,0.123841636,2.2125548e-06,0.70306623,0.0076298667,0.0010087144,0.0003332502,0.14833105,0.0010067822,0.0002635336
6228,0.112415865,0.273512,0.10711809,0.0020536897,0.70269907,0.087957345,0.00014173478,0.12365251,0.35550937,0.3906352,0.0015407183,0.0021276919,0.2030491,0.0130611295,0.056739453,0.07623989,8.632404e-06,0.18474157,0.054694302,0.026964273,0.0023635183,0.12502506,0.00045762683,0.0045228032
6229,0.34934586,0.034102943,0.00059251225,0.0087172985,0.5036243,0.7489486,0.0007108966,0.4970253,0.0117497165,0.006011355,0.025669502,0.0027880298,0.013146758,0.006698851,0.0065543647,0.106865965,3.5634494e-05,0.10898151,0.008573821,0.0037980552,0.01824657,0.46131915,0.0013537761,0.0118970275
6230,0.05622219,0.014143023,0.00055424974,0.0068160733,0.6499228,0.2600962,0.00045554666,0.5359322,0.012787563,0.020380698,0.012402256,0.0014971473,0.048816986,0.013631468,0.010759447,0.113096096,9.15199e-06,0.37030125,0.026613602,0.0025979662,0.0054102372,0.326008,0.0010128736,0.0007347315
6233,0.09508211,0.044736095,0.0010725943,0.020810416,0.37281772,0.23344429,0.0015886063,0.7556343,0.013978878,0.024277767,0.017572526,0.011146852,0.036395587,0.004684574,0.0054943576,0.099286035,3.5634766e-05,0.2791452,0.034449134,0.0023430877,0.0057429536,0.35032028,0.014622044,0.0065509626
6235,0.4777048,0.12620722,0.0030103996,0.014650805,0.12082695,0.30820313,0.015166682,0.40731567,0.006566774,0.024341546,0.005257303,0.021401072,0.18086638,0.002179468,0.001746589,0.17627837,0.0002425881,0.040246334,0.26114163,0.004242882,0.0018155444,0.6664446,0.026478635,0.0064527383
6236,0.11206723,0.010698664,0.00017057716,0.008010789,0.4068452,0.5919888,0.0006480561,0.58923316,0.003569946,0.009249768,0.040908404,0.0020456014,0.054149386,0.0044572284,0.004135488,0.25543514,1.7134693e-05,0.19015208,0.014750462,0.0018728025,0.001190538,0.59969205,0.0010557374,0.0013236156
6238,0.13558632,0.10329126,0.015315132,0.008461573,0.823593,0.20294467,0.0019103605,0.25915858,0.16187015,0.03940045,0.001953454,0.0024803022,0.016786441,0.038802017,0.02959564,0.018990843,3.2481654e-05,0.15513277,0.020407168,0.016147168,0.12281015,0.07682448,0.0007029826,0.014224785
6241,0.20583214,0.048817363,0.0032253233,0.008970147,0.4818353,0.5113938,0.0020667936,0.39387974,0.025974311,0.04666873,0.026535474,0.0041572186,0.21208243,0.0119371945,0.012943747,0.30680615,0.000100175705,0.15218541,0.0697643,0.008511375,0.0049453876,0.5746806,0.0030176456,0.0040559424
6246,0.12549688,0.050581057,0.0030054247,0.0025644277,0.18511292,0.30188566,0.000438013,0.24315819,0.01786784,0.13212813,0.007501459,0.0014385957,0.76009375,0.002466869,0.004333765,0.37796867,1.7823571e-05,0.042975888,0.07061827,0.004260605,8.7039625e-05,0.64745307,0.00043033468,0.0025343099
6251,0.040069245,0.047191046,0.0037883862,0.019620365,0.6893062,0.043646574,0.0021436582,0.5517347,0.07274086,0.017381616,0.00092343794,0.0039937217,0.006209187,0.05226979,0.020432943,0.005886159,1.9273539e-05,0.29630077,0.009599048,0.003895552,0.18270056,0.029609002,0.0021402906,0.0069705877
6254,0.40026867,0.20256864,0.0050386875,0.00010827316,0.09823936,0.004441977,0.00011198458,0.022395285,0.024360998,0.121935055,2.505415e-06,0.00014844163,0.79591095,0.00059374265,0.00060672825,0.032304835,3.279862e-07,0.0069330153,0.88987166,0.00028068983,0.00013110066,0.32340884,4.2866504e-05,1.1402777e-05
6256,0.096286066,0.059605263,0.010635438,0.056666356,0.3761709,0.20587444,0.07608524,0.5737228,0.0531245,0.046322774,0.00775386,0.022637494,0.12594853,0.054347813,0.014443338,0.08693742,0.0006728288,0.11014547,0.081300855,0.0149604315,0.055809617,0.23652743,0.011252108,0.019122636
6257,0.3244884,0.045999378,0.0027595009,0.008198969,0.74830544,0.46395838,0.002356125,0.34363118,0.05330912,0.0116429,0.005104195,0.0021394568,0.022787785,0.026754992,0.013062385,0.046931073,5.2754545e-05,0.12815723,0.03432942,0.005782678,0.22179696,0.26408643,0.00177759,0.0048730173
6262,0.048083834,0.1879758,0.062240187,0.0011417908,0.6225221,0.021899043,4.235064e-05,0.1725985,0.31064886,0.48552024,0.0002508929,0.0007605822,0.26512313,0.007140138,0.023539457,0.032782983,9.092676e-07,0.18918082,0.07624767,0.008195433,0.0007048026,0.07522655,0.00011535302,0.0013409237
6265,0.6093261,0.20974061,0.008197457,0.010328661,0.26229283,0.24423602,0.009007075,0.36698955,0.029637285,0.044741258,0.0034589807,0.011803673,0.15974768,0.0045580906,0.003885431,0.113150805,0.00017712763,0.06405362,0.44432622,0.0053688977,0.018828698,0.56562054,0.024210662,0.005781338
6267,0.34287196,0.512185,0.017405085,0.019733332,0.13108844,0.050826848,0.00049393985,0.6508683,0.07818598,0.18514629,0.0053639757,0.07841946,0.039935283,0.001983037,0.009807419,0.035210386,3.266876e-05,0.22186592,0.03898085,0.0035236308,0.0014744744,0.16578789,0.07743525,0.16066195
6268,0.21935691,0.08284225,0.0020601174,0.019820575,0.34204566,0.384419,0.002659711,0.681612,0.022815268,0.019109882,0.016027402,0.012417281,0.032895308,0.006816932,0.0063194227,0.06780449,7.735296e-05,0.13428566,0.020975271,0.004065745,0.015392029,0.31522888,0.010972376,0.042931583
6269,0.3875237,0.09249505,0.005139938,0.004439146,0.59107757,0.45328707,0.0010902195,0.3365951,0.052403357,0.04787792,0.008165357,0.0019836465,0.17896466,0.008748026,0.0086593265,0.13707787,4.408872e-05,0.09914405,0.11006305,0.007124524,0.018326867,0.48219407,0.0025757651,0.0056815445
6272,0.08526803,0.040638193,0.0033090739,0.0069574574,0.7834786,0.26236197,0.00057154306,0.3718125,0.06680042,0.034549948,0.0064086225,0.0015247414,0.030116469,0.025690159,0.021889316,0.052481253,1.2631243e-05,0.25955936,0.01500657,0.008112966,0.027952015,0.15426785,0.00051291037,0.004141983
6274,0.6598316,0.10419628,0.0013700384,0.0029763894,0.34148815,0.6277746,0.0003839717,0.35669765,0.012601461,0.025335502,0.011011946,0.002519099,0.10300059,0.0013515649,0.0029382035,0.1668955,2.2723461e-05,0.06785175,0.10912919,0.0024779215,0.0024410991,0.7226052,0.003677104,0.0065829107
6276,0.8416469,0.6453897,0.009120882,0.002332683,0.030081593,0.010051141,0.0018577361,0.10609184,0.012450444,0.10518585,5.4221433e-05,0.02437193,0.1588894,0.00029339409,0.00071442086,0.040284976,2.7923943e-05,0.020453991,0.86527264,0.0009851218,0.00024813734,0.4836873,0.037292797,0.0007950902
6278,0.028963622,0.02480478,0.0013824628,0.00990192,0.7094716,0.13759978,0.00032499686,0.55413353,0.02520189,0.021334542,0.0066215773,0.003503868,0.0076131904,0.018638557,0.02217956,0.033624,5.9756826e-06,0.46844628,0.0063521657,0.0040330947,0.006326952,0.09174817,0.0012765002,0.002755209
6279,0.05169169,0.015472551,0.0006938272,0.0017043928,0.111692205,0.2256528,0.00018733868,0.2283907,0.005491735,0.08301314,0.0044868696,0.0006357037,0.8745159,0.0019605553,0.0020142097,0.4684103,4.4951553e-06,0.037788056,0.07421701,0.0014845217,1.6433167e-05,0.72673124,0.00012237046,0.0002836642
6283,0.57141304,0.73138404,0.10127998,0.0047568744,0.27395666,0.047018763,0.00027847607,0.24009301,0.21844918,0.47778282,0.0010053033,0.025484981,0.07434209,0.0020046665,0.017127696,0.039624553,1.789886e-05,0.13257213,0.17110234,0.009160199,0.0008588555,0.17609636,0.016549667,0.051351506
6284,0.09786592,0.055232935,0.009021404,0.022959199,0.7436527,0.18650062,0.010444377,0.4061867,0.09216194,0.026135512,0.0037893886,0.0053834575,0.016573781,0.06836768,0.030624157,0.026865607,9.668435e-05,0.20045695,0.023469595,0.015032058,0.18314636,0.09509778,0.002243457,0.009973589
6285,0.49423262,0.56324404,0.0890087,0.005842329,0.3952193,0.046534605,0.001176497,0.24046269,0.24709488,0.36152774,0.0008830117,0.013735335,0.17158207,0.0063028676,0.019903487,0.05017621,4.063676e-05,0.13761422,0.36575487,0.010727377,0.0072368295,0.20820026,0.014261252,0.012399417
6287,0.008951121,0.027075982,0.0130131,0.0049087326,0.8389401,0.031663574,0.0005348662,0.25800774,0.10437456,0.1061523,0.00071520556,0.0009352633,0.03028701,0.04200722,0.04261892,0.019140033,4.337519e-06,0.4092389,0.01469097,0.018148754,0.004331569,0.03620467,9.828011e-05,0.0005653015
6288,0.109042846,0.036521606,0.00085642026,0.012590596,0.45661286,0.29879907,0.0011057293,0.70027995,0.011440295,0.023525264,0.015020949,0.0063770404,0.027472263,0.0038083093,0.004985514,0.10904558,2.3083607e-05,0.29756945,0.047025952,0.0024654875,0.0043596346,0.4081498,0.006498901,0.0029284568
6293,0.28812367,0.07260656,0.0021758054,0.053281166,0.078734435,0.12273797,0.19162896,0.49246874,0.0026782805,0.007621978,0.0025607918,0.09869041,0.053353395,0.0042893603,0.0014291874,0.12140198,0.0016415726,0.049994513,0.3087182,0.004673102,0.0039925454,0.4816941,0.16466494,0.0013116073
6294,0.08277821,0.09381547,0.010771135,0.008411931,0.1878513,0.070395,0.0020396896,0.40649194,0.052503154,0.25173384,0.0038002622,0.006287953,0.72378135,0.0057020895,0.007064969,0.22722292,3.391587e-05,0.09437777,0.1741274,0.005295165,0.00046988553,0.42734888,0.0035289943,0.0029828858
6295,0.4700098,0.3186613,0.0039226,0.010538108,0.1790325,0.22898173,0.0003720703,0.5948564,0.027700149,0.06403101,0.011173068,0.021646297,0.05551115,0.0013695537,0.0050541996,0.052782554,2.6031725e-05,0.12108848,0.028309567,0.002602047,0.0017998026,0.36663568,0.023684487,0.17808141
6299,0.023183074,0.012952043,0.000437899,0.0030669228,0.74785316,0.11456641,6.7255656e-05,0.52696896,0.015912035,0.022010455,0.0024718211,0.00076410704,0.012035481,0.0073170722,0.008782682,0.027937204,7.8959374e-07,0.45684254,0.009485493,0.0016755539,0.0021739737,0.11603738,0.00022506651,0.0006514775
6303,0.046289712,0.11047057,0.023580905,0.011873972,0.6873911,0.07127756,0.00064094533,0.4889604,0.15437791,0.16589046,0.0046224566,0.0071944483,0.03290033,0.02488445,0.043802112,0.04769593,1.6677563e-05,0.46143508,0.032444257,0.014035714,0.008976618,0.07866616,0.0029148061,0.005097311
6304,0.29011542,0.0972088,0.0014719674,0.020257369,0.19904862,0.400737,0.0022310545,0.7147399,0.013873926,0.024460701,0.023705127,0.015769796,0.061116554,0.003484272,0.0041691572,0.09862162,8.2092934e-05,0.12152116,0.030108064,0.0027370201,0.00541294,0.46345985,0.014197757,0.054863147
6305,0.74160635,0.48195666,0.011975866,0.0031325298,0.10414757,0.036953144,0.0025304423,0.15706824,0.026982153,0.106169105,0.00023902436,0.010603406,0.2374509,0.0011212443,0.0018591931,0.057999697,4.0651492e-05,0.031290207,0.7809739,0.0019237504,0.0017120047,0.49349028,0.01601086,0.0016970274
6313,0.0006452775,0.0011781382,0.0003419081,4.3755106e-05,0.02378662,0.0029755335,1.965056e-05,0.008824357,0.0019274399,0.166268,3.6457702e-06,5.813973e-06,0.99923044,0.0009162264,0.00025730827,0.33618012,3.2000113e-08,0.0015998877,0.14152516,0.00037038204,2.2611768e-08,0.54802,2.6916029e-08,2.0380028e-07
6316,0.0014983525,0.0029379788,0.00036162147,0.0044458713,0.8857208,0.0116027435,3.4158893e-05,0.37151185,0.012780076,0.008086326,0.00057119346,0.00039237004,0.0005082299,0.056634936,0.05343642,0.0038859844,2.420657e-07,0.79889464,0.000767084,0.0016663077,0.0028311957,0.008684561,7.124487e-05,4.252162e-05
6317,0.06492902,0.04390728,0.00086863455,0.040455304,0.23506355,0.19652791,0.002883995,0.8539914,0.015759513,0.013287558,0.015191696,0.021387493,0.019095989,0.008463287,0.004980188,0.041580357,6.747619e-05,0.20678002,0.008967278,0.0015046378,0.01607948,0.1606284,0.015493622,0.037204545
6318,0.42871296,0.3635711,0.034557957,0.0062447526,0.54876447,0.17944893,0.0008045902,0.29707733,0.1556812,0.18159595,0.003407656,0.009298906,0.122147195,0.0081913415,0.019290011,0.06598349,3.7295555e-05,0.14670324,0.13559274,0.011545714,0.010503558,0.27253297,0.009673486,0.031001039
6320,0.29444787,0.14906059,0.008185811,0.018106323,0.46410498,0.19820066,0.0060209134,0.56134766,0.06492395,0.065294944,0.006290027,0.011868048,0.13951658,0.012718575,0.009613968,0.07473987,0.00011515431,0.1610363,0.18126686,0.006467931,0.045103412,0.3488186,0.021525513,0.018029567
6327,0.007537101,0.0112405075,0.0012201285,0.016081432,0.112793334,0.15980396,0.0007931688,0.6752056,0.01135908,0.1818362,0.04397074,0.004566493,0.6434685,0.0073368824,0.0071431375,0.49265033,2.5812378e-05,0.1875002,0.018183207,0.0025269245,3.5072986e-05,0.46667796,0.00041911975,0.0022891804
6331,0.622229,0.01836603,6.9194175e-05,0.0018429243,0.21397512,0.86202335,0.0001456441,0.44700348,0.0012969814,0.0037469869,0.021572415,0.0008139845,0.0342331,0.00043785202,0.00075485336,0.2539177,6.694095e-06,0.047681253,0.022729086,0.00070732273,0.0003341566,0.83649313,0.00052266597,0.0013080408
6337,0.12482131,0.08430212,0.0122233685,0.012929457,0.50160086,0.20619343,0.0038324036,0.4487863,0.075810015,0.123709135,0.010177044,0.005836123,0.38833505,0.020324487,0.016338581,0.18371998,8.790772e-05,0.17271836,0.14347948,0.011247882,0.012492675,0.39204213,0.0055688736,0.00555776
6342,0.7030728,0.500888,0.014071378,0.008368142,0.14767341,0.06651889,0.0028111758,0.33727562,0.032684475,0.110215545,0.0013230112,0.03491474,0.14192252,0.0014307956,0.0033182506,0.06676407,7.510175e-05,0.081929214,0.53627145,0.0033705102,0.0033461666,0.48502663,0.11000956,0.011287883
6344,0.612507,0.25934234,0.0037476667,0.017333735,0.14365955,0.2591811,0.004854717,0.5854305,0.013649926,0.029226093,0.007577044,0.03248029,0.07148079,0.0016523341,0.0026221434,0.09128546,0.00013835404,0.08248551,0.16099003,0.0032011578,0.00536622,0.57245564,0.09024062,0.029247226
6352,0.016353508,0.012910259,0.0014430481,0.015426602,0.5491232,0.0898535,0.0029211645,0.6490228,0.021610783,0.055286117,0.0054110917,0.0026580698,0.12771478,0.016888648,0.007905765,0.08965934,1.4798616e-05,0.31522042,0.058976922,0.003460574,0.0038115017,0.21699017,0.001357161,0.0007382112
6353,0.014686581,0.009792413,0.0005041173,0.01736238,0.5325501,0.08628099,0.0012841622,0.73675966,0.009729854,0.01864426,0.0067327684,0.004171118,0.017977763,0.013874264,0.009041313,0.051706966,1.0269918e-05,0.47143263,0.01928179,0.001699455,0.0038871788,0.15311076,0.0032560518,0.0006480477
6354,0.31740618,0.15490846,0.02056414,0.019941203,0.6739225,0.21614341,0.009926827,0.38555154,0.15887204,0.04813537,0.0030632014,0.00769339,0.06286152,0.040548384,0.020589149,0.03798241,0.0001812041,0.12929773,0.110795945,0.011910797,0.35050356,0.18784218,0.009587326,0.016733957
6356,0.25340176,0.062929265,0.0004821782,0.08926027,0.037123665,0.09393145,0.12513627,0.7341405,0.0006432674,0.0014483646,0.0040951287,0.24770264,0.00791696,0.001250169,0.00079454295,0.06162906,0.0015427103,0.08558483,0.0646177,0.0015552848,0.0017586881,0.37283823,0.6609416,0.0017059505
6359,0.18348324,0.035405703,0.0008438744,0.0047513,0.43481985,0.4292316,0.00030732964,0.46229053,0.012386532,0.03411593,0.01897942,0.0019816626,0.14742474,0.0043597626,0.0064779557,0.23804027,1.204624e-05,0.1962249,0.045752257,0.0026877492,0.0015279177,0.58407456,0.0015944828,0.00203519
6361,0.5574343,0.38451067,0.0036661567,0.03831795,0.059556395,0.048409536,0.008969923,0.6512397,0.007946538,0.012150655,0.0026825967,0.19575559,0.016622778,0.0009989634,0.0021117434,0.0325081,0.0003044661,0.10753043,0.07715871,0.0021262132,0.0039504115,0.31450698,0.716766,0.017463114
6362,0.022582285,0.030745553,0.0037253208,0.03416968,0.4486122,0.08142373,0.0043176925,0.74608743,0.045832463,0.062174592,0.0087563535,0.009472309,0.08395515,0.034879968,0.01564553,0.06768577,5.513899e-05,0.33630577,0.033639155,0.0048148953,0.014695118,0.13574935,0.006024887,0.0050170184
6368,0.11542147,0.09045239,0.008880544,0.016733369,0.5366454,0.20215817,0.002491636,0.5745957,0.074169904,0.094268344,0.010950587,0.008760538,0.12927796,0.016856771,0.016358418,0.112266675,5.834955e-05,0.24008128,0.06701019,0.009550338,0.014578831,0.26728645,0.0076148733,0.011317789
6370,0.0011526763,0.0015944495,0.00015833444,0.0009783253,0.90699226,0.014047146,5.5361274e-06,0.3254138,0.009217401,0.017079208,0.00038154464,7.2091425e-05,0.0038412097,0.015877979,0.017878328,0.007127183,3.6624964e-08,0.7643186,0.0024456286,0.000839008,0.00042099677,0.02100674,9.603335e-06,7.4076415e-06
6371,0.26295367,0.2337691,0.02608593,0.0054153074,0.28159627,0.043590624,0.0034391966,0.26611915,0.10303965,0.21831828,0.00069049443,0.005366067,0.49002188,0.0065376344,0.0077267336,0.08805853,3.4133463e-05,0.07091445,0.46393594,0.0061785323,0.003668465,0.31599352,0.00467032,0.0024195784
6374,0.17796013,0.17330636,0.01705493,0.056426663,0.34764594,0.09424956,0.027987855,0.63920933,0.056972392,0.0455373,0.0071335225,0.058232035,0.021610139,0.015091526,0.015500599,0.04936577,0.0004834086,0.21883062,0.057781763,0.015044458,0.0276804,0.15230766,0.105600126,0.017542398
6376,0.019622497,0.023140099,0.0007930759,0.0399545,0.3309083,0.06994311,0.0014148604,0.8471054,0.011895328,0.016593955,0.012217947,0.019966312,0.0094382195,0.013834666,0.012054047,0.036071952,3.0750427e-05,0.49735203,0.008347595,0.0016676758,0.0062204287,0.09996549,0.018963473,0.0049988613
6381,0.060623035,0.03880211,0.0017948962,0.00035412158,0.041056056,0.016843066,0.00017018823,0.0587807,0.008000689,0.15306583,6.11224e-05,0.00025009946,0.96208286,0.0005920739,0.00057536963,0.20452768,9.170889e-07,0.0066882586,0.39032492,0.0005924815,4.02767e-06,0.55594814,3.1509844e-05,3.266047e-05
6396,0.08697439,0.029094718,0.0015241237,0.009971677,0.5607319,0.32592827,0.0013626544,0.5532954,0.028265769,0.029725911,0.010365511,0.0024876168,0.0755096,0.013016568,0.008215519,0.09501068,1.9926076e-05,0.16853471,0.023350194,0.0047922665,0.008619369,0.28381753,0.0010634986,0.005438633
6397,0.0046686553,0.0082690865,0.0014915599,0.0068273973,0.71697676,0.029416025,0.00037733905,0.5459019,0.0287845,0.066818826,0.001466858,0.0008585053,0.058517743,0.020863995,0.012444419,0.032220155,1.8944097e-06,0.4867155,0.024803365,0.0028510035,0.0019296603,0.07627483,0.0002319981,0.0001740232
6401,0.014013242,0.012686301,0.0015869455,0.08492613,0.4134006,0.08427855,0.018100465,0.7746822,0.019973053,0.009162931,0.0077817882,0.017408421,0.005859772,0.12154918,0.030893687,0.023738343,0.00016802002,0.34969556,0.005889078,0.0043144934,0.07261621,0.053200804,0.008107116,0.0051851613
6402,0.099507175,0.020408642,0.00034564736,0.0114401225,0.33465108,0.40265375,0.00082344376,0.69157946,0.00536203,0.018560221,0.031452615,0.0042481334,0.06738092,0.0032679292,0.0038069729,0.2187298,1.9356283e-05,0.24905297,0.03523686,0.0016525215,0.0013571675,0.5687227,0.0035450459,0.0019579644
6404,0.06398326,0.030347273,0.0020155867,0.020704808,0.23281546,0.22503069,0.007801614,0.6212493,0.013963002,0.07055018,0.012709309,0.007723137,0.44043693,0.007712671,0.0039716773,0.2826777,9.006173e-05,0.122428715,0.13837466,0.003927488,0.0013277044,0.54070425,0.0043173125,0.0026745205
6406,0.028932322,0.07570351,0.01586557,0.010705615,0.71276456,0.059735905,0.00031488438,0.4670375,0.11845585,0.14410056,0.005446898,0.0059500486,0.030534927,0.029751478,0.053954802,0.05036988,1.0143101e-05,0.55789506,0.020591216,0.011791593,0.005652638,0.07179179,0.0025189922,0.002726914
6410,0.8462357,0.10372471,0.00034731123,0.0032932984,0.05487972,0.6186451,0.0011641623,0.34560785,0.0011696769,0.005524198,0.004118766,0.0059770397,0.033030532,0.00018084784,0.0003292566,0.12279329,3.0080657e-05,0.016294274,0.1590613,0.00066437206,0.00034710512,0.8334276,0.0063242456,0.003568033
6411,0.22129044,0.18372448,0.027233493,0.0070180222,0.7648505,0.19203602,0.001176027,0.30707562,0.18783772,0.1116289,0.0031694374,0.0043467195,0.07701673,0.022663092,0.027419904,0.045635473,3.5558794e-05,0.19843067,0.08237377,0.015628202,0.046159077,0.17530587,0.0034685533,0.014847299
6413,0.038043704,0.014714712,0.0005760459,0.0096001765,0.66426015,0.17644325,0.0005661165,0.59097385,0.015609526,0.013994352,0.007050823,0.002176229,0.022022448,0.016466737,0.010505813,0.047233533,7.401519e-06,0.34932834,0.010807284,0.0026425754,0.009377854,0.16952287,0.0016895833,0.0016235374
6416,0.2490221,0.5717654,0.0598588,0.038970876,0.24704711,0.032833368,0.001261425,0.59607404,0.17443195,0.18738437,0.004728892,0.130506,0.014825902,0.0078108986,0.034471128,0.025794882,9.043515e-05,0.35419413,0.02886326,0.011492598,0.008150141,0.06938582,0.13687934,0.09367148
6417,0.119947925,0.17014375,0.021308392,0.068977304,0.29031536,0.07527416,0.015869651,0.72163963,0.09343725,0.124416776,0.012394473,0.061794035,0.10246889,0.027186599,0.024516921,0.091918305,0.0004895481,0.2925441,0.10652251,0.011612711,0.02745282,0.19140941,0.093050376,0.02264357
6420,0.34107494,0.022561485,0.00031630785,0.01187824,0.28769168,0.7315624,0.0021282264,0.60971165,0.0038126823,0.007243643,0.04178518,0.0053652553,0.0386851,0.0038204857,0.0036747428,0.25166944,6.795786e-05,0.12000491,0.02678365,0.0025295422,0.0034531604,0.69361174,0.00366534,0.00411128
6430,0.052596852,0.20685416,0.14241298,0.023681257,0.59728754,0.05221023,0.0052021085,0.35126826,0.33177173,0.33990875,0.0041820686,0.015671179,0.13319841,0.055303935,0.07992031,0.07434318,0.0001528715,0.2805272,0.06166569,0.056947004,0.012408788,0.08322507,0.0048168516,0.010493107
6439,0.85787743,0.5312177,0.0026188106,0.0032132172,0.030700874,0.049913477,0.0013153473,0.1980718,0.003504802,0.032717634,0.0003248782,0.031414352,0.08467452,0.00012183303,0.0003705632,0.06383114,2.9042532e-05,0.022729503,0.6837431,0.0006947923,0.00017917913,0.6945535,0.08490763,0.0018941244
6441,0.04541583,0.035221156,0.0020531532,0.024634846,0.2800421,0.20508984,0.002252311,0.73914444,0.021592312,0.0783247,0.026267273,0.010125149,0.1564999,0.009229527,0.008814686,0.20905848,5.2665026e-05,0.2702182,0.043666895,0.0035212946,0.0021329995,0.38083798,0.0047700764,0.00616297
6445,0.21117172,0.018901322,0.00026556707,0.009274574,0.51967883,0.53348947,0.00083817216,0.632975,0.0073025636,0.0044535794,0.014327721,0.0025251533,0.0082293935,0.0059434413,0.0042529325,0.07097223,1.8164223e-05,0.18770163,0.013952528,0.0016348484,0.022119168,0.40103996,0.0022294403,0.0028838264
6446,0.06606286,0.033319455,0.0029757442,0.028066825,0.46427494,0.20976792,0.009504611,0.686458,0.025677368,0.055909812,0.015845653,0.009177332,0.12272738,0.018304132,0.010747738,0.15928143,0.00011632129,0.28304547,0.11542196,0.0066937227,0.010408994,0.36750028,0.0081114825,0.003037629
6450,0.009395957,0.02099473,0.0010886462,0.008857939,0.558261,0.03334406,0.00014003809,0.72155964,0.027028171,0.04311741,0.0017506484,0.0030006606,0.014832882,0.00768252,0.00775735,0.017523276,1.2895865e-06,0.47257644,0.00834165,0.0012791296,0.0018254425,0.05167672,0.0010146749,0.001536569
6456,0.0419541,0.022494152,0.0014582577,0.011873143,0.53433377,0.21705392,0.00059492653,0.5795399,0.01802556,0.05068262,0.025316281,0.0047364,0.090321265,0.014876677,0.020158267,0.2107333,1.854934e-05,0.4581858,0.03483573,0.00400338,0.0024318092,0.35697448,0.0029652459,0.0012655902
6457,0.5283563,0.33409044,0.0065406025,0.024875654,0.18478948,0.15400942,0.0039416123,0.60062534,0.020760989,0.023741968,0.008479311,0.06971324,0.027906012,0.002005716,0.005531837,0.061207596,0.00016089126,0.14679542,0.06592146,0.004516352,0.0072093033,0.40375352,0.3278537,0.03255363
6465,0.6944057,0.31207952,0.004544166,0.016014239,0.11311498,0.123735026,0.011376432,0.41086376,0.0076337564,0.01968051,0.0024269372,0.057730176,0.05002377,0.0010592327,0.0017317266,0.08394477,0.00028424707,0.07169763,0.41378522,0.0031790105,0.0036631098,0.58733666,0.24091403,0.004013172
6467,0.0035820024,0.007215022,0.00056427735,0.0030830943,0.70481896,0.025388084,3.4751367e-05,0.6188084,0.018705182,0.06611663,0.0010785398,0.0005621773,0.021719236,0.0073160464,0.0077462075,0.024860607,2.1043027e-07,0.612895,0.015016759,0.0008525487,0.00045082712,0.061255194,0.00010032789,0.00010275937
6468,0.031534493,0.0073923594,3.813186e-05,0.011696538,0.31479695,0.27092034,0.00013058475,0.84693205,0.0015367711,0.0032364014,0.025024286,0.0037997062,0.004017686,0.00206204,0.0027903111,0.061489787,3.2218495e-06,0.4372615,0.0038611894,0.00031122498,0.0011699041,0.3026151,0.0025457784,0.0013760456
6469,0.04141725,0.0064042243,0.00028546678,0.014414764,0.27367982,0.5845915,0.0015526606,0.5784352,0.0032669785,0.02232434,0.09697725,0.0039050868,0.19925332,0.008785692,0.007612481,0.5458747,7.295834e-05,0.21002032,0.024432719,0.0029693043,0.00036452198,0.6886393,0.0010704027,0.0007865255
6471,0.3637245,0.041866485,0.0004912696,0.013088956,0.14812222,0.61834824,0.0025750792,0.6424229,0.0026183948,0.013247568,0.03816231,0.011272083,0.06341228,0.0012800365,0.0020770251,0.33355042,8.948159e-05,0.12003718,0.09090771,0.0020334967,0.00087422726,0.7929511,0.012178198,0.002971199
6477,0.09005458,0.029842276,0.0051381974,0.07101952,0.25838906,0.14736018,0.34591907,0.5215243,0.013911343,0.0098016085,0.0022955404,0.035697933,0.024920959,0.036561705,0.005513246,0.04894852,0.001557172,0.06296811,0.078568414,0.011136534,0.04456756,0.18401587,0.022145301,0.003169472
6484,0.0028094666,0.00897923,0.0007246041,0.02282225,0.4014917,0.013851417,0.0007813032,0.829316,0.020860884,0.02740756,0.0011581534,0.0042425576,0.015796041,0.01770912,0.006406974,0.011524499,3.3111337e-06,0.4188219,0.0054362267,0.00085347646,0.0023285742,0.024177453,0.0014990589,0.00094617734
6488,0.03637166,0.050113823,0.014553096,0.0098625375,0.78933805,0.09396055,0.0022124606,0.32999244,0.11059126,0.09304406,0.002653254,0.0024112598,0.06571802,0.043523706,0.03376753,0.043315098,2.8600081e-05,0.29900256,0.043377813,0.017806306,0.020388918,0.101953894,0.00074193714,0.0021248388
6490,0.4446728,0.09687563,0.00354496,0.0049006017,0.52877605,0.4576726,0.0011577476,0.41210908,0.038676966,0.04080845,0.006849694,0.0027262904,0.12216584,0.0056571933,0.005648065,0.11261866,3.6094156e-05,0.10204861,0.13433011,0.004661778,0.016381705,0.508939,0.0033274954,0.00653466
6493,0.09331639,0.0967178,0.0037534768,0.08062835,0.13031968,0.09946039,0.021160787,0.7722187,0.017443964,0.029193169,0.014175705,0.10163336,0.088815995,0.013205783,0.008008876,0.07721414,0.0006206024,0.16875021,0.03433581,0.0041454565,0.0081954375,0.22348085,0.15047368,0.043574214
6506,0.005154596,0.023754034,0.004755378,0.07920316,0.45633897,0.011427532,0.004807414,0.7535119,0.04345578,0.022390984,0.0023512645,0.021276865,0.0029589776,0.13646314,0.061486084,0.00826859,4.761649e-05,0.5687989,0.00305557,0.0049473546,0.023374565,0.011684093,0.011620106,0.0032580672
6509,0.013709353,0.03550323,0.01687952,0.077098146,0.452699,0.026802907,0.07792905,0.5916008,0.07758652,0.06026436,0.001814007,0.018550249,0.035494443,0.11746521,0.029674603,0.024503823,0.00028907348,0.22371976,0.03528428,0.017048225,0.03261197,0.04541631,0.007104308,0.0041868775
6511,0.18764299,0.02010619,0.0004344111,0.0041801534,0.23900378,0.6500426,0.0003826239,0.41272813,0.00457712,0.028722292,0.03991818,0.0017002488,0.26742876,0.0021572392,0.0037111316,0.47474855,2.187047e-05,0.10155927,0.036522884,0.002548285,0.00017330122,0.7732074,0.0006933424,0.0014262309
6514,0.040737625,0.051507052,0.014034281,0.080702595,0.30519077,0.12591001,0.0719967,0.65595686,0.060898934,0.091518275,0.012904457,0.036836807,0.16533643,0.055576593,0.0210016,0.12789582,0.0010633607,0.17100528,0.07096597,0.01858298,0.016822666,0.20280442,0.015902085,0.013927012
6516,0.044745013,0.01874134,0.0009416658,0.01770153,0.34602198,0.24453998,0.0023970066,0.67754674,0.012968768,0.04773446,0.021130333,0.0049871253,0.25040507,0.010116823,0.006358923,0.2494605,3.7382546e-05,0.23431407,0.06531513,0.002721996,0.0023350304,0.4804096,0.0032379092,0.001859971
6519,0.027372792,0.011332112,0.0003770367,0.006684126,0.49573293,0.13465072,0.0003738311,0.6722711,0.010626516,0.037721932,0.0055641336,0.0013216963,0.08975242,0.0063371314,0.0042739124,0.10076382,3.2653538e-06,0.3410703,0.053077217,0.0009833055,0.0015796684,0.31927267,0.00069123635,0.00044362486
6525,0.18690579,0.10901825,0.008614712,0.016544973,0.13043709,0.05562575,0.052891992,0.27610832,0.017188061,0.058739528,0.0008977781,0.015752142,0.49873146,0.0066315,0.0025784678,0.14860556,0.00030555134,0.031171732,0.51905584,0.007161819,0.0021200578,0.4353485,0.011401273,0.0010606367
6527,0.15056022,0.05901189,0.0038419908,0.020077316,0.5583214,0.1405759,0.017382886,0.54466367,0.020551294,0.019382581,0.003923185,0.011746565,0.027189896,0.012039853,0.008277992,0.055167202,0.00011184042,0.23550397,0.110527836,0.006286731,0.031517714,0.26401684,0.032667812,0.0022126683
6528,0.021410199,0.012804567,0.0017544156,0.0024370968,0.28281552,0.17909583,0.00027932273,0.22079703,0.015538862,0.11540491,0.0069753462,0.00060509855,0.85747135,0.00806808,0.007416313,0.41399485,7.392997e-06,0.081219636,0.04723776,0.0043005063,7.5152835e-05,0.57576615,0.00010691763,0.00029774464
6530,0.32336527,0.036420345,0.0005267893,0.013031923,0.25229168,0.61069435,0.0023795925,0.61456,0.004515602,0.011346759,0.034097534,0.007893706,0.0655447,0.003109063,0.0035491365,0.23076142,7.234176e-05,0.12593028,0.040059272,0.0025735865,0.0024803474,0.6886042,0.0074411742,0.0054917946
6538,0.021023944,0.023321062,0.0021441581,0.012755734,0.6986129,0.108149715,0.00035379545,0.51471686,0.02586276,0.028136801,0.010534986,0.00591798,0.009327532,0.02860566,0.044634484,0.052076552,8.201155e-06,0.5900862,0.0056744698,0.0059794234,0.0033810616,0.09083565,0.0024784766,0.0017271666
6540,0.029081352,0.047400758,0.009467402,0.02020584,0.54951334,0.062426724,0.003994522,0.63977146,0.08352281,0.12607133,0.0034559004,0.005859934,0.11811197,0.024501257,0.014183189,0.057766043,3.1972144e-05,0.29538992,0.08231952,0.0069525437,0.012094271,0.13324946,0.002863204,0.0030273444
6541,0.0070050154,0.006045969,0.0009055803,0.0076760165,0.38125697,0.117218025,0.0006591506,0.5097525,0.0122586815,0.09610334,0.011939028,0.0009990432,0.65822506,0.0137148155,0.0072881463,0.31545666,8.353492e-06,0.23238797,0.047093064,0.0029165917,0.00024072136,0.43594784,0.00027193982,0.00022731868
6542,0.029043676,0.012048357,0.0007782095,0.005294437,0.8109568,0.13361676,0.0003397062,0.4182348,0.019265138,0.015761968,0.0037846218,0.0011171134,0.014236265,0.023611275,0.018257935,0.034136068,4.675171e-06,0.45548478,0.011931618,0.0034101738,0.008850843,0.11868618,0.0005967931,0.0004926562
6544,0.523927,0.06500315,0.0013319905,0.007906873,0.50692236,0.6818549,0.0014405671,0.43580982,0.014573995,0.008482197,0.0144476285,0.004736423,0.017980987,0.004243148,0.005250293,0.10191666,5.5639146e-05,0.09315959,0.028229488,0.004283804,0.018574987,0.5409171,0.005646247,0.009833397
6546,0.005693496,0.013445661,0.0014347101,0.0029288563,0.8269593,0.022131538,4.206855e-05,0.4765924,0.033326622,0.04788072,0.0005214767,0.0007316952,0.004674154,0.0106675085,0.016280873,0.008554703,2.9877555e-07,0.63204074,0.00794626,0.0023571767,0.0012688871,0.026435763,0.000122004145,0.00019745764
6548,0.21838126,0.33685178,0.088701494,0.014421485,0.7241933,0.15505768,0.0024037424,0.28077707,0.30996594,0.17752226,0.0039640055,0.012022061,0.037836924,0.0328678,0.050976418,0.039128907,8.365879e-05,0.19574262,0.049827136,0.035134222,0.039592564,0.09789358,0.005658256,0.046036858
6549,0.043619454,0.011811189,0.00060700846,0.018442798,0.21466693,0.3992499,0.0031437804,0.6332294,0.0056407535,0.044054326,0.044706855,0.00555645,0.3365615,0.0070600603,0.00499663,0.45455605,8.621825e-05,0.16746087,0.06359089,0.0030122749,0.00045216604,0.6553347,0.002004635,0.0012558302
6552,0.524441,0.24260555,0.0037877436,0.0192131,0.14676595,0.25136396,0.003616972,0.64894485,0.015190147,0.05123564,0.014251622,0.03356729,0.079572394,0.0015110292,0.0035883696,0.13351063,0.00012284947,0.13756394,0.17028148,0.0034541732,0.0028099206,0.5973073,0.07130613,0.026301889
6555,0.40275764,0.018181704,0.00026242115,0.034225166,0.09839328,0.81257653,0.043616183,0.67591214,0.001147553,0.0016499753,0.03147656,0.02313592,0.013829015,0.003218339,0.0011665501,0.1701733,0.000586561,0.039346352,0.019449523,0.00263214,0.0044628913,0.6832087,0.011417085,0.01086135
6563,0.12955382,0.03035898,0.0031631554,0.004174421,0.41284457,0.6244261,0.0009685373,0.1989562,0.019160902,0.060182024,0.03414254,0.0019148636,0.42246202,0.010417994,0.01647835,0.5053724,8.77624e-05,0.09024555,0.029328061,0.012911936,0.00052883633,0.6316234,0.0003903481,0.0026427712
6564,0.00071679475,0.0015176856,6.2703024e-05,0.019505901,0.43604788,0.00833529,0.00046694485,0.863001,0.0072177486,0.0031873246,0.00027623793,0.0009829589,0.0016033998,0.02755786,0.0034147075,0.0017567554,8.294814e-07,0.3614892,0.00064856495,0.000162379,0.009271682,0.0068340027,0.00015455455,0.00036733085
6565,0.04987165,0.09108638,0.023929564,0.010704529,0.3687845,0.08471534,0.00203836,0.41536507,0.0997168,0.28396466,0.0066308933,0.006729099,0.51316625,0.015506275,0.021058138,0.2024803,5.373525e-05,0.19190912,0.123165555,0.012423708,0.0016301817,0.2894258,0.0027338918,0.0031865006
6566,0.021052308,0.009968137,0.0060788593,0.05244142,0.48413837,0.10614534,0.38374925,0.27032498,0.020810539,0.0073280837,0.0008122319,0.009749726,0.011629436,0.17446439,0.018542266,0.021310277,0.00070936076,0.053680804,0.013449225,0.025800886,0.07369774,0.06846313,0.0008889522,0.0021473884
6570,0.58376044,0.44710708,0.02823083,0.009037229,0.33092466,0.1320205,0.0015868804,0.37435803,0.100971125,0.19139631,0.0036270614,0.019803831,0.15542431,0.005049239,0.011768035,0.07916598,6.754797e-05,0.13997106,0.2971217,0.0072438857,0.008871082,0.3973025,0.039423447,0.03251624
6573,0.16154107,0.5476096,0.26434094,0.009192502,0.41649866,0.011746998,0.0013857569,0.23702079,0.5122294,0.5633544,0.00047854445,0.016490556,0.103369616,0.014247832,0.057013907,0.0381275,3.5074827e-05,0.20484217,0.15461017,0.028253833,0.0037021367,0.053197436,0.0057479,0.005613994
6574,0.00093223364,0.0039447905,0.00037654527,0.007526932,0.7695423,0.006923884,1.4835822e-05,0.58734906,0.01109946,0.01125613,0.0011603023,0.0013757658,0.0002841319,0.04248829,0.064176545,0.004015031,1.9288929e-07,0.8875343,0.0004551167,0.0010475866,0.00094635686,0.006367407,0.00030204645,7.8379795e-05
6579,0.6086177,0.41192177,0.009770295,0.0130293835,0.13201609,0.081192315,0.0054035727,0.35852844,0.0251474,0.05636837,0.0015139026,0.042645995,0.14478226,0.0030646694,0.003662522,0.051441837,0.000109354565,0.058219925,0.29345563,0.0034097943,0.005130956,0.41468635,0.10193082,0.030547088
6581,0.0065031294,0.02029951,0.0055553145,0.0071108863,0.79409564,0.01177569,0.0006684826,0.44633487,0.0631939,0.07379184,0.00026788423,0.001206712,0.010679255,0.026542015,0.019411227,0.007196299,2.2324402e-06,0.5051341,0.02524479,0.004821096,0.005825511,0.02191868,0.00024876153,0.00024329782
6583,0.24088937,0.033920728,0.0016282666,0.007986642,0.742545,0.36031562,0.0017317899,0.37256145,0.03548493,0.009932115,0.004712354,0.001970104,0.01688139,0.02881136,0.013739715,0.03948208,3.4476736e-05,0.19274758,0.030122416,0.003891605,0.16123483,0.23630981,0.001595973,0.002789076
6585,0.046460163,0.031049425,0.0006816741,0.015101799,0.491719,0.08516217,0.00049677154,0.69903916,0.009120349,0.013356957,0.006276718,0.011742625,0.007770405,0.0064878515,0.010100885,0.03373076,8.270334e-06,0.51788425,0.012774542,0.0015417382,0.004724783,0.15284327,0.017291617,0.002387743
6588,0.5787524,0.26874474,0.0130483275,0.0032370768,0.42502716,0.18718836,0.0011559861,0.24271579,0.07110516,0.10087364,0.0018439974,0.0038717005,0.27530572,0.004647083,0.006633262,0.08959646,3.5946618e-05,0.07948557,0.40050113,0.00427432,0.012458608,0.48591173,0.008238135,0.005538625
6591,0.07172372,0.040807094,0.0037032042,0.0076593375,0.4781778,0.13669601,0.0018323971,0.5056741,0.03782778,0.09199326,0.004675394,0.002566989,0.35390177,0.010544031,0.007316171,0.14531574,2.0093272e-05,0.18989946,0.17051995,0.0038690493,0.0041828733,0.36773467,0.0021569096,0.00110706
6599,0.22873375,0.18051456,0.018098678,0.06148075,0.3268051,0.08896693,0.038459767,0.64453083,0.050941497,0.071328364,0.008782312,0.074027024,0.06118892,0.016203823,0.016558193,0.091413416,0.00086600403,0.2687367,0.22187851,0.014792855,0.026833706,0.26722842,0.21073467,0.008342291
6600,0.007851156,0.011643021,0.0017362083,0.004086511,0.87593603,0.06021952,6.334586e-05,0.34353688,0.03362708,0.034145355,0.0028893685,0.00087382086,0.005157272,0.036727723,0.056084476,0.023471503,1.3154051e-06,0.6983667,0.004609496,0.004847355,0.0029656629,0.039240226,0.00015546949,0.00023498386
6602,0.5152172,0.66086334,0.009638686,0.042111285,0.040476173,0.0155164115,0.0010153381,0.66800165,0.03293301,0.041328162,0.0021605385,0.29921037,0.007877512,0.0013075119,0.005700632,0.009852988,0.00010857081,0.15990993,0.016402878,0.0019034477,0.0023496088,0.09870369,0.64560676,0.18194588
6609,0.5111793,0.31035435,0.0040764534,0.013902653,0.17728578,0.2818275,0.00065998384,0.58079135,0.0208851,0.04441043,0.018096644,0.030729046,0.041660998,0.0016123534,0.0063559646,0.07251869,4.8100897e-05,0.14348507,0.03183015,0.0034572606,0.0020760451,0.45915526,0.044726048,0.14258413
6610,0.12849759,0.008008258,0.00016442112,0.0072451136,0.35308367,0.7918777,0.0006606943,0.47184327,0.0027083277,0.009570588,0.092122026,0.0020305482,0.07377199,0.0049990015,0.0058716037,0.4485671,4.1213265e-05,0.14296086,0.00912446,0.0029757684,0.0004418759,0.70989734,0.00051878416,0.0015842213
6612,0.016159132,0.01652489,0.0032382493,0.22700347,0.20531301,0.0480532,0.20969129,0.763395,0.014280316,0.004041629,0.0046231872,0.09906327,0.0029094121,0.20112334,0.033846777,0.015735501,0.0018671323,0.21820466,0.004204734,0.0074231606,0.08770596,0.031930856,0.075683124,0.006891971
6614,0.4465012,0.018175906,0.00013437733,0.008901011,0.40500888,0.8315857,0.0008290672,0.5853628,0.0031224967,0.0014964252,0.029487934,0.0030652187,0.0038686872,0.0028216816,0.0026480742,0.10532617,3.236857e-05,0.099292815,0.0062180236,0.0015851356,0.013941354,0.582413,0.0020459127,0.004544737
6616,0.27970487,0.23983108,0.002769398,0.05546206,0.12770593,0.11160993,0.0025107877,0.7950816,0.015827702,0.016597044,0.016845632,0.12790497,0.011285775,0.0039068325,0.008881898,0.032471135,0.00012409964,0.26645985,0.009793069,0.002639856,0.008755161,0.1975562,0.25516292,0.14774084
6617,0.32537836,0.6571244,0.28237548,0.0056967437,0.35021642,0.0066814194,0.0051724794,0.088546254,0.4866239,0.48889408,6.2838306e-05,0.011033569,0.117922045,0.010957281,0.029530754,0.021996949,5.10738e-05,0.059477553,0.36134624,0.024937022,0.004811024,0.051717196,0.00243537,0.0025363069
6619,0.14524335,0.12450659,0.009698355,0.011962463,0.6324017,0.27474925,0.00086667394,0.48540983,0.089910805,0.07121203,0.0121449325,0.007458991,0.034407128,0.014836096,0.023908949,0.07383366,3.2157568e-05,0.255078,0.02227091,0.011499773,0.013965051,0.19332321,0.003660288,0.026169745
6626,0.009228193,0.013222372,0.0043494217,0.0356773,0.42337576,0.01894091,0.08535287,0.50739527,0.022682294,0.034523077,0.00039145173,0.0056367638,0.08579089,0.039906397,0.0052160993,0.028267507,6.758979e-05,0.12885289,0.120312676,0.0047361483,0.012109217,0.08773171,0.0025474317,0.00039070554
6628,0.01553647,0.011594608,0.0024452494,0.034342285,0.47033757,0.110031605,0.022970382,0.60123074,0.017750807,0.039857663,0.0067023225,0.0073801647,0.1463627,0.04353649,0.0106786955,0.11109397,0.00012246924,0.22602698,0.06165446,0.007117377,0.0070845378,0.23608923,0.003855151,0.0011850648
6629,0.0073574493,0.016467355,0.002594642,0.055397935,0.42304122,0.026337992,0.0065125935,0.7927469,0.031762913,0.03362585,0.003953726,0.012886794,0.021280738,0.056832466,0.019715976,0.025043117,5.49907e-05,0.44040427,0.013920505,0.0035433047,0.013545802,0.045423564,0.009144447,0.0021052894
6631,0.44520122,0.17984605,0.0035962737,0.0025139374,0.09212761,0.04092818,0.0029645974,0.15846846,0.010249915,0.05096007,0.00020568217,0.0037619954,0.5199707,0.0013660301,0.0008882081,0.09660661,1.653683e-05,0.020086942,0.7113346,0.0011347487,0.00068345614,0.5354918,0.0035087427,0.00038243044
6633,0.6173106,0.116563305,0.001193498,0.016818961,0.11898361,0.586333,0.007529611,0.5574384,0.0040707486,0.011664116,0.01781257,0.02215303,0.04849192,0.0014181378,0.0017408791,0.13890767,0.00021889369,0.05457271,0.08283753,0.0032591359,0.0018189817,0.7095747,0.02793069,0.030081829
6635,0.04287453,0.05163826,0.008058357,0.006224129,0.71279097,0.067842364,0.0009009921,0.45786893,0.09264049,0.10421838,0.0013667562,0.0017815873,0.0776064,0.015854912,0.0134588815,0.033537526,7.464401e-06,0.28756145,0.08246092,0.0057082567,0.011731126,0.12033841,0.00078417675,0.0015474617
6638,0.49552616,0.38837335,0.0052054534,0.03342521,0.08744478,0.069723904,0.004455679,0.66672945,0.017285671,0.03382,0.00491348,0.11683333,0.04580048,0.0016951001,0.0034481464,0.043935083,0.00014324537,0.12428151,0.08051382,0.0024177432,0.004409242,0.32553825,0.39013016,0.060744356
6640,0.22287641,0.049230244,0.002684996,0.0136126755,0.6180526,0.39160943,0.0046458794,0.49522004,0.027033191,0.020825114,0.011949956,0.00558638,0.050388187,0.014563377,0.010398859,0.10860598,8.9801295e-05,0.18777274,0.06352196,0.006686659,0.030077625,0.38347006,0.008063307,0.004506424
6642,0.0069860327,0.008553023,0.002163353,0.0018868814,0.11525465,0.04632139,0.0010936763,0.09479782,0.008690733,0.13379759,0.0007950307,0.0005678401,0.97629577,0.006097903,0.002690881,0.42228308,9.2633845e-06,0.019773673,0.10342071,0.0041352166,1.222066e-05,0.55218446,3.38404e-05,6.119444e-05
6643,0.07536795,0.028283857,0.0022393728,0.028147565,0.6175599,0.19299883,0.007001729,0.60792255,0.03319687,0.01626778,0.008237364,0.006660486,0.02299238,0.049357582,0.019583678,0.046974756,8.464364e-05,0.28559288,0.0262002,0.005522197,0.10112086,0.16118756,0.005899438,0.0046195243
6644,0.046896543,0.04251237,0.002620707,0.019337615,0.3590303,0.11722622,0.0023661486,0.73465466,0.030303605,0.08768484,0.008821355,0.008018014,0.14737664,0.00796935,0.0066430657,0.11811927,2.6313763e-05,0.28156927,0.07677929,0.002969372,0.0033016514,0.2808445,0.005204725,0.0038836466
6645,0.041816324,0.010510132,0.0008273361,0.009714948,0.47728378,0.55456513,0.0005489889,0.3945848,0.012291369,0.038822778,0.09218394,0.0023328164,0.23787677,0.02763541,0.027814783,0.49021137,4.7761605e-05,0.27286828,0.012912648,0.0066717896,0.0011368331,0.5458962,0.0004729579,0.0015179233
6650,0.02259579,0.03487618,0.002735429,0.017220827,0.42321548,0.06166772,0.0009919703,0.73264503,0.030134818,0.09991951,0.0067996173,0.008361738,0.068803795,0.009292792,0.010788923,0.08474137,1.3149234e-05,0.45906287,0.049020488,0.0028608432,0.0019258911,0.1660982,0.0044260803,0.0018367996
6652,0.052637815,0.11786918,0.020654,0.006559402,0.28831998,0.04254645,0.0004561139,0.46055585,0.10743437,0.39065847,0.0035494957,0.006099938,0.5017367,0.0073954077,0.01586799,0.17410962,1.2272375e-05,0.25714105,0.13052167,0.005266953,0.0006015604,0.25404063,0.0028047175,0.0018746477
6655,0.29271364,0.43334332,0.09372556,0.0019068824,0.51884264,0.059371423,0.00020780439,0.1280588,0.29867515,0.416923,0.0007695951,0.0031969838,0.2670159,0.005738844,0.02755517,0.06338695,9.739599e-06,0.11035725,0.14096946,0.013339943,0.0016845358,0.17191479,0.0013847703,0.006065146
6656,0.051024586,0.04584391,0.006794216,0.00719837,0.23354131,0.11287283,0.0023792244,0.3547246,0.035641562,0.17931598,0.0050691604,0.0032080514,0.7887985,0.00803868,0.006804566,0.26836655,3.755162e-05,0.075065956,0.124408066,0.0067652473,0.00045861772,0.47446737,0.0012566845,0.002010326
6659,0.29357368,0.0474846,0.0017327326,0.02743428,0.4122763,0.47131097,0.010758742,0.6674161,0.016573006,0.012837203,0.019029053,0.0122896675,0.034648966,0.012396009,0.006794464,0.11667231,0.00021700743,0.16210902,0.06768115,0.0047951057,0.05474458,0.46006078,0.018264234,0.0074692825
6665,0.2989029,0.03365215,0.0005016568,0.019132778,0.30369636,0.6861454,0.0028260052,0.68587637,0.00616365,0.0050988295,0.037835795,0.009152296,0.011277882,0.0052367724,0.004742642,0.12977484,9.8279736e-05,0.13190156,0.013188626,0.002898655,0.01322366,0.51563036,0.00668029,0.012510441
6667,0.49835628,0.19761802,0.0018206277,0.0054724235,0.16298231,0.3330352,0.00029807806,0.49239486,0.013829263,0.05164899,0.0113715585,0.008115856,0.13914981,0.0010274489,0.0030125666,0.09592675,1.7007353e-05,0.07459191,0.042687394,0.0019556559,0.00066131173,0.56142354,0.008602349,0.067129
6668,0.016890135,0.02371145,0.005225651,0.008816053,0.20052059,0.11300473,0.0015700817,0.3821872,0.027622009,0.23087695,0.01366979,0.0034170824,0.83574724,0.01171038,0.012245139,0.45151073,4.399309e-05,0.13086313,0.08212969,0.0064326567,0.00013984794,0.5050142,0.0007083553,0.00091605145
6674,0.210782,0.018668322,0.00027348165,0.0035701136,0.5515031,0.64188516,0.00024846758,0.4640245,0.0060241045,0.008926359,0.021012142,0.0011208602,0.029525645,0.0029147107,0.004245532,0.18636665,9.218361e-06,0.16217451,0.015556298,0.002230407,0.0016367168,0.56677544,0.00076714146,0.0012748284
6675,0.0058831936,0.016533734,0.0033591536,0.0025974733,0.8958093,0.024392352,4.7861413e-05,0.29588065,0.06725928,0.055429768,0.00054210454,0.0004684344,0.004842102,0.023308804,0.03701769,0.008745691,4.7503207e-07,0.61954296,0.0056729903,0.005298733,0.0026572924,0.019585451,6.331083e-05,0.000190338
6677,0.22022605,0.05541941,0.0029837806,0.0052458844,0.5379253,0.33183193,0.0010631906,0.3863131,0.03598593,0.054358393,0.0081869885,0.0019594706,0.31711453,0.011720673,0.008335569,0.15860501,2.7818476e-05,0.13220362,0.11812099,0.0047966256,0.009954848,0.48350483,0.0019825916,0.0031883037
6683,0.06707806,0.07305238,0.0039827465,0.05394665,0.20263693,0.11056329,0.00635948,0.7979362,0.025887491,0.070218526,0.025197431,0.044059917,0.10504362,0.011554828,0.012629027,0.14814878,0.00020193103,0.33082792,0.060367092,0.0041563837,0.00532572,0.29570132,0.051849693,0.011979274
6687,0.3283643,0.40236312,0.09425859,0.01191422,0.4973981,0.05611638,0.005611862,0.279209,0.26526287,0.2773114,0.001508023,0.014779242,0.2280638,0.01590766,0.028270906,0.066687934,0.00012478775,0.1413195,0.3161528,0.023203598,0.020685133,0.192793,0.017818771,0.009751849
6694,0.0029446394,0.007446304,0.0009358253,0.0024316413,0.8220156,0.017040787,2.7636157e-05,0.48526254,0.027528128,0.053968906,0.0005208061,0.00036179784,0.008703737,0.012309902,0.014106216,0.010669677,1.7035057e-07,0.658283,0.0084975315,0.0015392357,0.000826228,0.028100107,5.1035382e-05,7.557671e-05
6698,0.29446387,0.0883627,0.0055353036,0.024391526,0.49027437,0.35334235,0.011746809,0.58611995,0.037979033,0.03950164,0.01416669,0.013224158,0.105486184,0.015499378,0.010002133,0.1287912,0.00023819011,0.17343105,0.1428391,0.009185414,0.046274893,0.4435824,0.022138681,0.010731088
6701,0.55822504,0.29366273,0.0015467517,0.030397065,0.06976038,0.12416701,0.003395747,0.7068585,0.0036976563,0.008220941,0.009130156,0.15224567,0.009344049,0.00048286698,0.0020073415,0.057100605,0.0001189394,0.16711172,0.046330832,0.0014139534,0.0014266506,0.4831929,0.59786475,0.017310053
6704,0.29990324,0.6995084,0.24116084,0.0065142144,0.31930593,0.025823567,0.00031100816,0.21908182,0.41485277,0.6374645,0.0015892424,0.029310454,0.079435915,0.0058495454,0.060913805,0.060989548,2.646312e-05,0.24793401,0.08579749,0.019858789,0.0007586044,0.087977834,0.0106517635,0.023094984
6707,0.05245073,0.024950692,0.0022017646,0.079156734,0.28643805,0.11514242,0.1210733,0.69144416,0.009231298,0.009407856,0.005527838,0.04488752,0.02277949,0.032014143,0.0075427964,0.049336236,0.00073938805,0.16123366,0.045174383,0.0063280757,0.023521058,0.17363618,0.059126757,0.0042912425
6708,0.03916378,0.036497526,0.00096742925,0.039064992,0.3479692,0.08880363,0.0016751414,0.83272415,0.014813453,0.0121153705,0.009277571,0.022914572,0.008533834,0.011787448,0.009554164,0.02687198,3.9189024e-05,0.39512676,0.008134087,0.0017096932,0.015068814,0.10229926,0.03167772,0.010404499
6709,0.037179526,0.049265295,0.01002074,0.03574021,0.5877158,0.0733707,0.009633471,0.6137068,0.07061135,0.07622251,0.006143103,0.011449169,0.06675621,0.05264056,0.027464189,0.057703827,0.00011332154,0.35965496,0.060422897,0.011436843,0.031465214,0.12240146,0.009705081,0.0042340853
6710,0.053977568,0.042553674,0.004315317,0.032704573,0.39389032,0.17855485,0.006040487,0.71417224,0.036757417,0.086499654,0.021927472,0.012508927,0.18028034,0.021860825,0.014786825,0.1946172,0.0001177328,0.31205544,0.09202489,0.0062546707,0.009142715,0.34683865,0.010562807,0.005137942
6716,0.35257104,0.27882454,0.029209875,0.03357045,0.34544104,0.12051522,0.014473914,0.53328407,0.09284093,0.14902169,0.008144225,0.041699465,0.18186924,0.015742486,0.01803587,0.11587486,0.00039837483,0.19833097,0.30485582,0.014469351,0.024006873,0.3578384,0.08730408,0.021210982
6721,0.02670163,0.01985043,0.0030148865,0.004664912,0.28662103,0.15141755,0.00085468584,0.3007476,0.022245834,0.13174875,0.007051728,0.001360328,0.82365185,0.009532088,0.0076953447,0.3624887,1.6712751e-05,0.09636184,0.07649666,0.005434216,0.00023658293,0.53295505,0.00037091115,0.00060318975
6722,0.12776409,0.4857735,0.35927343,0.00813107,0.8103007,0.028960401,0.0017795389,0.13983262,0.63936174,0.35159972,0.00028337442,0.0055182134,0.019784398,0.039803084,0.077530704,0.0097052455,3.3272463e-05,0.1678667,0.0632822,0.05185014,0.048462413,0.02028984,0.00092032243,0.01186973
6731,0.1918902,0.16105983,0.01098189,0.02799023,0.2934983,0.12379126,0.005847632,0.6277476,0.054036375,0.117377594,0.01135864,0.028034786,0.21866691,0.010437844,0.012931844,0.14226942,0.0001501827,0.22376108,0.15414536,0.007139543,0.009476108,0.368577,0.048854608,0.015288585
6732,0.7777467,0.46301788,0.00206767,0.006009737,0.042689156,0.11692007,0.0008849325,0.40219128,0.004205583,0.025009736,0.0017536992,0.040491626,0.07519279,0.00019459963,0.0006413553,0.064633146,2.9057243e-05,0.037730515,0.23742941,0.00082207285,0.0003122456,0.6470555,0.14523226,0.017992275
6736,0.008317155,0.028252374,0.013651871,0.013170982,0.7981667,0.023525506,0.001264142,0.35327423,0.10037583,0.09226957,0.0012958226,0.0021314644,0.022434393,0.08021994,0.061288934,0.0197562,1.2634905e-05,0.5199356,0.017347792,0.015800169,0.012632463,0.031847276,0.00048607402,0.00067120814
6737,0.024525031,0.019606339,0.008399416,0.07296545,0.4858467,0.068254225,0.23096636,0.5327603,0.030942962,0.013270871,0.0016931235,0.016706543,0.005983126,0.10165083,0.020607028,0.017227028,0.0005308947,0.13941555,0.017330065,0.020280024,0.052755605,0.04949658,0.007525596,0.0027839695
6738,0.0051880474,0.018245434,0.0042415867,0.010749376,0.7374978,0.018410645,0.00031128616,0.5650897,0.047104686,0.07185628,0.0014887198,0.0029931846,0.008077782,0.030204577,0.03486008,0.016608747,2.81859e-06,0.6711173,0.011089096,0.0053827297,0.0021690065,0.027193459,0.00089820294,0.00037055384
6744,0.010630663,0.022612398,0.010707696,0.14521852,0.37672842,0.05435842,0.10199762,0.6364273,0.042051706,0.025443923,0.008533492,0.049037397,0.010822057,0.24601339,0.076864764,0.03748191,0.0010870538,0.30033323,0.00853575,0.020007491,0.036802005,0.043164965,0.0148130795,0.0072158696
6748,0.28355518,0.7880496,0.34384456,0.0003930679,0.26917216,0.001699942,3.1406886e-05,0.03738722,0.614202,0.8274059,6.273434e-06,0.0019968487,0.16992724,0.001360748,0.022936493,0.011817448,5.5987925e-07,0.060169276,0.29443365,0.0060728844,7.391761e-05,0.030162362,0.00012072237,0.0006853032
6755,0.117761195,0.052271526,0.0030044431,0.005279584,0.76722914,0.20782548,0.0005729289,0.40726742,0.054932985,0.022934262,0.0023966087,0.001986714,0.012276901,0.013323768,0.012042808,0.022700027,8.970526e-06,0.22297747,0.018828226,0.0051160227,0.03136698,0.124242745,0.0010146231,0.0044515417
6763,0.029180354,0.019423118,0.0020927396,0.0029079323,0.15481456,0.10914333,0.0010033878,0.2017695,0.010643072,0.10534268,0.00201469,0.0011509937,0.90946794,0.0046506976,0.002645796,0.3329264,1.2578387e-05,0.033007994,0.109383374,0.0033635148,6.4300475e-05,0.5739039,0.00022128067,0.00039237304
6764,0.08521682,0.059125625,0.0062042195,0.005198009,0.7228514,0.15645821,0.0005301718,0.40308425,0.0761537,0.082694635,0.003694613,0.002038046,0.095723994,0.0154110305,0.016879149,0.06629967,1.0625626e-05,0.28075856,0.06394228,0.0069371136,0.010337404,0.20406407,0.0014297237,0.0024500897
6766,0.48261443,0.099221624,0.0033868093,0.0054613403,0.41692665,0.52111405,0.0014469658,0.39750105,0.027332151,0.04341946,0.010475352,0.0033554283,0.18054058,0.0039771153,0.0050636055,0.17067511,5.482435e-05,0.07856568,0.11800746,0.0057257935,0.0066979406,0.6072948,0.004150709,0.008597496
6767,0.14597872,0.04776741,0.0014100686,0.0019170411,0.08012165,0.061954774,0.0019978136,0.15589535,0.005366556,0.041837256,0.0002713773,0.0011591264,0.83003974,0.0018297274,0.000540771,0.15427233,6.3020307e-06,0.011213654,0.4632659,0.00081386196,0.00014207281,0.5694351,0.00045976718,0.00023917574
6770,0.030785868,0.017859532,0.0013198925,0.013691867,0.6199427,0.11757552,0.0020377764,0.65434843,0.025622766,0.030283561,0.0044247424,0.0030404662,0.032797635,0.016150076,0.008474386,0.048254613,1.4425114e-05,0.3346903,0.035335507,0.0030933542,0.010471235,0.15302591,0.0017769927,0.0012213727
6775,0.1351972,0.03221777,0.001102755,0.0055455007,0.4319834,0.38374165,0.00066674175,0.5149673,0.019785458,0.041998543,0.009408162,0.0015080832,0.208175,0.005823907,0.00443092,0.1471025,1.2773506e-05,0.11187075,0.04067214,0.0034106902,0.002313412,0.45471793,0.0006655536,0.0047012
6776,0.13097589,0.1814873,0.02185477,0.08739107,0.32445693,0.044876862,0.027447578,0.7082975,0.08554283,0.057354737,0.005578941,0.0818118,0.027128028,0.034806315,0.02748946,0.03495782,0.0006233114,0.29762298,0.06128433,0.013015564,0.06750153,0.09603589,0.19425756,0.017708972
6777,0.06260993,0.034829017,0.0035183525,0.008589187,0.2773152,0.26648986,0.0018963179,0.3874138,0.018279951,0.093608566,0.022667464,0.004230856,0.55893564,0.008287027,0.011059804,0.46561542,7.139817e-05,0.14956525,0.09997013,0.006381874,0.00050157856,0.60033906,0.0020452987,0.0011332347
6780,0.02591154,0.016359791,0.0016107514,0.009826994,0.7764078,0.091491275,0.0011319795,0.48081934,0.02557896,0.019044014,0.0029519522,0.0022720138,0.011562886,0.029516485,0.019875787,0.026416343,9.828905e-06,0.42953745,0.0148645155,0.004842564,0.013167654,0.086058535,0.001269048,0.00073305017
6783,0.0022059532,0.0042360765,0.0005709868,0.0021461647,0.81987226,0.014341848,3.698099e-05,0.43494546,0.019315636,0.04960781,0.000453373,0.00022083848,0.022238957,0.014052524,0.011303439,0.014175071,1.7558119e-07,0.63808227,0.013806416,0.001040838,0.00073628017,0.039709147,3.8892562e-05,2.6972928e-05
6787,0.011364453,0.021345062,0.003415146,0.00077711977,0.9104607,0.047272023,1.2441656e-05,0.22977093,0.08030574,0.081869714,0.00041987692,0.00017969307,0.008958108,0.010128079,0.024442036,0.011342513,1.5325625e-07,0.5254511,0.009346601,0.004433721,0.001119399,0.03179279,1.2191467e-05,0.00017729963
6788,0.019960335,0.04398633,0.013326726,0.0006498785,0.49836496,0.011831622,0.00020731264,0.13260798,0.11627526,0.29802924,4.9680173e-05,0.00017635223,0.6870016,0.00616068,0.0060551856,0.041706108,6.077653e-07,0.07961091,0.32696137,0.0023408781,0.00056077243,0.14639308,1.9132747e-05,5.2258496e-05
6789,0.12337971,0.07073628,0.0015981961,0.15282866,0.07726872,0.03134788,0.1432831,0.79834604,0.0039994256,0.00205726,0.0028102444,0.2678053,0.0042343866,0.010041935,0.0047091907,0.018903509,0.0021532355,0.1489749,0.015099041,0.0030606133,0.017935382,0.08845412,0.78613687,0.003922915
6793,0.4159008,0.04843482,0.00090492476,0.0067792893,0.53562295,0.6939906,0.00076428475,0.44833905,0.015541547,0.008379736,0.014734282,0.0025966035,0.016353607,0.0052852836,0.0055203387,0.089246996,2.8718698e-05,0.09499742,0.016418219,0.0037243937,0.016522232,0.45522475,0.0014832125,0.011168311
6796,0.39107427,0.13545704,0.009171963,0.0072253854,0.6261611,0.43072298,0.0016278363,0.34785825,0.07231381,0.057250027,0.009468125,0.0044194437,0.11825977,0.0110950535,0.0133126015,0.12496377,7.1147915e-05,0.12775277,0.09362766,0.01033493,0.02533888,0.42793393,0.0061146384,0.011545073
6799,0.11507169,0.08790758,0.0055051916,0.022198716,0.44650185,0.18903528,0.001737102,0.6398213,0.044085562,0.07128606,0.020565715,0.015644882,0.08056502,0.014127979,0.019676786,0.13285474,6.764145e-05,0.35442102,0.051087435,0.0065247924,0.010760274,0.30191538,0.017380778,0.010652094
6801,0.07487004,0.064467736,0.0004609755,0.07289866,0.08019014,0.05418138,0.002537797,0.8959123,0.0021848672,0.003593203,0.019460632,0.1805382,0.002391829,0.0018645659,0.0052400795,0.039068133,0.00010219299,0.46821952,0.005869658,0.0007602641,0.0017935581,0.16781276,0.5664613,0.005804962
6806,0.07265801,0.05044745,0.0075654746,0.01439452,0.79249626,0.21975994,0.002362608,0.35031223,0.07468017,0.03566925,0.008227183,0.004741467,0.023893451,0.057276204,0.046896014,0.051042993,5.5859186e-05,0.31092784,0.014691736,0.018016571,0.040585205,0.124044605,0.002198127,0.0076882443
6807,0.060966443,0.013620936,0.0008602446,0.0155468155,0.7474325,0.07320069,0.0031869067,0.44197017,0.042025417,0.0022314533,0.0003371143,0.0013139643,0.001127051,0.078622185,0.016050888,0.0024435984,1.6813e-05,0.17098348,0.004120656,0.0014573095,0.7461137,0.026435535,0.00053161755,0.0015825417
6809,0.023121689,0.014564562,0.0013735761,0.01635146,0.603101,0.21603373,0.00085298344,0.6030737,0.022766678,0.04248266,0.02682996,0.0034394844,0.0640329,0.036794048,0.027447928,0.16447262,2.267813e-05,0.46000406,0.02140296,0.004633967,0.005622025,0.25476056,0.001346937,0.0014647574
6812,0.008829526,0.024428165,0.004816605,0.008015121,0.76440006,0.026486076,0.00025672824,0.4891036,0.06455114,0.08006329,0.0012497809,0.0018649679,0.016443865,0.03023097,0.029181113,0.01803804,2.6364567e-06,0.56759334,0.0141801555,0.00533876,0.0047660465,0.03668415,0.000499259,0.00063877733
6813,0.51320547,0.5571377,0.013814832,0.022314409,0.12823173,0.06040196,0.00091708894,0.6241254,0.053861596,0.10153191,0.0050199544,0.09028043,0.037164778,0.0020812626,0.0081703365,0.03397883,5.781842e-05,0.1892485,0.060632776,0.003216027,0.004109313,0.23560438,0.1966123,0.14161177
6816,0.008411899,0.043687697,0.0488132,0.0055140513,0.7772293,0.03454864,0.0009453686,0.17644487,0.20290734,0.24350797,0.0008095514,0.0010102696,0.17347732,0.053484466,0.050753694,0.037543196,1.1874862e-05,0.23631027,0.024267858,0.040530737,0.0030482917,0.052328724,5.8978792e-05,0.0011657825
6819,0.09581972,0.062032994,0.007251857,0.004277266,0.75522584,0.13636881,0.000847932,0.367553,0.08532538,0.08168886,0.0019989202,0.0015694039,0.087881126,0.01593359,0.014557864,0.052005343,1.0522597e-05,0.2656309,0.10695882,0.0068875304,0.01683701,0.19175966,0.001191902,0.0013585072
6823,0.10444599,0.12947583,0.027703527,0.008179066,0.5702933,0.15786965,0.0012566074,0.34619117,0.14534724,0.20232294,0.005912019,0.0050636367,0.30230063,0.019885585,0.025761053,0.13573523,4.0567415e-05,0.18739374,0.083582744,0.016269619,0.0070292,0.26350218,0.002799533,0.007425013
6833,0.47810888,0.17229967,0.0037258517,0.006082807,0.41089338,0.3667571,0.0006786544,0.43814763,0.03424702,0.05201115,0.007157578,0.0057905978,0.10756073,0.0033470495,0.0058195246,0.08480846,2.5934143e-05,0.1062428,0.08283916,0.0041690343,0.006237259,0.4889082,0.0075914077,0.031212427
6834,0.25706673,0.2707697,0.0060550678,0.04820174,0.19947885,0.07965475,0.002238153,0.76120096,0.032652255,0.03138746,0.010849988,0.10844894,0.013346121,0.005575836,0.013258519,0.032927953,0.000114005794,0.33076265,0.02072142,0.0038873137,0.014176084,0.17157865,0.26436377,0.069478564
6841,0.22032024,0.21466237,0.009550234,0.05326873,0.2635133,0.07956248,0.0073768925,0.7194705,0.040303428,0.04108489,0.009897919,0.09149274,0.024885925,0.009890255,0.01641556,0.0529236,0.00027768576,0.32437775,0.05268775,0.006831783,0.021608999,0.1966371,0.26394424,0.02344923
6846,0.037231173,0.022871897,0.0013186461,0.004716361,0.359135,0.09380524,0.0005238501,0.5462495,0.020332683,0.089638725,0.0024359713,0.0011720859,0.4488347,0.005310558,0.0028664896,0.14182657,3.0796045e-06,0.16426958,0.12564284,0.0011371445,0.00086653937,0.37556142,0.00071895804,0.000494279
6852,0.40910956,0.6770425,0.036303896,0.028055452,0.13364154,0.024713727,0.00044436788,0.6090604,0.10904145,0.18942666,0.003912634,0.16788124,0.015003081,0.0025016542,0.019712808,0.024483604,4.6200035e-05,0.33930734,0.036622338,0.0050084023,0.0028594956,0.10793537,0.24556993,0.110433
6863,0.1385602,0.52947545,0.40360498,0.0055175824,0.5887556,0.0072935126,0.0023727552,0.091266796,0.6270733,0.52147746,9.424731e-05,0.0059420383,0.070812404,0.024604497,0.07205649,0.015406705,3.3615826e-05,0.11715511,0.16775532,0.048901193,0.008224698,0.025403164,0.00083684543,0.0021457411
6868,0.057968646,0.15227371,0.062418904,0.008096609,0.8024756,0.06657452,0.0009266263,0.29594395,0.27895755,0.19626716,0.0016012059,0.0037353209,0.029726649,0.03654832,0.058635786,0.028775336,1.9194484e-05,0.35052633,0.043480676,0.025839318,0.021464055,0.054216087,0.0009172143,0.004189035
6869,0.03916432,0.010567503,0.00042344388,0.018545229,0.30601948,0.32158312,0.0022036664,0.72208214,0.006725476,0.030372564,0.030378334,0.0041239723,0.15348014,0.008799855,0.004855238,0.2878362,3.311545e-05,0.24573226,0.055056807,0.0017027897,0.0015741714,0.5370492,0.002316762,0.0010241474
6872,0.015333351,0.0054753027,0.00016128294,0.0077874344,0.40690956,0.13350247,0.0004210008,0.71542203,0.003811985,0.02602423,0.009455974,0.0011786282,0.11713898,0.0037670026,0.0025972868,0.18340775,3.0760646e-06,0.35720825,0.054033253,0.00065475376,0.00040583345,0.43370253,0.00087397743,0.000119174285
6873,0.68385684,0.063611224,0.0006051369,0.002573189,0.3916912,0.74132514,0.00034690005,0.3960852,0.009274289,0.00888479,0.008149431,0.0015627607,0.024998657,0.0010628393,0.0016843418,0.092922874,1.5756712e-05,0.044307355,0.046270672,0.001640885,0.0051834323,0.6651226,0.0015520613,0.0067928717
6881,0.29499528,0.024584994,0.00031113395,0.0059904666,0.21243194,0.6670083,0.0006254346,0.5465318,0.0033528395,0.017253615,0.03392083,0.002915584,0.12418087,0.0015124069,0.002241464,0.35621026,2.5564366e-05,0.101964004,0.050039887,0.0017172985,0.00046811072,0.780499,0.001994908,0.0019282062
6882,0.2901937,0.011450205,0.00022782576,0.011817369,0.2860069,0.77137256,0.004236977,0.5525923,0.0023088322,0.004076229,0.04266225,0.004272088,0.033119135,0.0040043322,0.0025880681,0.3039375,0.00010376283,0.09936931,0.034506336,0.0022968557,0.003350549,0.72360146,0.0027877528,0.0009838215
6891,0.012902823,0.028238319,0.0014737184,0.046445627,0.37243134,0.037505135,0.0012785651,0.8429372,0.03690292,0.014778693,0.0035537584,0.011498759,0.0046679927,0.04488765,0.016701406,0.008803153,2.3743045e-05,0.40186417,0.003015804,0.0014942994,0.049994387,0.024025247,0.0050073024,0.013316812
6892,0.26086435,0.011857992,5.1556635e-05,0.01710906,0.19256431,0.7431257,0.0018034349,0.7989353,0.0014709621,0.0010705553,0.03193464,0.005862906,0.004378548,0.002230025,0.0014169444,0.07625613,3.3706125e-05,0.09411405,0.0035302774,0.0007316027,0.0073200683,0.49674144,0.002716565,0.010039424
6893,0.3827986,0.21331108,0.008245645,0.0031482726,0.1309727,0.03122661,0.0031165415,0.1676853,0.027376361,0.1017528,0.00022104914,0.0045194635,0.5592377,0.0026625851,0.0021951515,0.095221326,2.0919044e-05,0.03083047,0.68073493,0.001958885,0.0013066735,0.4473258,0.004191741,0.0005648192
6894,0.6098869,0.1889502,0.0072379494,0.0048913946,0.4495936,0.38966978,0.0016190528,0.334694,0.04752479,0.05630537,0.0050645764,0.0042943647,0.15034887,0.004132641,0.0057188505,0.108844385,6.12714e-05,0.07670479,0.24884151,0.005319815,0.016114475,0.56015253,0.008373565,0.009456502
6895,0.017324796,0.040492248,0.00716052,0.0045278836,0.8804852,0.036135875,0.0001321241,0.3040221,0.103714645,0.05789582,0.000721194,0.0012201978,0.004898268,0.030491453,0.04186885,0.008750188,1.8134671e-06,0.5385045,0.0080107665,0.007997909,0.010979717,0.02231381,0.00025657724,0.0010204936
6898,0.47906294,0.29277888,0.013961931,0.0041381707,0.09040357,0.020370856,0.014900223,0.10215495,0.028370906,0.09830048,8.857212e-05,0.007464462,0.52331483,0.0029818295,0.0020711767,0.070883885,6.519625e-05,0.013394222,0.7380215,0.003811332,0.001120566,0.38758892,0.004551066,0.0008179682
6900,0.02272615,0.03265996,0.0055189957,0.0101341335,0.74563694,0.06327779,0.00082922954,0.49964255,0.06277813,0.07315603,0.0026359418,0.0027855504,0.03367118,0.026858833,0.023181092,0.034521535,9.259215e-06,0.44489947,0.030166551,0.0075631016,0.008632829,0.08345687,0.0012285146,0.0012528041
6905,0.027795363,0.027104128,0.0028988603,0.013065827,0.3378543,0.10675544,0.0021508506,0.6179265,0.028198877,0.12729838,0.00791244,0.0038335999,0.4798942,0.00951443,0.006441101,0.22026795,2.0913856e-05,0.21188325,0.10794399,0.003499733,0.0012918675,0.3794487,0.0022437323,0.0011863793
6907,0.016870178,0.010755153,0.00090131914,0.0026522118,0.14808872,0.1849456,0.0001598653,0.28144026,0.008402287,0.1445879,0.011580153,0.0007282961,0.8988494,0.0033718946,0.0045864517,0.562768,5.102116e-06,0.08019895,0.043647412,0.002040462,1.1768572e-05,0.6763044,0.00011712489,0.00025736762
6910,0.5280339,0.16473082,0.0034343346,0.0068312488,0.43873802,0.5043255,0.0006920824,0.4290371,0.029211046,0.034343865,0.009686656,0.006568149,0.0427227,0.0027751576,0.005901005,0.085742675,3.2394695e-05,0.10356929,0.05141916,0.0048541874,0.0061202627,0.5057397,0.007297629,0.031961266
6917,0.21748167,0.4238542,0.13113156,0.0024792904,0.6339762,0.055204608,0.00030489019,0.1584925,0.39543703,0.42535457,0.0005356756,0.003063596,0.14108829,0.008953122,0.034017406,0.037880287,9.750435e-06,0.1403043,0.13748468,0.017164515,0.0046282373,0.10410374,0.0009336207,0.0062808446
6919,0.41761732,0.13816763,0.0054603387,0.011446493,0.5816572,0.3779742,0.0016925891,0.442014,0.044468675,0.029833058,0.009420293,0.009359992,0.0373367,0.010078053,0.0132099595,0.07268847,5.841246e-05,0.18922293,0.07081319,0.006552667,0.042354576,0.40576813,0.016741524,0.017132387
6924,0.035272792,0.039996423,0.0044585546,0.020439891,0.6516708,0.0632386,0.004698091,0.5885488,0.07872945,0.026349073,0.0009660407,0.004073572,0.012220981,0.03474747,0.012340022,0.01050683,2.1354357e-05,0.21285935,0.015744468,0.005057525,0.07655103,0.043901626,0.0013348066,0.0060778367
6928,0.12032792,0.050539,0.0018483961,0.055242024,0.29213324,0.19899046,0.0125455335,0.77089465,0.009970097,0.011035802,0.021440322,0.05056211,0.013667534,0.010484095,0.011263918,0.09007581,0.00033324675,0.32352927,0.029589746,0.0048568505,0.013791186,0.2848362,0.1215276,0.0057350877
6936,0.37289286,0.27459604,0.034054145,0.00217655,0.47411627,0.049756892,0.0015568236,0.13211387,0.14473562,0.16704027,0.00023834643,0.0019614047,0.4112781,0.008300449,0.009256929,0.047507904,1.8335792e-05,0.05210809,0.508746,0.005964752,0.012051968,0.26748008,0.0018251463,0.0016517545
6937,0.44192687,0.019850027,0.00014646465,0.006776352,0.388047,0.83006024,0.0007454459,0.5425782,0.0037607108,0.0016401728,0.021851374,0.0025149458,0.005047454,0.0029579115,0.0026290435,0.076178916,2.5316709e-05,0.069159605,0.0048782364,0.0015645586,0.01173576,0.52429664,0.0010648677,0.011216323
6938,0.031576823,0.014575214,0.0010765361,0.0067052785,0.7652932,0.17851605,0.00040894575,0.46036577,0.02288644,0.025161222,0.007915439,0.001414653,0.02988545,0.024081036,0.02008082,0.06620146,6.692914e-06,0.42735767,0.015269616,0.004336769,0.006342154,0.16883099,0.0006239242,0.0007444705
6941,0.62058294,0.15825094,0.0016973367,0.0035733755,0.17256387,0.49302197,0.0003765379,0.40568697,0.009438447,0.047778893,0.010924315,0.0048379772,0.17132987,0.0005775121,0.0020273845,0.22452421,2.0962716e-05,0.06387626,0.12888777,0.0021997215,0.000400167,0.76360905,0.0074242568,0.0087321615
6943,0.024079852,0.056990404,0.011441238,0.009045235,0.31553495,0.05990387,0.0005943706,0.5180751,0.06770453,0.30803087,0.0076499456,0.005539523,0.44790977,0.010808238,0.01876022,0.22853455,1.6130749e-05,0.3052342,0.08405607,0.0055352827,0.00043747472,0.26578352,0.0019340705,0.0013220262
6944,0.16547032,0.05142074,0.0015534947,0.01050275,0.5701097,0.36273238,0.00096839527,0.58409506,0.020518063,0.022423584,0.014475288,0.0054430454,0.027152358,0.006770331,0.0087733455,0.095341235,2.670197e-05,0.2588965,0.03263077,0.0042941654,0.009905109,0.36513788,0.006068804,0.00583112
6949,0.24921879,0.199735,0.0113416305,0.008066322,0.37290797,0.13548844,0.0007401708,0.47602466,0.072487235,0.15945674,0.0050720735,0.009015783,0.20231038,0.0054249205,0.010761401,0.106633164,2.0389149e-05,0.19243042,0.11779635,0.005170027,0.003874745,0.34705135,0.010184069,0.014104865
6960,0.0024237472,0.007844076,0.00065968663,0.012716414,0.6492398,0.012112755,0.00013386272,0.71052814,0.018052552,0.02172439,0.0012329527,0.002340511,0.0031561898,0.02916158,0.020452768,0.0076105753,1.1898325e-06,0.7060163,0.0030466067,0.001152252,0.002847553,0.0163871,0.0007808777,0.00033688906
6963,0.05181683,0.03765803,0.0044974186,0.018364003,0.60105765,0.14080435,0.00390704,0.61179936,0.052263297,0.06938818,0.007503877,0.0050096614,0.11365448,0.024903752,0.013375595,0.08653904,4.1245938e-05,0.2940308,0.08039201,0.0064326325,0.01929322,0.22574,0.0038734735,0.0031924497
6966,0.37425053,0.5306784,0.036976654,0.031702183,0.21846335,0.041223582,0.0018450632,0.5810611,0.11844386,0.15324333,0.004259816,0.10417839,0.034634728,0.006449013,0.022025125,0.035425544,0.000118265816,0.28506657,0.072632566,0.008349044,0.010172342,0.14204416,0.19996256,0.06514701
6970,0.008542084,0.015548706,0.001769175,0.005229755,0.8055432,0.043219164,6.773627e-05,0.47039032,0.031761248,0.043353595,0.002618259,0.0016804344,0.0059593706,0.023582732,0.03896333,0.021333177,1.2432978e-06,0.70787513,0.00632048,0.0037302633,0.002275617,0.04218083,0.00039857786,0.00041217895
6971,0.034989588,0.028630156,0.0026591748,0.07754529,0.38407058,0.061499543,0.036603916,0.7565624,0.018104583,0.010898909,0.0047801062,0.033373475,0.0129444115,0.050780825,0.015803352,0.026173586,0.0002565929,0.30051878,0.021164982,0.0047033853,0.049429838,0.084501505,0.06197274,0.004364897
6979,0.5793823,0.24752265,0.002743816,0.012133805,0.10922456,0.15435539,0.004121103,0.51078856,0.006590889,0.037174467,0.0051089018,0.034375347,0.08081792,0.00067160453,0.0015284694,0.14907537,0.00012406473,0.11249012,0.49899018,0.001971768,0.0012788866,0.67039406,0.11009291,0.003004132
6980,0.12645912,0.060474288,0.0025569352,0.056809682,0.2336971,0.20815273,0.016253045,0.76744884,0.012778164,0.025080087,0.02680926,0.052335862,0.052660316,0.01111207,0.010430244,0.1526191,0.0004553452,0.27721956,0.07330666,0.0050440505,0.010609951,0.39183855,0.09395859,0.007718191
6981,0.028793339,0.027800938,0.008834455,0.020131301,0.28405756,0.10297094,0.0787446,0.23145495,0.020232506,0.059952304,0.0021892,0.007935393,0.67322385,0.030543048,0.006400709,0.1935779,0.00046708132,0.038533077,0.13451505,0.020028228,0.0020096342,0.33554596,0.0013546313,0.0016412484
6985,0.0350817,0.023395529,0.0008491092,0.0017405386,0.7041166,0.079391405,4.632034e-05,0.45698467,0.025826368,0.052250262,0.0010788161,0.00060202956,0.044351436,0.004945069,0.005962784,0.031837985,4.5162267e-07,0.3826908,0.034904737,0.001090237,0.0018968235,0.14717758,0.00020727664,0.00049948844
6986,0.22128665,0.056001633,0.0012695785,0.01039913,0.39894927,0.44779164,0.0018570687,0.5428481,0.01716607,0.018075693,0.014185911,0.004129734,0.073110916,0.008123709,0.0057994886,0.07812991,3.789742e-05,0.10091731,0.023457006,0.00448172,0.008394341,0.37862474,0.0022791298,0.034552258
6988,0.06898227,0.0530257,0.0028468058,0.045986574,0.46236885,0.08193236,0.004535104,0.7436147,0.036667738,0.012102409,0.004586691,0.019727787,0.0056455615,0.03718762,0.02099292,0.01640011,8.791215e-05,0.36360323,0.011559664,0.0033813976,0.13586976,0.0728947,0.02956374,0.010237382
6990,0.0035455886,0.008217921,0.0016134115,0.015127084,0.74350417,0.017350286,0.00045216517,0.554255,0.020562164,0.024823818,0.0019334255,0.0028525577,0.0035805136,0.059676345,0.050766297,0.014288446,3.834141e-06,0.7298565,0.005080724,0.003915597,0.0036194853,0.023848958,0.0012938709,0.0001884696
6993,0.40366533,0.06709622,0.002238468,0.013763022,0.33582732,0.5376648,0.007482405,0.5701494,0.017996207,0.019471237,0.011000074,0.0071388306,0.07621799,0.0055839173,0.0032766866,0.118630454,0.00013150921,0.06955887,0.081538536,0.0046490426,0.017862266,0.51594573,0.006682078,0.0126946
6996,0.5704721,0.33330083,0.002141984,0.026464451,0.04829214,0.08476408,0.005985202,0.64203894,0.0053601204,0.0168576,0.0038086171,0.11618187,0.051050615,0.00068611547,0.0012196233,0.055120926,0.00013055313,0.077420026,0.11073322,0.0012869451,0.0014771053,0.45501938,0.41225448,0.029525153
6999,0.030146282,0.018655518,0.0013459951,0.065939896,0.45707402,0.13838258,0.0062579405,0.75760376,0.020673057,0.0067657856,0.013735432,0.01621821,0.0048605213,0.10384883,0.04202491,0.030744031,0.000115997966,0.4180145,0.0045182495,0.003982321,0.106333,0.072786115,0.011594521,0.006966622
7000,0.025464442,0.013920399,0.0006797937,0.009535217,0.5689232,0.124564216,0.0010394502,0.6873511,0.016732944,0.023887562,0.003486461,0.0020574399,0.0207614,0.007143256,0.0045921323,0.04022457,5.1967754e-06,0.29663157,0.022528037,0.0020214445,0.004471102,0.15426473,0.0007214961,0.001039169
7001,0.25090212,0.03080942,0.0006174696,0.022494614,0.25331873,0.63082135,0.0064850575,0.6860917,0.0058413763,0.008191163,0.03470132,0.011625897,0.036435273,0.0050602793,0.0037598712,0.17208578,0.00017044628,0.10787375,0.024903826,0.003301311,0.0074511264,0.56687176,0.008460562,0.010551854
7002,0.028660301,0.016247436,0.0013564484,0.013308211,0.7353504,0.062343042,0.002552046,0.5383203,0.037502974,0.012866176,0.00086117466,0.0017170461,0.0057145036,0.03973275,0.012186105,0.008727185,1.20419445e-05,0.2945007,0.013811072,0.0026896647,0.10072217,0.04498964,0.0005855346,0.0012091743
7003,0.0062547866,0.009895952,0.00097638805,0.006702602,0.56885016,0.0414125,0.0002081806,0.66162694,0.021569343,0.09581437,0.0032970319,0.0013587025,0.117139876,0.010930783,0.0086477585,0.0829786,1.5314168e-06,0.5176127,0.045484617,0.0012385095,0.00077984564,0.15505452,0.00051226356,0.00018120895
7004,0.037773658,0.03622957,0.005009358,0.011163316,0.7962496,0.0898833,0.001200695,0.41443893,0.060152728,0.03932703,0.0030794425,0.0029678352,0.016709004,0.043546252,0.034218192,0.027969712,1.6392722e-05,0.43124387,0.021315778,0.008202858,0.029592823,0.077501096,0.0014495841,0.0018512153
7005,0.0099645145,0.0073473565,0.00037429717,0.0046472396,0.6615095,0.07545735,0.00011003982,0.62529564,0.012758561,0.039610155,0.0036544949,0.0008362539,0.038051374,0.0076516685,0.0076323906,0.060804043,9.4618326e-07,0.5306498,0.023229994,0.0010537925,0.0009884216,0.16789088,0.000294585,0.0001796011
7006,0.13081157,0.031936858,0.0013072281,0.0066952608,0.46700048,0.4948438,0.0006177094,0.44557446,0.015013493,0.0364503,0.029944938,0.002669924,0.12726024,0.005922546,0.00901805,0.29107988,2.7574793e-05,0.18253283,0.030206297,0.004855438,0.0013803244,0.5502401,0.0015910843,0.0026512472
7009,0.14592527,0.050348032,0.0042192983,0.0053105834,0.672065,0.3302743,0.0008765577,0.36193675,0.055352364,0.061045058,0.008651437,0.0016695091,0.19201052,0.015922716,0.013808124,0.13706428,2.5686752e-05,0.17969571,0.0634298,0.008132782,0.011212675,0.36350563,0.0011207465,0.003207199
7010,0.015486328,0.13028958,0.06511265,0.010496458,0.4519886,0.011110692,0.00045138143,0.52880013,0.23648877,0.51781136,0.0017195932,0.0082699545,0.093306564,0.017375045,0.050969996,0.061252076,8.623157e-06,0.548692,0.08468426,0.010090206,0.0010115143,0.052386746,0.0019999596,0.0008078592
7011,0.30704492,0.053838927,0.001169776,0.006944949,0.35251147,0.49361506,0.0010578767,0.5255329,0.011859853,0.031113183,0.018204002,0.0036083043,0.12409566,0.0027114425,0.003929281,0.23880813,3.463676e-05,0.13260476,0.08651599,0.003202322,0.0023094178,0.6527723,0.004309242,0.0031958546
7014,0.007966471,0.012162049,0.0026647374,0.017658947,0.75373834,0.047141217,0.0014530567,0.45430893,0.033018228,0.026586195,0.0035963168,0.0026448988,0.011185112,0.08623075,0.051099364,0.026395889,1.3406301e-05,0.52623844,0.0068803676,0.008136629,0.01222182,0.04789079,0.00078257994,0.00073398126
7016,0.020199208,0.007549395,0.00028843948,0.002013153,0.73255646,0.17728929,3.9786555e-05,0.47457194,0.012874069,0.027762204,0.0043822257,0.00031615677,0.037822485,0.0063198716,0.0076649133,0.07651163,6.382508e-07,0.4164115,0.013407959,0.0013678565,0.0007909867,0.22666936,8.634636e-05,0.00018496561
7022,0.20153518,0.23256375,0.0077165617,0.03691186,0.29910043,0.060314316,0.0019095506,0.6946014,0.040301565,0.045242812,0.0067159864,0.07887303,0.017881066,0.007129842,0.01702833,0.033534214,7.686164e-05,0.3807063,0.03098356,0.004916642,0.01316696,0.14980292,0.17726877,0.032434095
7026,0.09399298,0.06337087,0.009015804,0.040292647,0.19559503,0.083918944,0.09648488,0.4577259,0.022164421,0.06552888,0.0030615258,0.028148375,0.3283128,0.016408319,0.00523925,0.18172373,0.0006621457,0.07943505,0.4131817,0.009463503,0.0066639856,0.40461546,0.019005999,0.001632286
7027,0.49401337,0.32161972,0.0026964932,0.036772683,0.08952654,0.12430259,0.004305166,0.71791464,0.009168877,0.013241163,0.008378215,0.12391171,0.017922454,0.0012418199,0.0029089155,0.038724944,0.00014359699,0.1312489,0.032814752,0.0020203297,0.0044429977,0.3511964,0.41304728,0.07916558
7029,0.055842295,0.031313978,0.0011509268,0.022343539,0.33545184,0.21134241,0.0018082975,0.70076996,0.014105376,0.031370614,0.021294266,0.010870088,0.0897451,0.008456814,0.0084618665,0.14038476,4.224375e-05,0.25599408,0.021116158,0.0033742315,0.0028381897,0.32455385,0.007933703,0.005984042
7031,0.0041418886,0.0125693735,0.002059786,0.065268174,0.33236718,0.01959035,0.0073541906,0.8320578,0.036268163,0.027760493,0.0022670857,0.010172491,0.015614723,0.06607734,0.01367503,0.013800256,4.4086784e-05,0.3174731,0.0067604175,0.0022991714,0.016074246,0.02605731,0.0035096933,0.0037128192
7035,0.42614284,0.034161054,0.00044981472,0.001866028,0.37443635,0.6670787,0.00018311081,0.35148883,0.0074548484,0.017927835,0.013903515,0.00073040975,0.1648919,0.0014607192,0.0023666765,0.25632247,9.2256e-06,0.072631516,0.04962268,0.001977987,0.00086712005,0.7237178,0.00062496477,0.0015028123
7041,0.2520692,0.07894069,0.013999459,0.017040389,0.7071897,0.25347954,0.026428621,0.3045882,0.10457497,0.018340135,0.001685849,0.004405848,0.018871812,0.04288572,0.016279574,0.025963066,0.00020932351,0.07964891,0.052212078,0.01455538,0.37999743,0.13443175,0.0025691534,0.0066342927
7043,0.54842365,0.52174115,0.05490612,0.0009422245,0.26834932,0.010226305,0.0011300504,0.06890823,0.16737652,0.27365842,1.6073242e-05,0.002246035,0.2986738,0.0028795202,0.0050082644,0.020591361,8.430869e-06,0.030370604,0.8353491,0.0027286198,0.003310913,0.18443179,0.0009485242,0.00045616133
7045,0.010802896,0.012089162,0.0010321288,0.017580062,0.5796033,0.06647263,0.00076170824,0.6913459,0.021118883,0.039335694,0.007447513,0.0034376201,0.049322437,0.03071161,0.016894666,0.060513668,9.736942e-06,0.50586814,0.020143207,0.0023161473,0.005487455,0.123242304,0.0022106897,0.0009318246
7052,0.0012265719,0.002413479,0.00020055503,0.0026473366,0.8546212,0.008717154,2.1298916e-05,0.49363738,0.011113563,0.01190702,0.0002245328,0.00022755201,0.00091997616,0.018959833,0.014541946,0.0028142892,7.6001605e-08,0.7276288,0.0016310586,0.0007506623,0.0013155689,0.009879414,2.9915078e-05,2.9205483e-05
7054,0.058871314,0.053937607,0.0057888497,0.049777843,0.5783144,0.06678617,0.0077780737,0.6240354,0.07002236,0.012828114,0.0025760431,0.013231129,0.0050533344,0.086874984,0.03626865,0.01146976,9.8068725e-05,0.3059843,0.008388533,0.006199767,0.28213242,0.041493155,0.012956566,0.009695086
7056,0.010069728,0.012213366,0.01015794,0.089247376,0.33921027,0.040011305,0.5986792,0.30478385,0.023217356,0.012864698,0.0005441401,0.020359104,0.016996156,0.19597828,0.017777232,0.018965688,0.0012956745,0.046875603,0.016629701,0.02908723,0.024118235,0.04265933,0.0016877707,0.0021106375
7057,0.2896211,0.43555555,0.016302776,0.031374525,0.10818831,0.046039917,0.0016148292,0.6577587,0.072269134,0.1301698,0.0059889476,0.09119705,0.06673377,0.0038529986,0.010133636,0.040808685,0.000108340806,0.1645719,0.043488447,0.00408686,0.0030673617,0.17406598,0.13304569,0.1395354
7059,0.09728753,0.1035863,0.020347726,0.008779224,0.81859255,0.1861753,0.0009030544,0.28755844,0.15401746,0.08659401,0.0057022027,0.003959766,0.036221623,0.043690734,0.057716236,0.053445566,3.092482e-05,0.33646572,0.027168456,0.020398123,0.030963624,0.1147603,0.001590623,0.0076942523
7062,0.039497685,0.019037671,0.0022955113,0.002058623,0.7343884,0.096330784,0.00033794303,0.24111427,0.047256216,0.055634547,0.000976938,0.0002656686,0.25734323,0.02007838,0.009401454,0.051491316,3.2170537e-06,0.17021446,0.062126745,0.0040193386,0.0070703463,0.19745149,6.70182e-05,0.00034774689
7064,0.1721871,0.039338533,0.001311021,0.006659174,0.5494245,0.4295604,0.0008487606,0.49925002,0.023704413,0.027988821,0.0104923,0.0021794257,0.08065476,0.007503504,0.006657266,0.10956943,1.841837e-05,0.14698634,0.026777895,0.004532771,0.0062194588,0.37942636,0.0010757246,0.006713831
7069,0.08225069,0.044112787,0.0027381005,0.005361859,0.6287956,0.17998871,0.00047506913,0.48579904,0.038468212,0.06671965,0.0045897593,0.002169669,0.10262729,0.008092616,0.009896882,0.08591349,7.5568337e-06,0.26064166,0.06409909,0.004162159,0.0038869665,0.2788273,0.0014171266,0.001932032
7079,0.565397,0.38875827,0.005480329,0.026132192,0.095345855,0.06403565,0.006424826,0.5858388,0.013831662,0.026201164,0.002558143,0.113408364,0.044260044,0.0014488162,0.0028795393,0.0468946,0.00020347198,0.110353805,0.15215774,0.0026391079,0.005431848,0.37632915,0.48484382,0.01836316
7083,0.010658474,0.005946662,0.0003132549,0.008094254,0.56079304,0.12194355,0.0002479817,0.67825174,0.010602165,0.037649337,0.010463768,0.0010412779,0.08748714,0.012699358,0.0086453045,0.12812738,2.6008775e-06,0.4649257,0.025494255,0.0011808662,0.0012221007,0.26413345,0.00041017678,0.00026132358
7084,0.06068461,0.05810219,0.0060349614,0.01886259,0.34475803,0.17827892,0.0031170833,0.6050569,0.052230913,0.10769711,0.011664275,0.007378003,0.3081073,0.016844772,0.009833106,0.132427,6.192441e-05,0.14374064,0.042164672,0.0067201685,0.004395912,0.2855537,0.003212687,0.01796742
7088,0.061907932,0.047089547,0.005619749,0.002438987,0.19139655,0.078717396,0.0007968829,0.18826506,0.028160347,0.17413415,0.0015379472,0.001278354,0.87222993,0.004787934,0.004788904,0.26332724,1.2175316e-05,0.043117687,0.17235528,0.0040108073,0.00016386173,0.51002836,0.00038942505,0.00055803184
7094,0.25888297,0.043790862,0.0027231665,0.09868452,0.24883674,0.5626721,0.13345087,0.5967456,0.0119338995,0.0032091253,0.022190943,0.061454903,0.005300178,0.049683493,0.016130865,0.062129207,0.0024774359,0.093659624,0.008849446,0.011394418,0.14047123,0.24625845,0.03168601,0.040762715
7096,0.6501602,0.2667369,0.00725141,0.0065356344,0.30298606,0.34505334,0.0011897977,0.38586205,0.033580452,0.07370858,0.008146695,0.009958059,0.14315422,0.0023287702,0.0059051574,0.15212917,6.3492334e-05,0.10729784,0.26038933,0.0045204298,0.0049619563,0.6449716,0.024727983,0.012668962
7097,0.67426336,0.1087595,0.0014811413,0.0062981746,0.2583174,0.5820077,0.0015713719,0.45833093,0.010337755,0.016185611,0.008754048,0.005742551,0.05683299,0.001548388,0.0021389865,0.118030526,4.9120426e-05,0.056256186,0.124961875,0.00234155,0.0064658355,0.68478644,0.009091357,0.009667892
7098,0.12863967,0.22554144,0.007201209,0.05702128,0.13253765,0.045122355,0.0027870142,0.794695,0.038803454,0.07871754,0.010618599,0.120551,0.041236486,0.005403316,0.011629574,0.051571816,0.00012537315,0.32484478,0.031343475,0.0034580424,0.004268416,0.1585477,0.16738199,0.0511119
7099,0.0788312,0.08853625,0.04906171,0.057473905,0.50463325,0.06721778,0.2566071,0.33723605,0.10113622,0.06823661,0.0017354746,0.023981554,0.061325062,0.0872695,0.027864778,0.050062686,0.0013278764,0.1116074,0.13724515,0.045327887,0.07289972,0.1102965,0.011360022,0.0045107603
7101,0.07551346,0.05318974,0.007959728,0.0033545783,0.62267137,0.10537917,0.0009898277,0.32213306,0.08317702,0.11340427,0.0012184619,0.000910845,0.29441905,0.012432593,0.008925029,0.060851265,8.720576e-06,0.1288205,0.1297019,0.0061636856,0.0068032993,0.22478364,0.0003212877,0.0013213049
7102,0.8522779,0.43302405,0.0048135384,0.0006299819,0.15620704,0.1210177,0.0001875773,0.091480136,0.015393191,0.05980566,0.00024239873,0.0024287053,0.1786113,0.00037435538,0.0010273277,0.052482318,7.3646515e-06,0.02187453,0.66769385,0.0007994252,0.00071258965,0.6402777,0.0040789885,0.001624131
7112,0.47942302,0.40178627,0.009807229,0.014188243,0.23528956,0.19258702,0.00064551673,0.5361266,0.048650146,0.08778342,0.010811215,0.033644233,0.048547637,0.0027301435,0.01011139,0.056355484,4.6380188e-05,0.16540377,0.0422888,0.004994793,0.0035590287,0.33475903,0.04283842,0.17487425
7114,0.8718707,0.27195036,0.002008946,0.0017073812,0.16967905,0.49704355,0.0002520843,0.23468626,0.008895365,0.027894588,0.0031417995,0.0037613732,0.062541075,0.00029181986,0.001167181,0.10341965,1.9024203e-05,0.031283632,0.26893836,0.0013703117,0.0009001027,0.78221095,0.008254256,0.0066785277
7115,0.017793225,0.015331372,0.0010773295,0.012507709,0.12112645,0.13374183,0.001483142,0.6030946,0.0089521995,0.13498044,0.015458705,0.0038498247,0.7525588,0.004349818,0.003586822,0.48433632,2.0513855e-05,0.13855588,0.110512175,0.0016137586,7.822635e-05,0.61214745,0.0012517889,0.0006046535
7117,0.011577522,0.018549459,0.0043909997,0.027917273,0.70823044,0.054405943,0.003381537,0.5087398,0.040656365,0.029965833,0.0047484976,0.0056846654,0.009596065,0.1018305,0.059778918,0.028975949,3.3620123e-05,0.51181597,0.009486533,0.01005085,0.02083241,0.049093433,0.0020771716,0.001382014
7119,0.7182001,0.34836748,0.0034669586,0.008167385,0.14710218,0.24878398,0.0009926935,0.47677073,0.011403537,0.03650993,0.006714953,0.026949577,0.05445668,0.0005975167,0.002443059,0.11327101,4.770762e-05,0.1070507,0.20341001,0.0021486322,0.00150314,0.6797247,0.103239045,0.014637208
7121,0.07813072,0.121270396,0.028168725,0.03949647,0.4329346,0.037745498,0.027299283,0.554409,0.10244517,0.15467812,0.0025422848,0.02619153,0.15909198,0.026516125,0.018568376,0.0649499,0.00025633813,0.23729628,0.20996204,0.016140027,0.017411252,0.1474851,0.033384353,0.0039973687
7122,0.008227168,0.0014192092,1.4202235e-05,0.0033156981,0.58741695,0.16023052,5.984996e-05,0.7240955,0.0013089343,0.0023358846,0.004265977,0.00031254312,0.0028728168,0.0024867912,0.0016769446,0.030322878,2.6179382e-07,0.39574546,0.0022081921,0.0002432317,0.0005305019,0.16582778,9.569365e-05,7.224221e-05
7123,0.04284493,0.096199006,0.020562736,0.005168879,0.5858296,0.03811115,0.00043863078,0.4374002,0.13470885,0.2657088,0.0014362596,0.0031215956,0.17673549,0.0109417075,0.018602028,0.0633242,6.9682346e-06,0.34486997,0.15956604,0.005315296,0.003228529,0.13464527,0.0016794082,0.0008656208
7124,0.4246268,0.031785052,0.000441539,0.018275443,0.19628914,0.74969184,0.006075587,0.65206224,0.004681545,0.0049185534,0.029013403,0.008624419,0.026452255,0.004563853,0.002794915,0.11492245,0.0001537045,0.05862935,0.018580057,0.00266698,0.011069811,0.5808707,0.004083225,0.026576946
7125,0.20905894,0.10769599,0.012260547,0.049588982,0.59828424,0.15346387,0.021672966,0.46895832,0.1244557,0.009495943,0.001976917,0.013901469,0.009321481,0.08566212,0.028686557,0.011563431,0.00031829198,0.114701316,0.017199617,0.0075801457,0.7901542,0.064644344,0.016419759,0.02239936
7126,0.20265953,0.13955317,0.0009118154,0.12740053,0.032219794,0.01648321,0.047132388,0.82938653,0.0020160018,0.0016753767,0.002110723,0.42653188,0.0025705062,0.0015389968,0.0017095421,0.01426661,0.0011079235,0.1428822,0.0122952545,0.0012847622,0.004284429,0.10101938,0.9281052,0.0048654056
7128,0.0033147074,0.008975294,0.0010771116,0.024401216,0.55222976,0.012360887,0.0007034162,0.73946226,0.018001758,0.027546309,0.0021257247,0.0051648645,0.008480278,0.045653027,0.02484666,0.014662896,5.4803822e-06,0.67314386,0.00685252,0.0016794779,0.003914008,0.026421562,0.0034706376,0.00039918892
7133,0.180112,0.09047415,0.008507911,0.08646397,0.3839474,0.1355425,0.06447331,0.6508493,0.06214315,0.009041958,0.0034382,0.03599907,0.010196574,0.06285744,0.018372023,0.017208477,0.00067835435,0.12830035,0.020662315,0.007431949,0.49803793,0.08773495,0.05570248,0.02317287
7137,0.34916583,0.5096072,0.010862673,0.020691635,0.20818558,0.16809186,0.0003558355,0.5753318,0.062461924,0.054620057,0.012407637,0.04718033,0.012251853,0.004123005,0.01563595,0.014240627,3.8632323e-05,0.14004965,0.0051803524,0.004705734,0.0041878857,0.111339085,0.030726686,0.7657487
7138,0.3512811,0.19896026,0.0023308161,0.02950584,0.2261227,0.40013996,0.0011255976,0.6352526,0.019003913,0.010402717,0.021568941,0.037742734,0.006378745,0.0055632764,0.010820046,0.02625455,6.929845e-05,0.12705778,0.0036679774,0.0034512563,0.013433826,0.2250333,0.026622554,0.4219006
7140,0.027770301,0.033335134,0.0021366787,0.031454828,0.3750957,0.091366775,0.0024768563,0.79711896,0.03342701,0.04757253,0.009382972,0.01013832,0.053868912,0.020066464,0.010457391,0.05629396,3.5070643e-05,0.33003315,0.023511516,0.0027096353,0.011716326,0.1365969,0.0057546212,0.007996252
7141,0.116785534,0.12306582,0.03303112,0.020788128,0.71772563,0.1242024,0.012572256,0.37767774,0.16710566,0.098866045,0.003300884,0.0074461172,0.09621083,0.047573563,0.028831005,0.0450593,0.00015702221,0.18756884,0.098648064,0.02591146,0.094792254,0.13996483,0.0050167167,0.011356312
7147,0.38855404,0.02138419,0.00019933285,0.0029175307,0.4582137,0.78281444,0.00024288756,0.41291413,0.0042976025,0.0057591326,0.022666343,0.0010995382,0.028911917,0.001834948,0.0027468852,0.18559553,1.0882552e-05,0.085132316,0.0107001215,0.0019739359,0.0013497801,0.6523309,0.0006646187,0.0029352922
7151,0.49204347,0.037846588,0.00051336945,0.016550941,0.29013363,0.6732805,0.006839193,0.62675536,0.004023582,0.0038710602,0.02375822,0.01125267,0.0128478445,0.0029887015,0.0025525328,0.14532639,0.00012735743,0.10611801,0.050056633,0.0022599578,0.015932297,0.6596509,0.020136325,0.0036701595
7154,0.0679809,0.19765206,0.081483714,0.010939576,0.6875281,0.038237624,0.0015614965,0.34803465,0.27472165,0.27419153,0.0016206306,0.0074240915,0.070637345,0.028157502,0.052127134,0.03815753,3.1903764e-05,0.3454143,0.0904624,0.024886547,0.013936864,0.06920837,0.0034086166,0.003858326
7155,0.15265976,0.12747577,0.018540468,0.0048035006,0.4751861,0.104182616,0.0013233206,0.28640452,0.104516074,0.18365788,0.002178818,0.0028561295,0.5072737,0.0110310195,0.012600109,0.118177116,2.516295e-05,0.11509075,0.21712014,0.008342805,0.0054725404,0.3380142,0.002277933,0.0028707394
7156,0.09744771,0.09830853,0.0101848,0.11185255,0.1534125,0.14319177,0.049061187,0.747938,0.04127445,0.05593375,0.025072822,0.09556396,0.12526976,0.044391125,0.021528898,0.12165075,0.0018523573,0.18619585,0.05740483,0.0098439995,0.027094755,0.2399072,0.085341595,0.045616206
7158,0.21213041,0.043512896,0.0014631505,0.006970548,0.60595423,0.39400217,0.0010180125,0.49707243,0.022710608,0.024363242,0.010740577,0.0026045835,0.058465134,0.00749994,0.0070708315,0.11552014,2.6475742e-05,0.19676924,0.058294892,0.003927126,0.013728225,0.43761465,0.003376542,0.002877808
7161,0.00973638,0.009240902,0.0006646915,0.0043509584,0.8459083,0.055188943,9.821968e-05,0.4266587,0.021268776,0.014418828,0.0014007163,0.00081098283,0.0031019433,0.025554387,0.024244118,0.011110178,9.214645e-07,0.5765322,0.0030980485,0.002742535,0.0049034557,0.034504775,0.00018396239,0.00037401912
7164,0.19783187,0.13923867,0.009460608,0.017546607,0.29108673,0.13523915,0.0049184174,0.5507754,0.047870245,0.1352503,0.008298988,0.016100124,0.30963612,0.006168393,0.008717868,0.1819785,9.751434e-05,0.16545182,0.2122538,0.006678638,0.003981669,0.45225093,0.02442295,0.0069923066
7165,0.03484417,0.03100287,0.0037460204,0.052673183,0.46658915,0.0786095,0.020633895,0.71543694,0.03036428,0.030135479,0.006568974,0.018582305,0.04364247,0.044022497,0.016535526,0.050196826,0.00018925255,0.31136024,0.042167515,0.0065392395,0.030473962,0.13089533,0.02445508,0.0040108683
7166,0.20865275,0.12335385,0.0046651047,0.02235266,0.12551858,0.09638444,0.012507048,0.5324197,0.014154616,0.07652195,0.004300882,0.026552582,0.35611528,0.0035406018,0.0027599034,0.18243887,0.00013216214,0.090656795,0.35655662,0.0036606705,0.0013405388,0.524191,0.0351759,0.0042254175
7167,0.013926245,0.013790842,0.0012882684,0.0070827403,0.49952993,0.08365653,0.00043478693,0.6015347,0.023334797,0.09078617,0.004931455,0.0014374885,0.25876272,0.010145879,0.007097409,0.1289306,3.6309234e-06,0.31496745,0.0494765,0.0021543878,0.000910855,0.25241178,0.00058946974,0.00049753825
7170,0.09353308,0.21655574,0.044810336,0.030203803,0.4316915,0.07341766,0.0018854315,0.4856352,0.13715309,0.24065459,0.017066844,0.043881662,0.074660584,0.027749266,0.08072028,0.14021762,0.00013766144,0.48101312,0.049073953,0.021030687,0.004431461,0.15543808,0.030541165,0.01213571
7175,0.06125619,0.037048213,0.003958965,0.046426695,0.40989247,0.15161546,0.02311448,0.731989,0.034012947,0.03713989,0.008480017,0.015116232,0.07215836,0.031204121,0.010851048,0.07530352,0.00021196861,0.2230273,0.07140157,0.006217002,0.037341487,0.21840267,0.014322557,0.006684135
7177,0.75951856,0.08142907,0.00038202852,0.0062088016,0.2517263,0.77291167,0.00033180937,0.4757416,0.0049714814,0.0033910542,0.0153286,0.005327562,0.0071672187,0.0011466393,0.002571377,0.068790175,2.4374674e-05,0.061938662,0.01559098,0.001085759,0.012037669,0.6733912,0.0064161634,0.019358184
7179,0.10205204,0.05839975,0.008012391,0.004936564,0.81421554,0.18608227,0.0009766667,0.26872173,0.10093618,0.059769694,0.002880699,0.0013059004,0.06846699,0.027899733,0.024185589,0.0470466,1.9177578e-05,0.22695734,0.045763288,0.011605117,0.031254247,0.15466326,0.000508063,0.0026728981
7180,0.26749906,0.102746144,0.008095996,0.011295208,0.60363185,0.30457604,0.0035248618,0.4352966,0.062255967,0.06258037,0.009667518,0.006244859,0.16129917,0.015756866,0.013761314,0.12775536,0.00010347117,0.17814206,0.14099766,0.010031863,0.028839333,0.39895284,0.009909609,0.0071688304
7183,0.019848809,0.037761483,0.007145471,0.048602853,0.5618111,0.052099578,0.0051042703,0.6606505,0.067492545,0.043060273,0.0059985984,0.01289259,0.014036247,0.09888414,0.051070265,0.031003144,7.57363e-05,0.46544456,0.012824002,0.008593355,0.045320056,0.05195781,0.007178139,0.005005179
7184,0.10400807,0.058430273,0.003888776,0.00890506,0.2639804,0.1904423,0.0017028252,0.5349056,0.029895464,0.12283911,0.00888366,0.004112192,0.5056905,0.005772106,0.005604786,0.24100944,2.8371513e-05,0.121661484,0.12890083,0.003922861,0.0011705243,0.51241314,0.003018268,0.003563772
7186,0.04357336,0.025173152,0.001593011,0.017539112,0.65274656,0.13778123,0.0013201772,0.6032181,0.022157937,0.01898206,0.009126258,0.006032825,0.015797522,0.029295485,0.02273899,0.048965078,2.3359176e-05,0.45458233,0.015313198,0.004331304,0.01769021,0.14489973,0.00609163,0.0023762328
7190,0.006196272,0.028907474,0.015332661,0.022958683,0.66348624,0.018275328,0.0025499545,0.5179156,0.09406065,0.13337912,0.001710497,0.0048334287,0.040127456,0.06231027,0.043050602,0.02835041,1.9404262e-05,0.49315393,0.023343861,0.013868641,0.0054840418,0.03798676,0.0013431918,0.00088933524
7192,0.002908058,0.0059216446,0.0003527442,0.010676645,0.569275,0.024287654,0.000153587,0.76518595,0.01196026,0.02469903,0.0020168494,0.0020108388,0.0075821164,0.011380956,0.008401628,0.016278071,1.0339829e-06,0.59537137,0.005167509,0.00084559986,0.0009593876,0.039486952,0.00056749413,0.00032720884
7193,0.097014084,0.08272312,0.00869155,0.0667373,0.5023825,0.0633684,0.022705406,0.6078554,0.10477634,0.009423359,0.0011508545,0.016247183,0.005124111,0.0935001,0.025214028,0.0058047115,0.00022400611,0.15533099,0.009734708,0.0052428944,0.6771518,0.031602785,0.015418702,0.020625431
7196,0.0011790319,0.0015153802,0.0003077774,0.018703975,0.59690696,0.018779729,0.003497273,0.6412128,0.008055443,0.013574134,0.0010255405,0.0009265605,0.020191528,0.051850118,0.008522657,0.016613375,4.8262177e-06,0.36550155,0.008335569,0.0015812793,0.0038999487,0.046814475,0.00020374222,9.465135e-05
7206,0.12527303,0.19393162,0.06548803,0.017900905,0.59922004,0.03430895,0.022572022,0.3780501,0.22467688,0.18683414,0.00077388954,0.009528163,0.10276568,0.025351064,0.022630312,0.0314495,0.00013634254,0.17879048,0.29993325,0.023102893,0.047903046,0.100733474,0.008016069,0.0027298022
7208,0.07514772,0.01357573,0.00033065738,0.006387161,0.22285487,0.47107968,0.0004760426,0.5221176,0.004572612,0.038816996,0.03310977,0.0020039168,0.34108895,0.002622898,0.003220642,0.4268877,1.5721573e-05,0.1254847,0.03466804,0.0017623922,0.00012977008,0.705668,0.0007160031,0.0012136133
7214,0.19542612,0.06196081,0.0051451004,0.008407769,0.62495947,0.2255808,0.0032387758,0.43117943,0.06304083,0.050598234,0.0040348377,0.0026151764,0.14694598,0.019110737,0.009719614,0.07978793,4.391986e-05,0.15808581,0.1534896,0.0053647445,0.05050996,0.3229616,0.0030959167,0.0031839558
7215,0.04223907,0.031194579,0.0025612998,0.010947834,0.15821145,0.17965768,0.0017109987,0.5165756,0.01623098,0.15610579,0.018812003,0.0049657365,0.7219331,0.0050721145,0.006143246,0.44339806,4.282483e-05,0.12970144,0.10006552,0.003604766,0.00016907477,0.598394,0.0018611522,0.0017916962
7218,0.008811182,0.008804876,0.0013101106,0.002219757,0.12402525,0.07082536,0.00037801274,0.20585342,0.008817869,0.15562277,0.0022298233,0.0005703785,0.9624063,0.004127197,0.002616972,0.43344414,4.592977e-06,0.041837506,0.084136456,0.0022294957,1.2896015e-05,0.594069,6.355788e-05,0.00011463117
7221,0.0024454147,0.008689403,0.0021460115,0.0064440067,0.8383538,0.015399691,7.340427e-05,0.41372257,0.031573653,0.041068926,0.00133059,0.0011925941,0.003174579,0.051978823,0.07183705,0.013132135,9.535561e-07,0.7916211,0.0033499408,0.0043434952,0.0017181874,0.017056162,0.00023774497,0.00010587275
7226,0.21357805,0.12135551,0.0076011773,0.008797068,0.348384,0.23538354,0.0016583822,0.45568803,0.048721764,0.12356327,0.008818465,0.006586713,0.31602764,0.0050904015,0.008448063,0.18763156,4.60392e-05,0.12420633,0.1217311,0.006848365,0.0023813604,0.48221642,0.0064157736,0.008618383
7227,0.25811347,0.034107406,0.0014822348,0.011444076,0.678862,0.441241,0.0028170352,0.44294024,0.030000683,0.007756043,0.0073157735,0.0028636768,0.016054627,0.024122957,0.011295959,0.047872104,4.8599504e-05,0.14668526,0.020720573,0.004661444,0.15282346,0.26696953,0.0023829355,0.005174065
7230,0.17427325,0.06851053,0.0049049705,0.005504719,0.7704054,0.38814068,0.0007076862,0.34169486,0.06940806,0.03271806,0.006424494,0.0021880318,0.025006644,0.014769802,0.017332535,0.055199347,2.0398444e-05,0.17832272,0.020499434,0.009805918,0.019474925,0.1974328,0.0008723966,0.007977603
7232,0.0025579084,0.004292522,0.00038315152,0.012732995,0.5861243,0.025010854,0.0004466818,0.7504506,0.012092727,0.022669418,0.0017389187,0.0016995051,0.010248329,0.018712169,0.008566597,0.01769238,1.9554398e-06,0.5306797,0.0069032595,0.0010646872,0.0015995784,0.040501107,0.00048171057,0.00021596423
7239,0.31333056,0.08145105,0.0009954164,0.006402835,0.40091023,0.6034988,0.00031568576,0.48036042,0.016527517,0.011075189,0.01185101,0.004102911,0.010906893,0.003090732,0.005269404,0.03799159,1.4321038e-05,0.075784154,0.004911904,0.0031800142,0.00392683,0.2904463,0.0010988326,0.1045652
7240,0.0076357434,0.007553994,0.00042339406,0.0035227134,0.8051229,0.036441304,4.2013467e-05,0.491599,0.010322936,0.015715623,0.0013556798,0.0011289776,0.0025506895,0.012233736,0.018885814,0.012347138,4.2026505e-07,0.70716536,0.004548514,0.0014440331,0.0012633422,0.043989457,0.00039110912,0.00014314352
7241,0.083450645,0.05695921,0.00760655,0.006262812,0.8055342,0.14705525,0.0010047647,0.33681038,0.09441428,0.061275814,0.0029322112,0.0018183265,0.053585526,0.02575129,0.022927253,0.041622147,1.8339324e-05,0.28557244,0.050916664,0.009880463,0.031067561,0.1430493,0.0010428731,0.0025105034
7245,0.012047813,0.01621207,0.002036519,0.008436498,0.777999,0.052525636,0.00029991727,0.49538723,0.036600955,0.0391921,0.0027234594,0.0017356556,0.014617064,0.03108819,0.026540574,0.025725277,3.6994868e-06,0.54802513,0.010349104,0.004858261,0.0058021722,0.058645952,0.000711064,0.000633391
7253,0.44627342,0.20115481,0.006257653,0.00092616957,0.18111584,0.03949605,0.0005956497,0.100914195,0.026931942,0.08706704,0.000103275896,0.0010807377,0.6264808,0.0020973783,0.0016491846,0.06839045,3.957596e-06,0.020507801,0.64480746,0.00103199,0.000971466,0.45175183,0.00094567455,0.00042921273
7264,0.020968163,0.01777968,0.0018294192,0.021443179,0.5096749,0.07681579,0.0048408066,0.6988349,0.020956783,0.055713437,0.0054799477,0.005492539,0.08403224,0.015553384,0.008825208,0.08486106,2.9385537e-05,0.38060695,0.09365533,0.0031791406,0.0055581527,0.21464063,0.00441178,0.0007579861
7266,0.17713426,0.0823571,0.004538009,0.012077988,0.40666136,0.234952,0.00230266,0.5514601,0.04184934,0.081224546,0.009881078,0.0063170907,0.24266063,0.00886253,0.008275643,0.15895455,4.7779053e-05,0.16618003,0.11781746,0.005135958,0.008221718,0.44474435,0.007607266,0.007440266
7269,0.0059590884,0.013280227,0.0019045307,0.010636574,0.708763,0.016852813,0.00065131084,0.61169624,0.035820253,0.039432734,0.00055822503,0.0017580211,0.009366994,0.024354799,0.012674295,0.008835295,2.4255753e-06,0.49149257,0.014222139,0.002517568,0.0060626687,0.026951527,0.0005348771,0.0003921614
7270,0.030116085,0.009950201,0.0005130791,0.0019593681,0.6539382,0.20751043,6.522411e-05,0.42749164,0.017206758,0.046682455,0.005297182,0.000318002,0.14327608,0.007563735,0.007979173,0.1427977,1.1995681e-06,0.30641866,0.030450465,0.0016224394,0.0007539687,0.344956,0.00011147627,0.00019372102
7274,0.0013626505,0.0068083433,0.0019419703,0.009527421,0.6367073,0.008749245,0.00038985073,0.6782526,0.02625066,0.11312054,0.00076096796,0.001600085,0.032512177,0.018907495,0.012288273,0.021948747,1.3651841e-06,0.630053,0.029498817,0.0017685808,0.0005865227,0.03461238,0.00036370763,6.901967e-05
7280,0.41212517,0.4180114,0.027118254,0.01598929,0.20078424,0.029846612,0.0045663845,0.4700266,0.072285414,0.19488765,0.0014259967,0.053727016,0.1072749,0.0031079224,0.008469683,0.06417297,0.00012521519,0.19881418,0.44353315,0.0065406463,0.0039135464,0.259162,0.121300235,0.0051831296
7285,0.34947926,0.36210862,0.068201326,0.0039238892,0.5380784,0.042135257,0.0028216455,0.17997362,0.24871571,0.25287876,0.00031659115,0.004072953,0.27496663,0.010207109,0.015724257,0.03991692,3.5220935e-05,0.08966347,0.5166597,0.010026797,0.022088846,0.18697956,0.003292303,0.0026529676
7287,0.5595217,0.1309556,0.0016436557,0.009903261,0.307758,0.5251641,0.0014772438,0.5680233,0.01149067,0.015749251,0.013723307,0.01090871,0.029145818,0.0014599222,0.0030080075,0.11031039,5.656424e-05,0.104445525,0.05986751,0.0033149454,0.005416006,0.62815356,0.024549086,0.016325358
7291,0.08535737,0.069939874,0.011604001,0.006671468,0.57308775,0.11683218,0.0018745102,0.37468815,0.08973682,0.13483642,0.002675406,0.0025301955,0.38169473,0.017309645,0.0125155905,0.10440601,2.6147642e-05,0.16133802,0.16499555,0.007727322,0.0106345,0.2957802,0.0018395215,0.0020989946
7294,0.0035226445,0.0046674125,0.0002543496,0.0042216294,0.69439936,0.033037245,5.5876502e-05,0.66058576,0.010857063,0.030089883,0.0014874644,0.00059513503,0.011142596,0.0074945535,0.0064819343,0.021310138,3.061068e-07,0.5907339,0.008718136,0.0007234629,0.00063175,0.0656301,0.00014410341,0.00011776751
7295,0.0074510383,0.0058766743,0.00042134104,0.0054970006,0.7475172,0.053445093,0.00017818091,0.5601251,0.014781478,0.023067366,0.0022182725,0.0007197357,0.017363122,0.018266099,0.011391024,0.026128199,1.1915812e-06,0.521157,0.010076679,0.0016548643,0.0027532442,0.080678076,0.00025654642,0.00019855227
7301,0.053945612,0.042968977,0.0038203422,0.009254481,0.22991388,0.13805477,0.001916843,0.53334063,0.02984777,0.15008256,0.006795725,0.00354668,0.66078365,0.00560625,0.0044711805,0.24948616,2.2364282e-05,0.10156901,0.11426995,0.00366272,0.0005910325,0.4806329,0.001993478,0.0026943153
7305,0.17904978,0.10256497,0.0050404523,0.016893541,0.318417,0.17354716,0.003752475,0.6224902,0.03777674,0.0882716,0.0083775055,0.010792123,0.23542258,0.0070667625,0.0065457914,0.13423003,6.0853592e-05,0.1627333,0.14671938,0.004507143,0.0067473818,0.42034066,0.014077822,0.010389801
7310,0.029472413,0.02370238,0.0035322334,0.004186442,0.23007026,0.12815355,0.0008988754,0.26472047,0.02122023,0.15345836,0.005626556,0.0015112811,0.87895924,0.0073879203,0.0067660036,0.3874459,1.8348193e-05,0.07673577,0.096808225,0.0052515883,0.00014531492,0.5572212,0.00038218882,0.00057542993
7311,0.03759345,0.053704653,0.011252224,0.047082044,0.5340173,0.19505356,0.006318698,0.57706434,0.06342466,0.06293154,0.037409835,0.02134688,0.03683988,0.08656999,0.073404394,0.121780686,0.00024191894,0.40478614,0.015475151,0.020217119,0.018213302,0.1427467,0.007284804,0.016449887
7312,0.7561018,0.19814044,0.00257907,0.0061876215,0.26603848,0.55185807,0.0011116469,0.4131336,0.012948603,0.022727374,0.01065499,0.00897963,0.045397043,0.0010761331,0.0029124694,0.12862608,6.806377e-05,0.0742455,0.15392627,0.0031786994,0.004379774,0.7262484,0.023814157,0.012354455
7314,0.012114862,0.01250305,0.0010154983,0.0053546727,0.7281306,0.066495806,0.00018069132,0.55954677,0.02716417,0.046369392,0.0025770213,0.0009891811,0.028373964,0.014292289,0.012157387,0.03529424,1.5387998e-06,0.48115373,0.015995773,0.00255667,0.0024249868,0.09752662,0.00028718132,0.0004885247
7321,0.09105162,0.12004364,0.019269602,0.058643717,0.5592611,0.07714338,0.012426715,0.6084502,0.16392338,0.03136439,0.0024865356,0.01766498,0.010330274,0.08494606,0.03573548,0.013153751,0.00018466482,0.22198737,0.015052991,0.011438202,0.40371722,0.04286439,0.012355094,0.027419377
7326,0.009731899,0.014530108,0.0016796298,0.012378466,0.50659007,0.05064533,0.0006810175,0.6647077,0.024434142,0.10028991,0.006229491,0.0030250829,0.17368013,0.016484246,0.0119708115,0.11516534,6.8789914e-06,0.47407192,0.05763074,0.0023176451,0.0015439881,0.18860178,0.0016087566,0.00044121084
7327,0.031381827,0.04085772,0.0035679766,0.009980018,0.81060445,0.076633215,0.0004599206,0.39181143,0.06893594,0.016935017,0.0017052703,0.002576457,0.0028645396,0.051337678,0.041118473,0.00811543,6.171976e-06,0.3976802,0.003040235,0.006665839,0.04834366,0.027573362,0.000668537,0.006582692
7329,0.03547969,0.02143131,0.0009537825,0.009305746,0.6091856,0.1386023,0.00040963516,0.6294825,0.018876327,0.039005913,0.0071348096,0.0030527886,0.038988043,0.009723066,0.01020772,0.07262384,5.8327496e-06,0.43527701,0.028337974,0.0024266357,0.0033989565,0.21373093,0.0016858788,0.0013910447
7330,0.27094284,0.1227999,0.0052948813,0.024063064,0.505487,0.22057725,0.00323465,0.58478165,0.041926846,0.026817372,0.0106017385,0.01988598,0.02910098,0.016276574,0.017658545,0.06167574,0.000112952046,0.2866686,0.057244416,0.0059673563,0.06434993,0.2916546,0.050090697,0.014830248
7339,0.011946585,0.012605057,0.00085750426,0.0060148803,0.7549593,0.03762213,0.00026258884,0.57525635,0.027614605,0.02324056,0.0007504008,0.0010827369,0.005903243,0.016432954,0.009810933,0.009007199,1.6244657e-06,0.4714749,0.011341086,0.0016240074,0.010044377,0.038747597,0.00029271262,0.00049572194
7340,0.23778912,0.062250257,0.00068962725,0.011179734,0.32946274,0.60614216,0.00046944412,0.59422624,0.010457642,0.009726703,0.02874019,0.0076866364,0.008166103,0.003493874,0.006476728,0.06581115,2.2648346e-05,0.1306565,0.003630865,0.0030465184,0.0025340158,0.32265764,0.002018822,0.07314182
7343,0.83194655,0.712322,0.03747929,0.00029158426,0.20764337,0.02676369,6.3589956e-05,0.044969928,0.11974634,0.34732392,3.6816906e-05,0.0017756576,0.25679153,0.0005796932,0.003519615,0.024473079,2.8379966e-06,0.024972051,0.77559674,0.0012227894,0.00049987226,0.32518762,0.0012060192,0.0012458082
7345,0.024322415,0.028820006,0.0044548777,0.01874328,0.5722383,0.06626565,0.0028933168,0.6161374,0.040979665,0.08983502,0.0059092003,0.006054006,0.115057155,0.02593243,0.018507134,0.09159535,3.0592477e-05,0.43932885,0.08835996,0.0055032447,0.006963347,0.18147793,0.0049510086,0.000994401
7350,0.33653614,0.033269685,0.00044794418,0.009946942,0.31302357,0.6597574,0.0013340184,0.64512646,0.0074507,0.010761923,0.020158304,0.0039522545,0.030788815,0.0028462927,0.0026630245,0.13669574,3.5839657e-05,0.09693527,0.02313019,0.002300594,0.0055192057,0.566976,0.0024005224,0.009192226
7351,0.047838286,0.028633486,0.005000723,0.004283692,0.8685052,0.07394701,0.002572631,0.16243511,0.03501305,0.011912087,0.0005183766,0.0015055437,0.0037571501,0.03494859,0.032544527,0.009356902,1.5141836e-05,0.25859764,0.010973468,0.013463276,0.01715453,0.04086263,0.00037083798,0.00050610595
7353,0.22707342,0.31943443,0.020388456,0.045926876,0.33756432,0.106466,0.0031826561,0.6654173,0.10873819,0.07327947,0.010249144,0.05524263,0.027176997,0.019737,0.026064204,0.0353313,0.00014796187,0.27701348,0.028648812,0.0090605365,0.049515717,0.12904999,0.07082593,0.12739982
7355,0.06741307,0.06736439,0.009280012,0.01064724,0.8176457,0.08834838,0.0010665252,0.33552548,0.092581205,0.040216353,0.0021557596,0.004106301,0.012217106,0.042730838,0.040496875,0.019041821,1.684047e-05,0.38044718,0.017249791,0.011529727,0.043514308,0.06256275,0.0026122788,0.0041032834
7357,0.42608386,0.13235204,0.004371894,0.025995787,0.2977367,0.29344305,0.014183182,0.5879557,0.016776465,0.030391052,0.013400948,0.0265749,0.07937699,0.004677953,0.0053369575,0.15193616,0.00035469583,0.1515409,0.2559712,0.006460315,0.013846175,0.56618845,0.080031894,0.006556386
7358,0.53276443,0.5937462,0.0064888163,0.06559317,0.023576753,0.0067001646,0.0035554776,0.67172956,0.016186507,0.022805136,0.0009436772,0.48284453,0.004344776,0.0014628322,0.0045756837,0.008552571,0.00021064733,0.16523065,0.021970391,0.0016596988,0.0019099568,0.085982844,0.86514235,0.048965804
7368,0.050540473,0.013386909,0.00021172824,0.0035469413,0.036565486,0.2364897,0.00041938748,0.4025208,0.0012530374,0.04651216,0.005515613,0.001871955,0.79205245,0.0005928142,0.0004682857,0.4925891,5.8849187e-06,0.026650148,0.09514141,0.0004927356,4.665764e-06,0.7944453,0.00037496502,0.00039200624
7373,0.37669793,0.036917493,0.0006001198,0.0051342165,0.5127219,0.62602055,0.0006757534,0.5135033,0.0128279375,0.0087621445,0.0102056395,0.0019103432,0.025162479,0.0037626247,0.0033156718,0.08266776,1.8081642e-05,0.0917176,0.025976622,0.0024340486,0.014324919,0.476666,0.0014958142,0.0057519046
7374,0.0478881,0.05226782,0.013661608,0.031312674,0.2877087,0.14826989,0.033010848,0.45478985,0.04849412,0.15276624,0.01022122,0.0148507375,0.61114943,0.028450802,0.012911784,0.26692164,0.00041425903,0.097356126,0.14768755,0.0172541,0.003190361,0.40010044,0.0046774806,0.005897118
7378,0.04020406,0.021333693,0.0018908235,0.003888582,0.8425142,0.11476188,0.00036934525,0.36063302,0.03628541,0.024655215,0.0018441789,0.0009989862,0.011726357,0.018175067,0.017028492,0.023452096,4.9255427e-06,0.41053787,0.02168497,0.0045688516,0.012241783,0.094998874,0.0004655116,0.00050834013
7380,0.0033440571,0.00539588,0.00025420293,0.015924526,0.47999108,0.030310946,0.0004023839,0.8109275,0.011989873,0.014729001,0.0018204334,0.0019737966,0.012936482,0.014554894,0.0049695685,0.014502735,1.8462847e-06,0.398981,0.0042449557,0.0005842043,0.0028696847,0.040427282,0.000630583,0.00074738177
7385,0.11461106,0.1263493,0.0069050016,0.067413315,0.17134081,0.014365042,0.07162334,0.6582471,0.017999815,0.03139726,0.0010274105,0.11559224,0.016096862,0.005952226,0.005774407,0.024675967,0.00057198585,0.21970676,0.13795654,0.0070215166,0.0063368944,0.09326998,0.28848857,0.0018197856
7390,0.008865558,0.032195058,0.009831732,0.01393908,0.84521127,0.013649372,0.0006812292,0.32843915,0.08999851,0.03362235,0.0005067647,0.003035309,0.0014230224,0.10374412,0.09731764,0.004524096,5.8737896e-06,0.6290772,0.0039017089,0.00979423,0.025784299,0.008485199,0.00067969,0.00081943214
7392,0.1707434,0.64443606,0.32641503,0.004951777,0.43260583,0.013483204,0.00029389802,0.2205467,0.5799296,0.67955273,0.0004548654,0.012190463,0.06826914,0.008316966,0.05545067,0.026169246,1.09323555e-05,0.20559096,0.081189215,0.023692543,0.001245953,0.03730214,0.0024130244,0.012799209
7394,0.15729119,0.2787077,0.08931943,0.001235075,0.60235286,0.021687835,0.0005595461,0.07723928,0.32836488,0.32751113,6.0334707e-05,0.0007577142,0.36928397,0.009647638,0.015784932,0.022834476,5.803005e-06,0.04840778,0.33642942,0.00965051,0.00587568,0.104172625,0.00015892283,0.00091725186
7395,0.12308882,0.03943286,0.0027399242,0.027352717,0.43783945,0.2067536,0.025594914,0.6305605,0.015745444,0.023020733,0.007923079,0.011061614,0.052063324,0.012888317,0.006095251,0.10991142,0.00018762097,0.20145884,0.15008765,0.0055600265,0.019065244,0.36262596,0.020288406,0.0018623387
7397,0.020863142,0.013041132,0.00045515576,0.011601567,0.060018588,0.17402361,0.0011886252,0.6156925,0.0032580828,0.08916327,0.020221375,0.004678448,0.744378,0.0017334057,0.0016622134,0.5385938,2.1295382e-05,0.087601475,0.082834795,0.0009504456,1.9408648e-05,0.7008598,0.001296312,0.0007004688
7398,0.30394372,0.3804461,0.06769988,0.004120572,0.39178142,0.03425676,0.0016581526,0.1467542,0.19250335,0.27450347,0.00030350478,0.006312692,0.39063245,0.009741927,0.0166534,0.057299398,2.9528637e-05,0.071096964,0.31023377,0.011186794,0.0047696237,0.21311614,0.004630584,0.0047874996
7400,0.13127977,0.07330049,0.0014387383,0.020499708,0.4320474,0.20554946,0.0009319658,0.72200584,0.02547084,0.013396055,0.00814957,0.012551845,0.0070071155,0.010337584,0.010067907,0.02245275,2.3724351e-05,0.26317874,0.00875421,0.0025962405,0.03232291,0.14433838,0.00896576,0.040073484
7404,0.07569305,0.08124927,0.012831151,0.014238532,0.43281817,0.10831399,0.0032900602,0.49981722,0.077072985,0.16003759,0.0061613577,0.0067530507,0.4654531,0.018144315,0.013387047,0.14434773,5.5640947e-05,0.17957728,0.13796929,0.00979991,0.0067557027,0.3094231,0.005790494,0.005401029
7408,0.062405765,0.17359187,0.03358128,0.016637338,0.7114456,0.042145245,0.0005297316,0.40397587,0.1583878,0.12250398,0.003612153,0.018357879,0.008956673,0.031694494,0.08518592,0.025325488,2.151002e-05,0.57349366,0.015183229,0.01822903,0.010902819,0.0416103,0.012293842,0.008065234
7409,0.35730928,0.105704926,0.0019407424,0.014057003,0.34179017,0.3522355,0.0020309966,0.5847895,0.013160196,0.022013286,0.017640257,0.014753817,0.053724505,0.0031664725,0.0058487216,0.13860135,6.545721e-05,0.18650295,0.06990757,0.0038379857,0.0057538575,0.5547027,0.03732962,0.008751147
7418,0.0076500466,0.011369345,0.0013609364,0.007451112,0.59983104,0.04536136,0.00048000753,0.6479712,0.027265059,0.091445625,0.002355139,0.0012048119,0.12377492,0.01145493,0.00705087,0.06433385,2.101406e-06,0.4105639,0.04979324,0.0019318453,0.0013279454,0.14266817,0.00043684084,0.0002909822
7419,0.21727876,0.04086204,0.0014312571,0.00398029,0.6691923,0.61541235,0.00021708444,0.35149705,0.02323941,0.021768676,0.021624135,0.0016368849,0.029956609,0.006731776,0.013915222,0.1836414,1.4249977e-05,0.20263104,0.0145194,0.005724279,0.0037636918,0.44390124,0.0009214222,0.0031422533
7421,0.18707913,0.13093734,0.006009071,0.022459766,0.53256124,0.14286503,0.0015709423,0.55943865,0.037464276,0.024881078,0.008337486,0.025116803,0.010240548,0.013155174,0.024022834,0.03954199,5.3021755e-05,0.38352725,0.022091828,0.0067108804,0.023043223,0.18089655,0.052732497,0.014842174
7424,0.5056321,0.08469343,0.00054806797,0.016654745,0.12155068,0.52813745,0.0033694739,0.6724949,0.0025185335,0.00757141,0.022199648,0.022716336,0.03012025,0.0007455407,0.0013819672,0.16611402,9.87743e-05,0.09339327,0.057804197,0.0015894346,0.0014577336,0.7235906,0.043845013,0.009164222
7426,0.0033795098,0.009260087,0.0017698556,0.0017218472,0.88469595,0.024868483,1.8512037e-05,0.32783923,0.042222943,0.06870471,0.0007094017,0.000270401,0.011308149,0.0168715,0.026702179,0.014739184,1.9626272e-07,0.66627896,0.006552571,0.003167695,0.0007495004,0.028247258,2.6059715e-05,7.278648e-05
7427,0.10565032,0.058261156,0.005942503,0.0046141865,0.7618632,0.18648085,0.0004995491,0.33251148,0.07642492,0.073766224,0.004721476,0.0018175045,0.101507105,0.019306945,0.02118517,0.077067666,1.5017701e-05,0.3011816,0.07440171,0.0067466954,0.01631298,0.22612287,0.0013704741,0.0017524468
7429,0.08557289,0.058373593,0.008708992,0.024375258,0.3579167,0.01084188,0.20772697,0.2846722,0.027743313,0.016475389,6.3714324e-05,0.010432064,0.0211065,0.02400889,0.0042087636,0.010628732,0.00023167979,0.06231951,0.2665855,0.0049983943,0.06520903,0.061801553,0.009333219,0.00027585973
7430,0.017225808,0.014707731,0.000967132,0.0069315773,0.7691753,0.081058204,0.00022840562,0.5289935,0.022819782,0.021529801,0.0027781585,0.0016437551,0.006029326,0.018989077,0.01879561,0.021975359,2.6889454e-06,0.533023,0.008021479,0.0028410577,0.005856712,0.06937537,0.0005598945,0.0007256072
7437,0.44715628,0.060453087,0.0016553205,0.004254019,0.5521007,0.61692846,0.000867277,0.36383262,0.022293136,0.018596303,0.0108197555,0.0019449394,0.07155714,0.005116365,0.0055257417,0.12672852,3.4818677e-05,0.08076616,0.04849582,0.0045063086,0.010755514,0.5301031,0.0018550723,0.006609046
7446,0.62580836,0.2906374,0.0057138265,0.003698113,0.14837526,0.09508068,0.002166809,0.25125533,0.018135903,0.06421616,0.000860443,0.0076898085,0.22857858,0.0011866037,0.0017473274,0.09540419,3.834105e-05,0.04832182,0.62935615,0.0018336638,0.0020265651,0.5788266,0.0138929365,0.0017666942
7449,0.018856643,0.016103644,0.0017723349,0.010369259,0.6240047,0.06277818,0.00152676,0.59032834,0.03313547,0.06125988,0.0026439345,0.0016580587,0.11610201,0.019786024,0.008260418,0.053982507,8.059537e-06,0.33507532,0.072321616,0.0024062605,0.008061725,0.16208366,0.0009016756,0.00056434993
7451,0.0047412105,0.03962539,0.012638864,0.015723407,0.44870093,0.008804939,0.00037874136,0.71449095,0.09184724,0.31358242,0.002353348,0.007967885,0.05661194,0.018239236,0.02883612,0.04605879,4.971138e-06,0.6709088,0.04023641,0.004179393,0.00068392296,0.039551772,0.0021505684,0.0004970381
7455,0.0026557082,0.0075457916,0.0011619178,0.0073032165,0.76809716,0.015458791,9.324645e-05,0.57107884,0.023844553,0.040665846,0.0011931941,0.0012535499,0.0045467154,0.028510487,0.027929734,0.012435257,8.4417496e-07,0.73712355,0.0060430006,0.002276898,0.001451601,0.023341648,0.00035233583,0.0001249647
7461,0.14768101,0.051008012,0.0029192583,0.012983963,0.41545966,0.26427856,0.0036896982,0.576654,0.033584062,0.054474127,0.0086837765,0.004440851,0.2549218,0.011181511,0.0059300913,0.1422064,4.867827e-05,0.13074608,0.11433749,0.004402658,0.011329254,0.43073767,0.0042868257,0.0056267907
7462,0.0018310691,0.0058321045,0.0007114867,0.0018586514,0.8899284,0.010736116,1.049826e-05,0.38939717,0.023756633,0.028990265,0.00026526517,0.00028274642,0.0015174738,0.017518172,0.024526155,0.0038795217,7.314204e-08,0.7546078,0.0020999627,0.0017422122,0.0007961945,0.009984326,3.30337e-05,5.7240628e-05
7468,0.13976759,0.054748822,0.002709285,0.00097024266,0.23572055,0.07673541,0.00030065677,0.14529301,0.018906225,0.08937875,0.0004205942,0.000485945,0.7853567,0.0030600287,0.0021396095,0.1393101,2.513943e-06,0.032383204,0.27503994,0.0014707476,0.00032322385,0.49152103,0.00020614453,0.00031261853
7470,0.18452318,0.16864519,0.0041480297,0.072811395,0.16346303,0.059427742,0.012280145,0.7906815,0.022622323,0.021791548,0.0070856647,0.1175073,0.033038463,0.00813342,0.007905526,0.040084034,0.00038383863,0.23883021,0.045512926,0.0030179021,0.025873732,0.17944229,0.38678247,0.027665023
7473,0.8755101,0.6522175,0.0101694325,0.00078526145,0.048600152,0.014752084,0.00048285298,0.054349683,0.019398741,0.14140907,2.999043e-05,0.006056176,0.27126598,0.00037819598,0.0009039979,0.032286946,9.882507e-06,0.012638598,0.89694136,0.000644445,0.0003235898,0.5033865,0.0058659483,0.00077213015
7479,0.235433,0.42189342,0.06878617,0.0069039525,0.6762415,0.122228056,0.0001584042,0.23654313,0.24770188,0.24082172,0.005404293,0.01519978,0.033879686,0.013760544,0.076761425,0.05993004,1.5512858e-05,0.3664178,0.025848597,0.01879428,0.004781288,0.11565075,0.008034564,0.032795843
7480,0.036652174,0.07718248,0.014221376,0.01769582,0.36228842,0.061793823,0.002225221,0.63454753,0.0896718,0.24564524,0.0062178145,0.00958759,0.2975709,0.014203111,0.01444866,0.13856842,3.2656208e-05,0.27679107,0.108705774,0.0065954803,0.0027645086,0.21592711,0.0052292882,0.0037570286
7483,0.026770404,0.015001828,0.0016700901,0.0009781464,0.15116228,0.04503081,0.0007177736,0.07917212,0.008355644,0.069442794,0.00024927006,0.00031233788,0.94732326,0.0044112797,0.001503019,0.22438797,3.552544e-06,0.014444552,0.20771338,0.002043992,6.364728e-05,0.5139558,3.801484e-05,5.6483066e-05
7486,0.5987246,0.28038824,0.002443073,0.0406491,0.071245655,0.1505414,0.015308,0.6528599,0.0052102827,0.009375603,0.0063270205,0.14031883,0.021740213,0.0012353926,0.001987952,0.05392482,0.00037535737,0.0886153,0.08012768,0.0023928985,0.004161645,0.47574884,0.49008244,0.031151291
7489,0.015980786,0.029957006,0.007248682,0.013235277,0.79364514,0.03619681,0.0011456725,0.4282078,0.060631387,0.04808628,0.0017460485,0.003543923,0.009104826,0.053707015,0.04825041,0.01803965,1.138055e-05,0.54561746,0.015401187,0.010096725,0.013598781,0.03770254,0.001707113,0.0008495754
7490,0.13172269,0.09367918,0.0068291435,0.06892892,0.41034096,0.08998118,0.017233744,0.6989758,0.05053369,0.011157469,0.004278466,0.037489433,0.008882627,0.043954488,0.021382783,0.017753711,0.00031259737,0.23333567,0.01769635,0.00578542,0.26985925,0.08428342,0.10308988,0.016065316
7491,0.042706814,0.039396428,0.013774005,0.0043195477,0.6134279,0.022533797,0.01184828,0.14989905,0.09600528,0.06541471,7.235155e-05,0.00058552675,0.24066739,0.034276333,0.0069194166,0.018055435,1.5361078e-05,0.05160193,0.25393757,0.0061876923,0.03588655,0.098410554,0.000102688835,0.00030954214
7494,0.025336342,0.010844478,0.0003330358,0.014459107,0.47009104,0.13429385,0.00095575425,0.74520826,0.007303895,0.01837164,0.009165984,0.003663202,0.029001515,0.008758104,0.0058738226,0.07388634,9.486187e-06,0.4153591,0.030777123,0.0011876978,0.0033467596,0.25944772,0.003000977,0.00079632463
7504,0.01644884,0.014632409,0.0036544914,0.0024880748,0.45113933,0.12693836,0.00041275815,0.2157152,0.034497313,0.13491069,0.00337995,0.000500787,0.77447325,0.013963848,0.010191445,0.25022176,6.6210678e-06,0.10448084,0.049322255,0.007849742,0.00024235828,0.40786567,7.2574614e-05,0.00030848244
7506,0.21319154,0.32230303,0.010893307,0.018896366,0.13683823,0.049685832,0.0005973983,0.67596686,0.050992455,0.19586337,0.006670586,0.051711313,0.095821984,0.0023113447,0.009089536,0.0759412,2.5123123e-05,0.2830822,0.07001062,0.0026106592,0.0010156676,0.24878393,0.054866515,0.036276184
7509,0.014639479,0.012476586,0.00065560173,0.021392874,0.54337054,0.075087436,0.00093905546,0.7463529,0.013609622,0.015548574,0.006694388,0.0057765953,0.010214063,0.02247996,0.014322907,0.031114003,1.051752e-05,0.4948819,0.008479884,0.0019289539,0.0070371763,0.09003553,0.003866633,0.0015815776
7511,0.00049661833,0.0058362223,0.0026666073,0.0030063004,0.7968844,0.0015304778,6.476657e-05,0.49957362,0.039803408,0.11214769,4.3696393e-05,0.00034986378,0.004908927,0.013360307,0.012584231,0.0026538041,8.8817266e-08,0.70774484,0.012411147,0.0015062513,0.00029117678,0.005873967,2.5899866e-05,1.3116884e-05
7513,0.15896271,0.042659163,0.0015155231,0.0034233397,0.25326622,0.2962797,0.00060561066,0.34327242,0.013596345,0.06439479,0.005707523,0.001516397,0.57379127,0.0033085078,0.0029961232,0.24548359,1.3184694e-05,0.058801934,0.094288304,0.0027336397,0.00039944035,0.61044973,0.00078550086,0.0022200234
7519,0.046894595,0.014736228,0.00055255264,0.004398544,0.2367261,0.36627042,0.00020749297,0.44982734,0.008261156,0.07311455,0.028055042,0.0013051264,0.49856895,0.0033148665,0.005076744,0.4309074,7.5121693e-06,0.13211823,0.022216558,0.0021084733,7.141574e-05,0.6295299,0.00031119565,0.0013203446
7521,0.18193771,0.09021083,0.009242164,0.0043761265,0.8478708,0.5088618,0.00027426946,0.21680748,0.10766323,0.040521976,0.010313027,0.002321376,0.020143066,0.021467466,0.042271584,0.08058799,2.0208807e-05,0.2196868,0.009280921,0.019512031,0.0158276,0.18791018,0.0006905174,0.01045304
7526,0.023371061,0.018168975,0.0026705335,0.005422989,0.7883111,0.17973569,0.00030617975,0.35821882,0.040883303,0.05663026,0.008357781,0.0011673259,0.050806183,0.02829759,0.032363307,0.09102855,6.8507625e-06,0.4285855,0.016403431,0.008471983,0.0030357146,0.16420086,0.00027731564,0.0007944706
7527,0.0027817609,0.0034085629,0.00022058257,0.009674565,0.7171449,0.028425971,9.504089e-05,0.6305514,0.006429765,0.00856517,0.0032825943,0.0016252802,0.0014871435,0.028296232,0.027332801,0.013472653,9.296521e-07,0.75962615,0.0018305593,0.0011537863,0.0015413337,0.03320022,0.00069567945,0.00012559319
7531,0.22981524,0.035649817,0.00043490858,0.015757168,0.19354938,0.4625105,0.002994124,0.7158799,0.0033738709,0.012905672,0.02338298,0.009909525,0.058966037,0.0015026411,0.001630221,0.22405772,5.3675845e-05,0.14098424,0.07377381,0.0014386971,0.0014740764,0.6737998,0.012896242,0.0026434364
7537,0.15332258,0.06747918,0.008038189,0.032903325,0.6927084,0.117740035,0.011818661,0.43167624,0.13173161,0.009471329,0.0009183105,0.0054377844,0.006465406,0.08669918,0.024616703,0.0069600274,0.00012280252,0.12240027,0.016357582,0.0054283384,0.83301395,0.04675409,0.003639246,0.010114603
7543,0.030191278,0.052144896,0.015426602,0.0072797295,0.4307621,0.064518,0.0019611358,0.3545516,0.0842384,0.23801689,0.0025753803,0.0028173942,0.6303995,0.015674122,0.01332652,0.1561997,2.4585153e-05,0.14867823,0.14114201,0.009390434,0.0014737269,0.26898566,0.00080521725,0.0011237207
7544,0.2104799,0.16445526,0.01304506,0.08495345,0.33382112,0.10604883,0.029598776,0.6779944,0.07282364,0.021235537,0.0061778855,0.06375588,0.020220663,0.04656533,0.02434842,0.026869778,0.0006450902,0.19116676,0.03098101,0.009151,0.24769346,0.11393473,0.14217529,0.04603185
7546,0.005491867,0.013870983,0.0050171902,0.015332314,0.8177254,0.031510435,0.0011313207,0.3283829,0.042697623,0.023150792,0.0018587691,0.0027078628,0.004555562,0.123883694,0.09085851,0.013082371,1.02448075e-05,0.5431667,0.0028293303,0.014013742,0.009286429,0.020856662,0.00057702296,0.0007901159
7547,0.23436084,0.07592281,0.005436451,0.0047651557,0.73552734,0.2756919,0.001080835,0.3341722,0.08581292,0.040259756,0.002485242,0.0014675007,0.062164046,0.01680951,0.010623343,0.036791213,2.2013239e-05,0.122442655,0.062355116,0.0064009666,0.066816755,0.20387198,0.00080968253,0.0065389606
7548,0.086298324,0.075300686,0.012164411,0.04744042,0.64687103,0.05241538,0.021075584,0.4894124,0.118182614,0.015528253,0.0009599161,0.010122673,0.008696042,0.104549415,0.03211669,0.0072351745,0.00016938783,0.19049707,0.018518155,0.008172667,0.59360826,0.035076432,0.009636241,0.009510946
7554,0.2057527,0.04168037,0.0009441076,0.0055185063,0.31594032,0.35716832,0.00075202703,0.48291865,0.011299693,0.037570357,0.009508764,0.0023892361,0.30016664,0.0035304988,0.0029216062,0.19981655,1.5392976e-05,0.10046355,0.08811408,0.0021697008,0.0014554226,0.60165894,0.00208727,0.0030074487
7555,0.032819316,0.027836105,0.0036999178,0.007929955,0.7473124,0.16016951,0.00038305856,0.44359258,0.045110866,0.06981789,0.010551481,0.002622681,0.055851523,0.029994942,0.037728906,0.11242562,1.2762742e-05,0.5224798,0.031999525,0.007076451,0.005586266,0.18912046,0.0012283513,0.00091259246
7560,0.016297631,0.021631982,0.0023029186,0.053243723,0.57410365,0.041839954,0.005210755,0.6908855,0.033356436,0.007351114,0.0025140704,0.010970116,0.0019769238,0.104079746,0.04040603,0.008184022,4.8297396e-05,0.41982943,0.0026425442,0.004620511,0.10652737,0.022185812,0.0073876306,0.0045435075
7561,0.12595117,0.05918024,0.0017251831,0.046955492,0.27382535,0.21906519,0.005177085,0.7670339,0.012012448,0.016505163,0.03263405,0.0451385,0.025857477,0.012004499,0.015324484,0.11645028,0.00018583414,0.36593503,0.02746443,0.0037748627,0.0120568685,0.33364,0.08025929,0.010921415
7564,0.61154187,0.1938851,0.003378108,0.007169615,0.22464506,0.44938138,0.0012981689,0.46785235,0.017749771,0.049405083,0.009842674,0.009299147,0.12397346,0.0014441122,0.0032009734,0.13627091,5.7328412e-05,0.06851989,0.118158646,0.0041092834,0.0021312858,0.65119714,0.013953472,0.028643137
7568,0.06159481,0.037100747,0.0044931257,0.059788667,0.53735065,0.076344684,0.03459506,0.6542263,0.051046755,0.010682324,0.0019777843,0.012619558,0.009199924,0.0817851,0.020454442,0.012365533,0.0001969218,0.20806369,0.018299198,0.0060987733,0.34602872,0.05676015,0.012922479,0.0071431715
7569,0.53658247,0.030501269,0.00035052933,0.0008603917,0.29875517,0.7208462,0.00012118799,0.22887094,0.0066365115,0.015444726,0.0042278958,0.00029982635,0.20030425,0.0011457931,0.0011966388,0.13712475,4.8772763e-06,0.017114874,0.039845366,0.0013500802,0.0007247032,0.6599328,7.602726e-05,0.0034404607
7570,0.046344094,0.08902819,0.021469424,0.00060047803,0.28431013,0.018524155,0.0001019976,0.08649701,0.106696226,0.44446886,0.00016866403,0.00042544166,0.8505752,0.003746266,0.009028411,0.11033929,1.5866686e-06,0.05323119,0.2078345,0.004268516,6.913521e-05,0.2559596,5.328361e-05,0.00019114859
7574,0.679518,0.23667684,0.001426028,0.0037609574,0.14035912,0.35111672,0.00028129586,0.4643763,0.008800495,0.045256786,0.0054328404,0.007316213,0.10962292,0.00043054065,0.0013622488,0.10040959,1.1014633e-05,0.060853876,0.13092782,0.001185993,0.0004791392,0.6884632,0.010454599,0.026535066
7575,0.03131315,0.031446297,0.004237046,0.013664564,0.2594962,0.10737487,0.0036318877,0.5151327,0.026628535,0.14274408,0.008073855,0.004994023,0.69747984,0.010857021,0.00706959,0.30260286,4.245007e-05,0.14408952,0.15323569,0.0047530425,0.0008854306,0.47186518,0.002739723,0.0011842924
7576,0.10449365,0.042554382,0.0028973294,0.010575503,0.36508957,0.21172577,0.002305348,0.5240596,0.024031814,0.076905034,0.0118371695,0.0042229523,0.3966889,0.009234517,0.0077776066,0.26195818,4.5759763e-05,0.1907111,0.18902245,0.0038248687,0.0030292375,0.5339161,0.0043891426,0.0013641182
7577,0.0032289342,0.0039768117,0.00030536615,0.0041814195,0.71144605,0.030006887,8.7135624e-05,0.5917947,0.011349306,0.037487257,0.0015551079,0.00051692105,0.033986017,0.011566586,0.0077930954,0.032872528,4.3257438e-07,0.58197415,0.014981654,0.0008937994,0.0006861436,0.085248634,0.00018384104,6.6566354e-05
7587,0.3331296,0.5523772,0.14399312,0.0037060168,0.420586,0.021926217,0.00085055426,0.17466548,0.3633078,0.4787872,0.0003590766,0.008140317,0.19315395,0.006127103,0.026634606,0.0432073,1.9804982e-05,0.13029101,0.32810518,0.01382674,0.0032525533,0.12251617,0.0042694137,0.0040290994
7595,0.00039952184,0.001092563,4.475157e-05,0.0025322,0.85865283,0.007865447,1.0487205e-06,0.50520873,0.0027702183,0.0030531732,0.0010199351,0.00039908203,5.5876502e-05,0.019494489,0.050330356,0.0025498888,1.539796e-08,0.93638265,8.4591185e-05,0.00034453574,0.00017972718,0.005073421,6.122887e-05,1.4437446e-05
7597,0.18742749,0.115966745,0.016583975,0.055699077,0.36469215,0.19716981,0.100862555,0.5336689,0.06080568,0.04028775,0.005521795,0.028727293,0.050789926,0.0327309,0.012716995,0.05186939,0.0010536892,0.09014605,0.08356826,0.020171283,0.060734518,0.18477078,0.020743188,0.032048434
7604,0.77417994,0.2614267,0.0025457058,0.0061615035,0.14531718,0.3732072,0.001251318,0.3894783,0.009180207,0.028928544,0.005088306,0.013547197,0.07321238,0.0007539838,0.0017945186,0.108351104,5.0504073e-05,0.054017596,0.24796468,0.0020853777,0.0019452088,0.72013694,0.033004384,0.014753345
7611,0.006169337,0.005192161,0.0018083751,0.093881525,0.2694771,0.00695583,0.72043943,0.36457956,0.009327916,0.000763759,2.7751728e-05,0.010712965,0.0004244508,0.23943314,0.008949019,0.00088708027,0.0002841812,0.035048895,0.0032363816,0.004409682,0.23793018,0.0054299915,0.0013625395,0.00061681756
7616,0.07187382,0.041219626,0.001736477,0.010393336,0.53482527,0.29715565,0.00042072794,0.6082617,0.02391046,0.043472767,0.020369716,0.0052621905,0.03348759,0.0068914513,0.012492457,0.13092339,1.4614886e-05,0.34444275,0.01823295,0.0042010327,0.0024511907,0.2914393,0.0025254202,0.004592544
7617,0.027074777,0.025085513,0.002112874,0.0036309736,0.7500185,0.071384646,0.0001822585,0.46904033,0.039934017,0.06249703,0.0016411132,0.0011428124,0.036371414,0.010663282,0.01197409,0.033361908,1.9631568e-06,0.43777025,0.039141595,0.0028455404,0.0038250943,0.116350956,0.00047923077,0.00052236795
7622,0.35639614,0.17253417,0.005591728,0.0055195694,0.07026146,0.017000858,0.028335158,0.14286962,0.009154215,0.039282627,8.829509e-05,0.00873033,0.36711666,0.0020285558,0.0008457577,0.08087511,9.3150025e-05,0.015712002,0.82259846,0.002215717,0.0009857072,0.42247465,0.006707337,0.00013959773
7629,0.45374265,0.035694525,0.00039127786,0.0059011728,0.30323547,0.7468351,0.00085673365,0.54191643,0.0055010007,0.00941118,0.020893805,0.00296165,0.0384357,0.0017100484,0.0022346887,0.17686112,3.1073392e-05,0.070551544,0.02364384,0.0023560463,0.0023119154,0.66606593,0.0019509011,0.007326134
7638,0.024022348,0.0076303217,8.457441e-05,0.007929328,0.37916002,0.23750395,0.00017509509,0.7898644,0.0049040136,0.009367392,0.008646801,0.0013924544,0.018308435,0.002638203,0.0019107662,0.05689767,1.5298273e-06,0.23497817,0.00550254,0.0004988083,0.0010154046,0.22959247,0.00036596754,0.0017259059
7641,0.019799713,0.013738222,0.0014002376,0.04142531,0.15010814,0.23151681,0.015880892,0.6919646,0.0075978297,0.06569507,0.033100545,0.015808105,0.4440517,0.011439788,0.005227458,0.42796433,0.00027851088,0.1517697,0.0954363,0.0037350424,0.00052665075,0.5553655,0.005323755,0.001846684
7643,0.55979097,0.072568126,0.0011743915,0.0041723833,0.46032953,0.65070844,0.00063948246,0.39631632,0.013993149,0.016543126,0.013227301,0.0025944975,0.062245198,0.002479098,0.0038753543,0.15193729,3.0055424e-05,0.085631944,0.06410655,0.0032934814,0.0061240755,0.6494565,0.0034831492,0.0060326103
7648,0.42176655,0.31496263,0.027453663,0.007777264,0.48420408,0.19681442,0.0012420417,0.34192705,0.118805006,0.16315539,0.005560298,0.012096968,0.14609246,0.007553119,0.01902725,0.10747491,6.075091e-05,0.17352186,0.17470343,0.010904131,0.009201555,0.36088192,0.015978595,0.018503195
7650,0.6929779,0.5672942,0.023538968,0.0044939704,0.15157321,0.042822648,0.0010376088,0.2463026,0.06264654,0.21262388,0.0006664343,0.018764677,0.22669804,0.001630895,0.004697449,0.06280312,2.720784e-05,0.0705753,0.49915054,0.0031310278,0.0017507332,0.41759166,0.03867272,0.010329378
7651,0.10294509,0.053428426,0.0047985637,0.0075122872,0.2656929,0.26565883,0.0020054602,0.32996306,0.026792746,0.11147402,0.012320963,0.0043380647,0.62015903,0.0066714427,0.00844181,0.37408864,6.5717526e-05,0.08846492,0.0933455,0.0072046597,0.0005693525,0.58391416,0.0019361483,0.0026277907
7657,0.0026353777,0.0072880494,0.0014446885,0.0069220783,0.82167524,0.013938679,0.00013801304,0.46195343,0.027196383,0.03201975,0.00085945765,0.0009226882,0.003380589,0.042769104,0.03969468,0.009324911,9.856668e-07,0.72129107,0.004390489,0.0033599155,0.0026445657,0.01793807,0.00019732476,0.00011035011
7659,0.039927687,0.035952285,0.0036445323,0.022312943,0.4742846,0.11482951,0.0047425837,0.6631046,0.03677445,0.07380886,0.008596532,0.0078431,0.15196052,0.01968209,0.011897105,0.11123185,4.8348502e-05,0.3019456,0.06908899,0.0058641657,0.008194561,0.2445617,0.00545576,0.0035614546
7661,0.37081304,0.25714305,0.011415116,0.0029845906,0.18821551,0.040619403,0.0009436427,0.25458378,0.05019779,0.18566844,0.00055882306,0.0045075,0.46305284,0.0022215869,0.0038341042,0.09442818,1.1970429e-05,0.072432704,0.57344526,0.0019222981,0.0012876906,0.42210785,0.005417971,0.001242579
7667,0.038644195,0.06276761,0.010117023,0.011124284,0.71962166,0.07828938,0.00082655327,0.4967205,0.09334177,0.08883404,0.0033908498,0.0043832106,0.028775532,0.02173877,0.02620431,0.03439084,1.2849058e-05,0.38407323,0.025017774,0.011000474,0.009875132,0.08342389,0.0020203528,0.003928934
7668,0.0103890365,0.009776165,0.00040840544,0.009418384,0.5608491,0.09122077,0.00014191911,0.7239179,0.009737663,0.03179965,0.009030156,0.0028170834,0.016079757,0.007574796,0.010592826,0.07065476,2.3947982e-06,0.6092316,0.014269808,0.0011436434,0.00092599966,0.16563016,0.0012641348,0.00045395814
7669,0.024473552,0.031892743,0.0064417147,0.005773471,0.8330555,0.0763655,0.0005315418,0.3290876,0.084603556,0.06967305,0.0018595842,0.001129466,0.03751973,0.032463975,0.028638266,0.02982764,6.547789e-06,0.38699254,0.023551608,0.0098373275,0.012446242,0.07535063,0.0002779297,0.0009969549
7673,0.030316336,0.02990795,0.0020863255,0.021461155,0.45673043,0.09982935,0.0015536664,0.72379744,0.023716148,0.06047312,0.012544347,0.009054682,0.07452782,0.012638146,0.013063945,0.11361152,2.6401414e-05,0.4480092,0.048510976,0.0035226464,0.0039426233,0.2269488,0.008340651,0.0019092762
7674,0.6879629,0.07473123,0.0007596199,0.0037715165,0.30812272,0.7030116,0.0005766829,0.44292796,0.008711668,0.011507754,0.01021307,0.0026258547,0.04005079,0.0011749739,0.0018991044,0.119677424,2.452724e-05,0.051821787,0.07224817,0.001787158,0.005164602,0.7038876,0.0031225157,0.007228123
7679,0.23419589,0.12749696,0.009797714,0.0029080552,0.37028387,0.07960446,0.0014518305,0.23231944,0.058684364,0.11484197,0.0007116009,0.0018079052,0.5536536,0.0067557376,0.005121591,0.09547982,1.4373084e-05,0.06314791,0.4078075,0.003230643,0.0051411088,0.3922904,0.0017914744,0.001262044
7683,0.16821577,0.037878606,0.0011491482,0.009808594,0.51563895,0.34654865,0.0021142764,0.5970439,0.014514625,0.024474028,0.01064798,0.0039777257,0.055957172,0.005665069,0.004819963,0.12089016,3.483263e-05,0.20795712,0.08189802,0.0032760247,0.0075789806,0.4517371,0.004356688,0.0024862685
7684,0.5486891,0.3051292,0.0077406713,0.008936171,0.15201002,0.10175071,0.0041326038,0.3759706,0.021999888,0.07188339,0.001816739,0.019066598,0.23753901,0.0018582261,0.0025066256,0.10326476,6.252056e-05,0.06340314,0.4621774,0.0030000587,0.0026919662,0.5357251,0.046488903,0.0063012764
7686,0.017238954,0.020844497,0.0057576178,0.006343521,0.797154,0.045077726,0.0018795014,0.32234326,0.072741084,0.059807483,0.0006749026,0.0007807963,0.06087512,0.03511505,0.017486954,0.020742416,8.986504e-06,0.26928577,0.041509725,0.009342177,0.015576977,0.07417871,0.00016134753,0.00054891384
7687,0.06441757,0.01715277,0.00043547506,0.25919637,0.03791026,0.04004254,0.5178943,0.8064806,0.0010098548,0.00020272718,0.0012784459,0.33115414,0.00087430095,0.032507546,0.0030555383,0.0075191665,0.0044415677,0.06392368,0.0031228245,0.0017448771,0.049193133,0.045425836,0.72479165,0.0034034676
7693,0.22621894,0.20179394,0.04062443,0.041896686,0.6912464,0.14731498,0.014309086,0.32906562,0.22040936,0.030847244,0.0028162303,0.015692893,0.015364303,0.09869421,0.057696972,0.019761367,0.00033425185,0.15323511,0.025297401,0.02020526,0.5716342,0.06955588,0.014389962,0.033616368
7694,0.0077398033,0.011743699,0.0016800937,0.0037773347,0.7504331,0.039298233,0.00011015582,0.47203124,0.030182859,0.08285824,0.0019735629,0.0008088004,0.06557684,0.015131823,0.016210198,0.04806546,1.0763869e-06,0.5679617,0.031956397,0.0024552916,0.001136722,0.100691676,0.00029524718,0.000121646466
7695,0.022397293,0.07650203,0.022984186,0.033795044,0.4813254,0.027831206,0.004100971,0.6629885,0.12071844,0.20028605,0.0042834766,0.016837949,0.07723934,0.03508457,0.03340995,0.056749135,5.5405857e-05,0.4531356,0.06446267,0.011967761,0.007866749,0.07624967,0.009745879,0.0030527755
7697,0.68329984,0.5290321,0.044579674,0.0006839021,0.36750525,0.04081698,0.00031182196,0.054676406,0.15958852,0.23015188,7.8750345e-05,0.0015466183,0.36225677,0.002941185,0.007173254,0.03677086,7.986675e-06,0.028288249,0.64038295,0.003195279,0.0036097735,0.29567373,0.0014156941,0.0013933085
7703,0.1020497,0.044225622,0.0063565336,0.053146865,0.21066478,0.05116724,0.3465337,0.43393046,0.012605918,0.013538954,0.00070748397,0.031923242,0.030724281,0.020362515,0.0035811379,0.043048345,0.0010696815,0.058670178,0.2472418,0.008868034,0.026390648,0.18147518,0.026675988,0.00080564857
7705,0.5166279,0.04784617,0.00033457894,0.009308934,0.2105939,0.74624,0.0011678002,0.6222146,0.0033742622,0.006148302,0.03222347,0.0069247037,0.02405441,0.0011659586,0.0020024134,0.17137639,4.9463946e-05,0.08254575,0.021318167,0.0018287513,0.0020345973,0.7169124,0.0070520956,0.011646763
7710,0.17945872,0.062354438,0.0021071734,0.0036980724,0.14987193,0.19655602,0.0012209039,0.32300162,0.012246719,0.07323022,0.0024281149,0.0022792502,0.59576356,0.0018877948,0.0018272506,0.22550334,1.5702331e-05,0.034922205,0.15264444,0.0025953443,0.00021786593,0.6142943,0.0011231663,0.0018085868
7714,0.015829219,0.03171029,0.0050609573,0.011243444,0.6422822,0.027578466,0.0011030681,0.57096887,0.053669155,0.093276195,0.0012477136,0.0032897673,0.048962936,0.020140925,0.014498265,0.028211845,6.224739e-06,0.4435556,0.046813883,0.004339789,0.005285424,0.072058536,0.0016540427,0.0008098666
7715,0.0017664286,0.003951053,0.00054310274,0.014117673,0.6433674,0.011803495,0.000668481,0.70307595,0.014258278,0.01291427,0.00044853982,0.0015625077,0.0025458666,0.027412532,0.010111065,0.005169117,1.3730128e-06,0.4991161,0.0028840322,0.0014373817,0.0025144005,0.01397993,0.0003482792,0.00014540945
7718,0.010884258,0.0014512162,2.2429986e-05,0.0041516395,0.29205686,0.59024006,2.891436e-05,0.5686482,0.0010426259,0.014117886,0.16384773,0.0004928185,0.12179486,0.0034096942,0.0056177797,0.6037394,1.9052679e-06,0.3417584,0.0033325292,0.0005794192,1.6877431e-05,0.69400656,5.550009e-05,0.0001468131
7721,0.11175154,0.13108224,0.034855347,0.008145363,0.62565637,0.07948481,0.0038938606,0.24077101,0.16020705,0.1594456,0.0013058176,0.0031823127,0.29303384,0.031133665,0.022244697,0.05875759,5.0033523e-05,0.12252502,0.15379451,0.017219892,0.022612354,0.18414205,0.0014918633,0.0045256163
7723,0.038246393,0.01722718,0.0022297024,0.022801984,0.5957101,0.3190118,0.0039484627,0.5037579,0.023046946,0.031248761,0.033302035,0.005156301,0.074064255,0.058060057,0.03194866,0.16590129,9.700221e-05,0.30176258,0.019871714,0.0109527875,0.011596527,0.27695143,0.0017178605,0.0037035723
7725,0.38261056,0.06854123,0.0012724168,0.014533365,0.29132238,0.65553045,0.002642754,0.5777288,0.011860321,0.013018185,0.024794597,0.008933123,0.027751869,0.004445314,0.005082617,0.10844144,9.912049e-05,0.083206095,0.018356508,0.0045669917,0.007711452,0.49449313,0.004784357,0.04617406
7730,0.14244404,0.03896802,0.011195611,0.049493384,0.2664819,0.27916262,0.54612744,0.22758237,0.016622584,0.009034292,0.0018971016,0.02850414,0.047052003,0.051622942,0.007083203,0.08294691,0.0028335834,0.02164413,0.0626312,0.029136466,0.04289514,0.23028138,0.005381956,0.0054557
7734,0.020050393,0.056606878,0.01718848,0.017025689,0.7043693,0.025100403,0.0018688694,0.4825135,0.11962815,0.1176926,0.0013182223,0.0045912275,0.031630237,0.0434705,0.034301516,0.021112029,1.7354483e-05,0.4483964,0.038288366,0.010790924,0.01759222,0.0451114,0.002176665,0.0015889533
7735,0.037339367,0.022064349,0.0021081562,0.003900104,0.8176034,0.07914608,0.00047506142,0.38669163,0.045773588,0.03920327,0.001208319,0.00076682237,0.027508333,0.018417872,0.013146128,0.021628594,4.5305283e-06,0.38090625,0.046014216,0.003625487,0.017152801,0.09922417,0.00032023815,0.00049253646
7736,0.27475956,0.08683806,0.005002731,0.005644057,0.70835483,0.32655975,0.0010654933,0.368703,0.06586071,0.04159403,0.0050367187,0.002604212,0.058844894,0.013111925,0.012338871,0.06492988,3.1000258e-05,0.17590548,0.0825408,0.0060989494,0.037520252,0.29741704,0.002453306,0.0057514603
7742,0.021777306,0.044626396,0.003894523,0.00639868,0.7404694,0.0719543,6.907906e-05,0.5055806,0.057923514,0.067671105,0.0044557634,0.0033690194,0.008115364,0.014460637,0.035104364,0.030730577,2.2389816e-06,0.61019033,0.0068663163,0.00495419,0.0026553,0.05952053,0.00087692327,0.0022823438
7758,0.08523992,0.06447148,0.004131658,0.019840047,0.35177147,0.13586436,0.0029955164,0.6621777,0.03172811,0.09008291,0.012404072,0.011744351,0.19592848,0.008873073,0.009831448,0.16758424,5.3478776e-05,0.28429422,0.11525878,0.0045909733,0.0046323095,0.3700368,0.014331338,0.0041348143
7761,0.013431412,0.013305243,0.00071261654,0.0036808897,0.7925899,0.0471845,5.836018e-05,0.48507708,0.015588849,0.025743103,0.0015584255,0.0014190268,0.0055822707,0.010211282,0.016541814,0.01702044,6.911292e-07,0.65242815,0.009191387,0.0018092686,0.0018472818,0.06359755,0.00055305555,0.00031568605
7776,0.022286989,0.018642819,0.00074600265,0.009600358,0.6130543,0.083676256,0.00030127482,0.68248683,0.014682428,0.022440156,0.0039204806,0.0037965835,0.0077355015,0.008255362,0.009778112,0.029689234,3.5471444e-06,0.5117644,0.012890337,0.0017956003,0.0032310928,0.109692246,0.0021530872,0.0010682482
7777,0.307775,0.5771738,0.17520238,0.0033707889,0.6840402,0.08769942,0.00014846568,0.13470724,0.43246406,0.4224959,0.0015352418,0.008098785,0.07542257,0.011141125,0.066191,0.04743477,1.3499842e-05,0.20534192,0.055487994,0.023508409,0.0039168694,0.09606003,0.0029155212,0.025766559
7783,0.019950587,0.018972764,0.010533872,0.25413993,0.16269286,0.03217537,0.7359019,0.42741126,0.022233449,0.004402465,0.0006995252,0.10584077,0.0035344868,0.40682775,0.041380797,0.012369039,0.004102163,0.059311178,0.006980764,0.021580052,0.16023833,0.024462271,0.019816818,0.0051146783
7788,0.075642206,0.04194855,0.0016904658,0.017186578,0.35270694,0.16953257,0.0022806611,0.7046113,0.019651517,0.055847656,0.011627617,0.0075168437,0.13261265,0.0058589363,0.005654965,0.14159277,3.0440278e-05,0.2548824,0.08121624,0.0028009724,0.003383101,0.38027835,0.007409324,0.0033136802
7789,0.15120766,0.16992876,0.0066835973,0.20095555,0.1138573,0.036881614,0.044063453,0.74181163,0.027777955,0.0048052697,0.0040360526,0.25034443,0.0016685787,0.058011893,0.028957592,0.007497339,0.0008427153,0.18204136,0.0028928213,0.005679344,0.14476709,0.033808347,0.42925456,0.098112136
7790,0.016362691,0.027758246,0.009227688,0.01114372,0.6876177,0.15138087,0.000689042,0.3495335,0.07623237,0.12995277,0.016010348,0.0026461408,0.20514189,0.061004173,0.057063814,0.1869133,2.688069e-05,0.39505163,0.02159895,0.016477615,0.0036183004,0.19238004,0.00053386274,0.0015437918
7804,0.027159194,0.011720314,0.0005163008,0.018110905,0.47729036,0.18456846,0.0014269109,0.72202766,0.008375461,0.021707756,0.01885517,0.0048250416,0.046434253,0.01226433,0.009349509,0.13543998,1.9713665e-05,0.42055428,0.031766564,0.002080013,0.0031837365,0.31830844,0.0044235727,0.000904873
7805,0.8612436,0.75099814,0.0328309,0.0026412134,0.111637495,0.030417476,0.0009525965,0.08275045,0.06258981,0.19148313,0.00014535301,0.016109321,0.13253368,0.0010882132,0.0036313357,0.025695745,3.5469515e-05,0.02381889,0.64162886,0.0027312448,0.001845202,0.3894589,0.021062218,0.012586785
7806,0.053538304,0.03211359,0.004316435,0.008000515,0.63608855,0.24515776,0.0014295897,0.4339506,0.04248103,0.06813024,0.01067233,0.0021465987,0.16787727,0.016053608,0.014091283,0.14687963,2.5691746e-05,0.22019365,0.04019439,0.011140573,0.0039847563,0.2998449,0.0009270842,0.0021174424
7813,0.02376162,0.024700256,0.0014766692,0.03300293,0.22452924,0.13458791,0.0028346896,0.7889514,0.017201478,0.06567263,0.02315998,0.012063619,0.20187868,0.010625008,0.007704778,0.1871028,5.7878824e-05,0.2664564,0.034285806,0.0023895348,0.0016793476,0.31306505,0.0065788575,0.004565782
7815,0.009100039,0.0114820665,0.00141259,0.007037869,0.66268533,0.05996434,0.00023086194,0.5755148,0.02556614,0.076345086,0.004924034,0.001433051,0.09671976,0.019350836,0.016251748,0.0849414,2.4396104e-06,0.5439997,0.033619963,0.0024446866,0.0014896105,0.15381378,0.0006536035,0.00025367126
7818,0.148066,0.08829233,0.009792788,0.04575151,0.49894065,0.19988063,0.020384375,0.64395165,0.08532892,0.036578074,0.0070252144,0.015661694,0.046093967,0.044720877,0.01717084,0.04612099,0.0003051391,0.1716828,0.05511065,0.009822767,0.20952144,0.16807935,0.014205448,0.024291627
7823,0.35271877,0.25574204,0.0028678037,0.06302598,0.08372332,0.059760686,0.009812948,0.7635979,0.008558293,0.01084235,0.0068449955,0.20130241,0.012756844,0.0020836804,0.0040436545,0.03482913,0.00030426646,0.18910968,0.033027593,0.002394518,0.006013435,0.24273956,0.6548979,0.027600808
7826,0.5938004,0.20044203,0.007649258,0.0042777713,0.55828905,0.47705308,0.0007046336,0.2839451,0.054130178,0.052323036,0.0067928773,0.004022937,0.09432617,0.0041556535,0.008082594,0.10989778,4.50614e-05,0.094205014,0.121221095,0.00667923,0.011592198,0.5260851,0.006803399,0.014225701
7827,0.6963099,0.4763469,0.022383504,0.002819997,0.25619134,0.069367334,0.0012430341,0.16299447,0.06954776,0.15219258,0.00047973858,0.007356669,0.25858045,0.0025604472,0.0050046253,0.05666313,3.1758547e-05,0.05018889,0.60730976,0.0035384172,0.004708091,0.43188363,0.012907167,0.0051609455
7830,0.51521206,0.15965916,0.012576957,0.014787206,0.5025388,0.3043912,0.011362873,0.38077453,0.08557819,0.0336755,0.0029826632,0.0073545515,0.06380597,0.017890353,0.010121943,0.050599575,0.00022306365,0.07184447,0.1894771,0.0076267766,0.21472947,0.31590074,0.010432375,0.012018471
7832,0.016452018,0.021058418,0.0014947498,0.026007412,0.30064353,0.083262086,0.0020204557,0.79617405,0.022542652,0.0761514,0.011805114,0.0072342977,0.14257807,0.0127284415,0.00790488,0.1242798,2.4282726e-05,0.33787844,0.044766054,0.0018738414,0.002567674,0.22443473,0.003544559,0.00238356
7833,0.002541306,0.0033094815,0.008695257,0.010147459,0.5878414,0.007887484,0.7951256,0.008065542,0.00682517,0.002277312,6.739041e-06,0.0013940883,0.025706561,0.3319098,0.017834699,0.0050897202,0.00076097774,0.006696291,0.006033122,0.07702484,0.0046271496,0.0136012575,9.39599e-06,5.179752e-05
7835,0.12799788,0.04533697,0.0019391415,0.009504773,0.6864064,0.23015387,0.0010169602,0.5041906,0.027055046,0.020330645,0.0068439227,0.004502804,0.020158045,0.012377977,0.012265884,0.04970706,1.934274e-05,0.30463883,0.029534634,0.004505483,0.019824093,0.22843736,0.0051619955,0.0038137133
7842,0.0772183,0.13174792,0.015801795,0.04183122,0.33235392,0.11850179,0.00457894,0.67428446,0.098783255,0.116951756,0.017291358,0.026550123,0.138422,0.031435538,0.026095755,0.095119394,0.00017150039,0.24631484,0.034744695,0.010577783,0.017783454,0.17727132,0.01789566,0.045764957
7843,0.08199742,0.015414787,0.00077803555,0.0007943091,0.3642116,0.42559436,5.815995e-05,0.13984084,0.011186463,0.061133534,0.007205656,0.00021458491,0.7361169,0.0036248148,0.0051168236,0.37311193,3.3564932e-06,0.052392162,0.021472128,0.0037298824,6.261931e-05,0.6357246,3.6857025e-05,0.0005814653
7848,0.006839801,0.022508893,0.0062663388,0.001918108,0.88045436,0.037961625,2.7561859e-05,0.2625873,0.09034647,0.12242524,0.00108592,0.0004202674,0.022530809,0.02184664,0.044349212,0.02401325,4.8070814e-07,0.6006706,0.009077768,0.0072388304,0.0012372815,0.03696509,3.9748444e-05,0.00023219861
7849,0.12885806,0.079306245,0.0042196065,0.0034707116,0.104773186,0.047145132,0.0023529741,0.21971087,0.016953563,0.110920705,0.0005159992,0.0026722895,0.7962736,0.003058871,0.0016995287,0.16973752,1.4477223e-05,0.02665892,0.41567776,0.0018226157,0.00024096937,0.5021056,0.0012712321,0.00058692595
7851,0.11435706,0.03828133,0.001962755,0.031993203,0.47248933,0.2948049,0.005722569,0.6966324,0.021911843,0.018233497,0.019744955,0.013129188,0.036593527,0.025884256,0.0152122695,0.0966874,0.000115341245,0.2787777,0.032636747,0.004990794,0.04153131,0.29838735,0.015471868,0.0079948595
7854,0.35692275,0.07820508,0.0035907384,0.012857202,0.6015476,0.4608817,0.003171674,0.48569834,0.03951965,0.019852271,0.011059116,0.0059004845,0.033374976,0.012670066,0.009640489,0.08627359,9.277575e-05,0.15393567,0.06325288,0.006106325,0.07843733,0.3970529,0.008813712,0.008615006
7857,0.20618518,0.28032136,0.06558463,0.0010782402,0.7707937,0.056773465,0.00016920074,0.108492054,0.3182378,0.26363134,0.00022200405,0.0008944191,0.16226675,0.010207677,0.025419727,0.02458138,3.5646633e-06,0.13092285,0.1908313,0.010179416,0.010401358,0.11396142,0.0003160941,0.0020316732
7858,0.003960315,0.013617259,0.004551654,0.0072925873,0.9042651,0.008697778,0.0007430239,0.20461741,0.058356203,0.00982865,0.000103284845,0.0008676213,0.00025440851,0.12039204,0.081712775,0.0008981361,1.8855453e-06,0.4953258,0.0009332649,0.009261492,0.02891092,0.0028555878,7.324625e-05,0.0005437217
7860,0.004469661,0.009286521,0.0017466762,0.013576944,0.3970609,0.048033223,0.0007913829,0.68123305,0.019567996,0.14803308,0.009985683,0.0029974482,0.2996123,0.014173519,0.013394511,0.22710675,9.184901e-06,0.4850326,0.06812845,0.0026687563,0.0003254756,0.24552105,0.0010368904,0.00015739724
7863,0.080837585,0.044276986,0.005186893,0.016538944,0.412328,0.21854278,0.006164109,0.5134505,0.035696313,0.0913802,0.011921805,0.0062847417,0.48553196,0.017997855,0.009979339,0.22849044,0.00010515466,0.15242441,0.13017228,0.008612224,0.005372747,0.4553612,0.0049515516,0.003819462
7865,0.5617877,0.045356404,0.00030624805,0.012549846,0.15164378,0.7815826,0.0027683077,0.6340054,0.0030761112,0.0040019406,0.025792515,0.007911594,0.01583902,0.0016029502,0.0016799393,0.0884613,8.890323e-05,0.045515504,0.015935319,0.0016792477,0.0037601176,0.64521873,0.004143606,0.04265507
7867,0.053019557,0.055394974,0.008547207,0.0029223522,0.80668074,0.06326157,0.00039169303,0.3043587,0.11028297,0.09059885,0.0006396272,0.00074079895,0.050026607,0.016293745,0.015911946,0.01881311,3.6087226e-06,0.27033696,0.064112544,0.006493792,0.015413984,0.08490735,0.00022003852,0.0011319541
7869,0.13523886,0.0045421897,6.0281905e-05,0.005856082,0.23696573,0.8506686,0.00040110174,0.47719687,0.0009424139,0.00569178,0.13564126,0.0016282239,0.07580368,0.0024698775,0.0033857836,0.5982472,3.1588974e-05,0.13077962,0.008726736,0.001633498,0.0001314647,0.8254334,0.00040010497,0.0005073246
7870,0.14791366,0.09191513,0.004399701,0.03080287,0.27383953,0.16084732,0.008659857,0.6807192,0.026007606,0.06838702,0.012185893,0.023402045,0.19097683,0.007509217,0.0067370078,0.1505963,0.00015345497,0.19574861,0.14702319,0.0049427603,0.0069354745,0.4197377,0.03343258,0.010047445
7875,0.027027866,0.027018694,0.0011869349,0.029006768,0.3124416,0.09257434,0.0022704792,0.81158364,0.015856378,0.045135606,0.011780229,0.0128435455,0.06804197,0.007846506,0.0070590773,0.09778699,3.3798857e-05,0.38003373,0.040362217,0.0019515055,0.0027830722,0.22063899,0.010887579,0.0027758623
7878,0.011371521,0.009408722,0.00034984993,0.028746318,0.17985648,0.11700046,0.002139638,0.8362257,0.0067284387,0.032997813,0.018043907,0.006447161,0.20793962,0.0063908454,0.0032791465,0.18091622,2.4858276e-05,0.23936084,0.028674792,0.0008318483,0.00083300273,0.32888487,0.0033882193,0.0013934227
7880,0.30427358,0.052715614,0.002474427,0.004902709,0.6907476,0.5071315,0.0010977084,0.38235167,0.040736932,0.019969935,0.0064140866,0.0016803304,0.04125576,0.009820699,0.007580085,0.07514888,3.055187e-05,0.11423286,0.0432284,0.0055231163,0.032602917,0.345232,0.0012019123,0.0048766094
7891,0.012507978,0.0033329744,0.00017006996,0.0033494632,0.16640154,0.3251759,0.0001322388,0.36331603,0.0028931336,0.059968967,0.027994737,0.0005161286,0.8456068,0.004633503,0.0034464803,0.61529326,4.723707e-06,0.10167331,0.022127023,0.0012883366,1.3543788e-05,0.72654724,6.539943e-05,0.0001680795
7892,0.005695292,0.006344985,0.00038295542,0.0048662215,0.7195977,0.05476602,5.076889e-05,0.6149416,0.012126223,0.0340681,0.003943833,0.0010266325,0.013517724,0.010911169,0.014315511,0.040730678,7.0009946e-07,0.6749707,0.009634771,0.0012491805,0.0008001297,0.09444274,0.00030973108,0.00016276498
7896,0.06668102,0.022270557,0.005229236,0.01657219,0.74926317,0.34245485,0.011638917,0.30052793,0.049305737,0.02225393,0.0076729297,0.002919458,0.038439732,0.07354056,0.02771353,0.074522324,0.00015883011,0.16207789,0.017604588,0.02073287,0.059086457,0.17685053,0.0005785569,0.0036228541
7898,0.0044143903,0.006738303,0.0007127119,0.010428052,0.5932944,0.03047137,0.0006017218,0.69511294,0.019469624,0.045757785,0.0015199519,0.0012998906,0.0457802,0.016107285,0.0067581763,0.030820329,2.1261503e-06,0.4203388,0.020740317,0.0013486962,0.002010593,0.074641496,0.00040964026,0.00026257508
7901,0.64320153,0.31746083,0.004280667,0.016180214,0.13111384,0.086423986,0.0067161554,0.4292074,0.01061416,0.011703871,0.0014676258,0.06453875,0.028523587,0.0017294809,0.0024125285,0.03905517,0.00019886714,0.07073786,0.19746953,0.0020464591,0.012052196,0.41401312,0.35936934,0.005933029
7902,0.16008177,0.043234926,0.0027380302,0.0034319172,0.68357986,0.3127239,0.0004319655,0.32918608,0.04273284,0.051034193,0.006685618,0.0011542353,0.17537712,0.01377285,0.012949659,0.13215235,1.3981241e-05,0.20708652,0.07413792,0.005268802,0.008841941,0.391673,0.0009842658,0.0015561115
7904,0.2091477,0.12192186,0.008207333,0.0011113414,0.17733102,0.024901759,0.0009803318,0.09390725,0.03461008,0.12834743,0.0001118032,0.0008950722,0.77798605,0.002952241,0.0025293257,0.105058275,6.0759417e-06,0.02432932,0.60883665,0.0018847175,0.00063565664,0.41545576,0.00041123468,0.00014783282
7906,0.31001192,0.3293068,0.023259036,0.05738759,0.33723694,0.14981899,0.014467577,0.47499403,0.11840377,0.027704833,0.0046959086,0.04272569,0.016492855,0.04104025,0.028777016,0.014525937,0.00052674086,0.0899318,0.01821508,0.01066371,0.23332654,0.07800506,0.032864965,0.31534305
7909,0.38095397,0.09359299,0.0033447165,0.03305282,0.07463918,0.082675174,0.23665752,0.3144534,0.0038562794,0.009717686,0.00075685,0.05805893,0.07364122,0.0047064936,0.0012166939,0.09922063,0.0012403695,0.025781743,0.48523897,0.005361745,0.005014025,0.4622724,0.06791693,0.0007350943
7913,0.058737926,0.031390853,0.0040523494,0.021687105,0.54439545,0.15371111,0.012285392,0.55611527,0.03525453,0.049526986,0.006374452,0.0056859264,0.18873852,0.027816983,0.010024298,0.10561823,9.611241e-05,0.20038958,0.10211921,0.0076297587,0.019126326,0.28456408,0.0054152375,0.0024098058
7916,0.069768324,0.060811672,0.007732834,0.028776644,0.3695596,0.12350904,0.0129600605,0.64964557,0.04313205,0.121230274,0.010444737,0.014201441,0.30249497,0.014277906,0.010969149,0.19996099,0.00015126463,0.24346337,0.2314049,0.007826738,0.006270464,0.3767703,0.015214333,0.0028033827
7922,0.040600445,0.061163727,0.010806102,0.019726183,0.7790409,0.042088147,0.005057457,0.31142896,0.10837061,0.013892426,0.00045457933,0.0047163162,0.0015888006,0.09506049,0.048044194,0.0031325922,2.2752452e-05,0.23572953,0.003629535,0.012092243,0.15962632,0.014154476,0.001037944,0.010361477
7927,0.027205847,0.092648834,0.067116804,0.011816818,0.8469069,0.032315392,0.0044793743,0.20555516,0.2942231,0.13540825,0.00053297175,0.001904875,0.025535341,0.08990228,0.06345955,0.012241201,3.797071e-05,0.26453438,0.03360936,0.039535046,0.08252638,0.027887955,0.00024806452,0.0027468747
7929,0.15163131,0.35609072,0.16297424,0.004735985,0.82661605,0.048890468,0.0012713562,0.1612053,0.47505787,0.25452206,0.0003153897,0.003050164,0.036969133,0.02578216,0.043222222,0.013250398,1.7480923e-05,0.17085794,0.11397337,0.025201725,0.056462288,0.042953257,0.00075386633,0.0063192854
7935,0.05063453,0.060310055,0.008944972,0.030382853,0.6904659,0.034527212,0.008384681,0.5063961,0.11177717,0.01843378,0.0005054332,0.005858856,0.004900795,0.0770314,0.025228959,0.004608734,5.6117067e-05,0.23551457,0.015066705,0.005788361,0.38988334,0.02274756,0.0035852694,0.0056240065
7938,0.7396095,0.40658635,0.0053984164,0.0017613423,0.06541295,0.028718384,0.0020354649,0.11197448,0.010029207,0.05485891,9.5047864e-05,0.007143668,0.28069952,0.0005387024,0.0007075079,0.057462465,1.8495326e-05,0.01653496,0.8167187,0.0009849595,0.00057970034,0.54474866,0.009401396,0.0005135194
7939,0.060240954,0.008914087,0.00019635278,0.0033239846,0.66888267,0.30878633,0.00021737687,0.49772027,0.005880506,0.009223386,0.007893721,0.0006366577,0.026951278,0.0057681394,0.0047122664,0.09041147,3.1104817e-06,0.3001596,0.016277324,0.0014940476,0.002378926,0.3482386,0.00042861822,0.00029244652
7941,0.15715614,0.061941795,0.0061070104,0.022674996,0.5965024,0.2551242,0.012488022,0.5341084,0.04536633,0.03903835,0.009682673,0.008750143,0.08849824,0.025586892,0.013170307,0.09262904,0.00017450689,0.19437695,0.09281778,0.010653331,0.045596275,0.29906034,0.010765259,0.006648534
7943,0.013329091,0.01628745,0.0054813405,0.008918761,0.9048741,0.03290749,0.0024081417,0.15966624,0.093991496,0.006248607,0.00014590875,0.0006076964,0.00031714456,0.17443141,0.07174545,0.0013300286,5.3426274e-06,0.24804558,0.001059437,0.011297248,0.24747585,0.005219027,2.9228304e-05,0.0014025492
7950,0.03949701,0.019923002,0.0057664905,0.1032066,0.17663136,0.017741881,0.80373085,0.2884887,0.01620801,0.001257394,4.4476426e-05,0.027802909,0.0011858845,0.17868164,0.007985044,0.0028126063,0.0008283679,0.017501691,0.008196867,0.0071393265,0.30091062,0.013734315,0.0047124703,0.0012452342
7956,0.04648795,0.15312771,0.082715005,0.080770805,0.39372656,0.042896293,0.040113397,0.56164354,0.18953149,0.24196754,0.008612494,0.062179178,0.12697747,0.071666054,0.061577134,0.09954944,0.0009405459,0.29659992,0.08643033,0.04609407,0.01499741,0.103654824,0.040076666,0.01210282
7961,0.122188285,0.053761523,0.0026776397,0.020763246,0.42142516,0.28130755,0.0025754382,0.628355,0.022787035,0.047170028,0.02701915,0.011921631,0.10812995,0.011551059,0.013241811,0.19500765,8.125956e-05,0.29570633,0.06373366,0.0054579386,0.007152586,0.43810037,0.014392363,0.0058367783
7967,0.18137756,0.01579065,0.00017170393,0.00865421,0.16024435,0.6249703,0.00077942776,0.688205,0.0022991407,0.014547565,0.036624987,0.0031788384,0.10229036,0.0012855309,0.001475393,0.33037883,2.1175232e-05,0.109326966,0.03732014,0.0010472134,0.00035754032,0.7518097,0.0016151674,0.0019323013
7970,0.15387958,0.10125771,0.010837817,0.0023130742,0.8022332,0.22527023,0.00028610977,0.2635011,0.14188965,0.08123953,0.0015105086,0.0009793345,0.044764426,0.009848586,0.01467429,0.030265369,6.4892483e-06,0.1427978,0.04116116,0.010141971,0.012751512,0.14067644,0.00024539474,0.0053657643
7973,0.122054376,0.07453632,0.0057111527,0.017804312,0.43670285,0.24686947,0.0021293326,0.5670715,0.038091153,0.080173045,0.026205596,0.012594623,0.13647848,0.013049027,0.020343035,0.23674333,9.612231e-05,0.32119805,0.074946254,0.007738873,0.0061732093,0.41499397,0.013919751,0.005049102
7979,0.023663769,0.0070792763,0.0024730468,0.030920144,0.08821988,0.13690697,0.7253119,0.09182342,0.0015578765,0.003976504,0.00042930376,0.019957233,0.26736432,0.03665712,0.001375471,0.14557818,0.002796219,0.004265015,0.06565831,0.01606534,0.0010790367,0.3128644,0.0009145518,0.00034886145
7980,0.004027653,0.0034371563,0.00014064858,0.002908787,0.7876629,0.044819016,1.815056e-05,0.56763685,0.006463033,0.014921244,0.0023085237,0.0005299616,0.0037725915,0.008471541,0.012300294,0.020268498,2.0986872e-07,0.73240924,0.003951605,0.0007540453,0.00056062656,0.064254135,0.00014733522,6.174568e-05
7982,0.2922878,0.03950859,0.0012980929,0.004670025,0.76772434,0.7563622,0.00025027024,0.2937355,0.03203262,0.008232481,0.013764597,0.0014131768,0.0052348776,0.010614196,0.014276464,0.07159573,1.3966355e-05,0.12445067,0.0041220924,0.00653731,0.020820359,0.27422234,0.0003318005,0.0089555895
7984,0.1962329,0.117298536,0.0037926664,0.06903093,0.15355287,0.105950676,0.033108324,0.75689656,0.0118475435,0.023129515,0.011217577,0.10321035,0.04709782,0.005707515,0.005576418,0.0961388,0.0007293248,0.20419219,0.115908936,0.004463614,0.009201158,0.3380926,0.30915308,0.00828155
7986,0.05459416,0.024439221,0.0024663648,0.01770999,0.49985975,0.26774403,0.00294911,0.58427703,0.023949107,0.06005539,0.026759531,0.0054924553,0.19281866,0.023135139,0.017820958,0.2813309,7.531763e-05,0.33674106,0.08416492,0.00612573,0.005789676,0.4492006,0.004538539,0.0014575018
7987,0.6052798,0.31036454,0.0032411844,0.028442891,0.07290896,0.06298583,0.015391176,0.53780365,0.0056497254,0.014373936,0.0019521058,0.12904717,0.026646215,0.0009814234,0.0015998489,0.052308235,0.00039108322,0.0933345,0.2757927,0.0024220103,0.003146998,0.44716415,0.5187354,0.0050664293
7989,0.22535974,0.14984494,0.012365823,0.004180022,0.21940368,0.030610476,0.0063142055,0.17098546,0.042568497,0.10609403,0.00021669813,0.0036287904,0.6002828,0.0066866777,0.0038276643,0.09037689,3.1804007e-05,0.038690303,0.6042973,0.003681278,0.0032843621,0.36239046,0.002584282,0.0005164519
7992,0.47423276,0.24022144,0.007443819,0.018089088,0.37815037,0.2662621,0.0023932285,0.5125119,0.05235319,0.0421469,0.009078149,0.018873138,0.06126771,0.009468534,0.011726976,0.05276464,0.00010147131,0.1352111,0.067029595,0.0057973694,0.037620235,0.34465286,0.033217296,0.081717014
7993,0.028249653,0.00785146,0.00013117919,0.00722267,0.25174445,0.22615598,0.00028232246,0.7111614,0.0039967513,0.030926332,0.014690998,0.0012120942,0.21883903,0.0023008848,0.0018323193,0.23263171,2.7869562e-06,0.2149287,0.032477904,0.00056277204,0.00021943159,0.53891146,0.00048177395,0.0005046858
7994,0.022476574,0.028228749,0.002498895,0.025746249,0.53993,0.045742277,0.0022456364,0.7089953,0.020903654,0.032440502,0.004422267,0.013671243,0.01013656,0.019138375,0.018773003,0.03326364,2.8479457e-05,0.5658585,0.029213013,0.003722699,0.0071955114,0.08705379,0.015865808,0.001070156
7996,0.455361,0.061487477,0.0011078238,0.0020524461,0.36652207,0.58817464,0.00023943516,0.32603312,0.014532887,0.036943845,0.009796774,0.0010238731,0.23739493,0.0018335722,0.003106308,0.2071176,1.2314253e-05,0.06197401,0.06749404,0.002740641,0.0010659953,0.6744715,0.00083026645,0.0043591745
7999,0.6020721,0.07767135,0.0009318606,0.004807749,0.34462586,0.6825037,0.00082757266,0.44432384,0.009147753,0.01347952,0.013218622,0.0036295766,0.04634532,0.0014291424,0.002416388,0.13820028,3.5876586e-05,0.063172124,0.048866283,0.0027606478,0.0032370463,0.6735811,0.004361017,0.009593101
8002,0.02481511,0.010269969,0.001817238,0.030185308,0.42525864,0.38709158,0.014150445,0.53310883,0.012507343,0.03776427,0.04690591,0.0077574598,0.22220103,0.037976254,0.016258024,0.33787704,0.00031122201,0.18495105,0.030883005,0.011315323,0.0022260381,0.44476983,0.002048468,0.0023061947
8004,0.0444959,0.03419645,0.003949515,0.0059315227,0.7058142,0.12126706,0.00053806225,0.4474674,0.0566484,0.080391474,0.0040863384,0.0016486255,0.10156983,0.018415036,0.016484339,0.07163615,8.884943e-06,0.34430063,0.05931184,0.005036869,0.008019414,0.19177048,0.00084384426,0.0010930523
8006,0.008326382,0.008346653,0.00026269103,0.006046399,0.7005478,0.050962374,5.06622e-05,0.6454145,0.008394377,0.011247191,0.002799191,0.0019406048,0.0020068877,0.00951905,0.014001302,0.013678189,6.507337e-07,0.67404616,0.0027158854,0.0010256075,0.0015850073,0.050708186,0.000657837,0.00045756818
8007,0.52663004,0.3868273,0.0077393823,0.014883232,0.23187613,0.09654503,0.000935261,0.50896645,0.02743387,0.041052945,0.0044295234,0.060743984,0.025903596,0.0021952537,0.008506253,0.043362726,4.4618617e-05,0.219593,0.06554387,0.003480899,0.0053139017,0.3356927,0.22155024,0.033102497
8010,0.17928712,0.43259627,0.17878285,0.0052136206,0.77369744,0.07416167,0.0010160911,0.18046209,0.4815189,0.3138307,0.0004961802,0.0040776813,0.035327863,0.017781513,0.038051836,0.016068121,2.0077396e-05,0.12399947,0.07874868,0.029868279,0.02376531,0.04710629,0.00070556527,0.018601093
8016,0.008708062,0.0046888404,0.00012843465,0.0456262,0.23939307,0.13477704,0.0050259577,0.8640417,0.0061163604,0.0032053352,0.0062640794,0.00607339,0.0103895655,0.027706591,0.0033886975,0.018445866,3.209804e-05,0.14112931,0.0019294244,0.00057793135,0.017434884,0.06929746,0.0014503837,0.00854922
8017,0.12992139,0.03843877,0.0035144344,0.0029737814,0.8278329,0.20590383,0.0007169376,0.24989574,0.06684865,0.028520072,0.0014364034,0.00068193953,0.038168103,0.023298038,0.015875064,0.028532995,1.0767118e-05,0.18203898,0.03887597,0.0065982295,0.045097087,0.1456987,0.00025065377,0.0014966114
8019,0.04840894,0.017893696,0.002639512,0.082458675,0.0653969,0.034640007,0.77921057,0.3191591,0.0022579404,0.0033642643,0.0003255597,0.07647886,0.013792036,0.016872069,0.0015554797,0.04071059,0.0038027884,0.017918743,0.11782157,0.009827685,0.003685026,0.14178318,0.029449347,0.0002836312
8032,0.343261,0.029150337,0.00045562114,0.005018052,0.362688,0.6960746,0.0006092152,0.48935318,0.0062629185,0.014393716,0.025671147,0.0020821563,0.06819395,0.002362372,0.0031499534,0.25600857,2.50605e-05,0.1019398,0.034370642,0.0025981364,0.0015773635,0.6902708,0.0016186859,0.0026752905
8033,0.023274168,0.016399484,0.002460134,0.01612659,0.6256139,0.0999136,0.0046392754,0.5499952,0.035135243,0.04593454,0.004328946,0.002293914,0.123780936,0.034487918,0.011350842,0.06374027,2.7255857e-05,0.25861177,0.050174892,0.0061962456,0.015501719,0.184992,0.0010681689,0.0013557967
8034,0.13719012,0.10109925,0.016181882,0.027384188,0.6941374,0.19651438,0.010393257,0.44772342,0.12302237,0.047318812,0.0060819797,0.0088650305,0.043555625,0.060368087,0.031913217,0.04375135,0.00016034955,0.20486897,0.042838,0.01866546,0.17062625,0.13680129,0.0060640373,0.019387852
8036,0.110783584,0.07117976,0.010792133,0.010277171,0.4092095,0.20092559,0.00528575,0.32621276,0.054186165,0.12078664,0.007505408,0.004822077,0.5631069,0.01592548,0.012491799,0.21547505,0.00011557321,0.09194748,0.13503084,0.013095924,0.0037733014,0.44098908,0.0025275254,0.004487285
8038,0.5282406,0.059117485,0.0005788851,0.006045717,0.31123817,0.74953103,0.0006280749,0.5007829,0.0071553765,0.009096141,0.019270968,0.0040115966,0.022197857,0.0015558751,0.0027132614,0.11718902,3.268593e-05,0.066713534,0.018625274,0.0025582367,0.0030125969,0.6258862,0.002712456,0.02063903
8041,0.014030369,0.04646003,0.016187776,0.011882081,0.66153395,0.029421864,0.0011305161,0.5385637,0.0970963,0.1900404,0.0020360094,0.0044416483,0.060933378,0.025210442,0.028693605,0.043738786,1.0969379e-05,0.5002889,0.060259946,0.009532132,0.0034819166,0.06657669,0.0013978515,0.0007476315
8043,0.017797576,0.0055366033,0.00036754613,0.010546603,0.5860249,0.21992049,0.0008576419,0.58452123,0.0073770005,0.020741485,0.019534372,0.0016540815,0.08499557,0.020356437,0.011756461,0.17619716,1.1604952e-05,0.38901287,0.022531291,0.0024917999,0.0018124758,0.34824806,0.0008437667,0.0003148745
8044,0.0675611,0.02217852,0.0014551698,0.006450357,0.5472008,0.26844445,0.0006450739,0.47909155,0.02109315,0.054256123,0.013137401,0.0018560755,0.22636715,0.01290252,0.011530384,0.22339255,1.5844242e-05,0.2730714,0.068999305,0.0037236612,0.002687804,0.45280266,0.001266497,0.00084246043
8050,0.033457242,0.025544122,0.0035552497,0.01311461,0.81684285,0.027167944,0.004890864,0.31222764,0.08505259,0.005118307,0.00011193345,0.0012975415,0.0010704843,0.09747799,0.023593102,0.0011863941,1.49835105e-05,0.1639062,0.0043758065,0.004012513,0.5640091,0.010965128,0.00039531433,0.0022294924
8053,0.10713925,0.032702655,0.0009235458,0.0134199755,0.27462333,0.38325232,0.0013422533,0.64904594,0.010543741,0.036860805,0.031512372,0.006023402,0.1480579,0.0046717674,0.005299286,0.24766712,4.081133e-05,0.18344042,0.03834619,0.0027395955,0.0014750361,0.5499829,0.0036354065,0.0051209982
8056,0.048978273,0.053230997,0.0072404817,0.013993917,0.30509102,0.12518746,0.0024648109,0.5396364,0.045515813,0.17738494,0.011385203,0.0066544195,0.5304464,0.0116839,0.011216673,0.25681794,5.091386e-05,0.18470803,0.104955494,0.00669015,0.001450754,0.40057766,0.003888948,0.0032742892
8058,0.012064364,0.018110273,0.0029379535,0.0014142477,0.878893,0.058452506,3.5190482e-05,0.26095405,0.07317758,0.071144275,0.0008288018,0.00023241588,0.025998179,0.016419735,0.023124864,0.020145128,4.6733655e-07,0.45008215,0.011351891,0.0047603995,0.0025208283,0.053150717,2.6009513e-05,0.00025631
8068,0.0066867415,0.006359748,0.0005409151,0.005979106,0.79827374,0.07420831,9.45532e-05,0.50369203,0.014824356,0.019885227,0.005334748,0.0010549346,0.0073011396,0.028316934,0.029860014,0.03389433,1.5453707e-06,0.6528235,0.0040226104,0.0026557813,0.0020771655,0.06535818,0.0002871184,0.00023760085
8070,0.044207405,0.018513141,0.0010771859,0.013748615,0.5307144,0.17366819,0.0026457885,0.6726164,0.019877855,0.033985894,0.00703572,0.002856988,0.070785604,0.011822427,0.005902351,0.08848707,1.8345605e-05,0.2655559,0.055135984,0.0028587435,0.007656587,0.27335835,0.0018647335,0.0014483646
8073,0.487128,0.0574555,0.00076492986,0.0017509258,0.2952055,0.60971147,0.0001885913,0.33614722,0.009230321,0.028071104,0.009350553,0.0009600981,0.20664454,0.0010281178,0.0020219802,0.23046671,9.198689e-06,0.05288737,0.0658849,0.002034854,0.00055925525,0.7269864,0.0008544074,0.002699747
8077,0.028403424,0.017381877,0.0008662702,0.020778129,0.18637474,0.2050459,0.002518434,0.709433,0.009394475,0.070085436,0.02625665,0.0064893267,0.41733408,0.0064114565,0.004562309,0.32808912,4.4358883e-05,0.18519948,0.05824761,0.002023912,0.0004960457,0.5261769,0.0026546184,0.0020500107
8078,0.022468353,0.024427606,0.0059265248,0.07012294,0.42324606,0.06826484,0.048331473,0.70184827,0.037036154,0.041981257,0.005964865,0.020501446,0.041579958,0.067845196,0.020948898,0.054434255,0.0003372993,0.28165472,0.052037038,0.009755949,0.028231204,0.11538939,0.014288058,0.0031062753
8080,0.27530897,0.12658207,0.011288612,0.016276056,0.62360024,0.22247623,0.006475385,0.46983206,0.11379595,0.046828076,0.0036492224,0.006133512,0.07673196,0.026245242,0.013228782,0.041556172,0.000111577516,0.12590525,0.103946805,0.008363107,0.17740464,0.2140929,0.007377608,0.01847492
8082,0.13966057,0.16525127,0.03834403,0.0027046674,0.5123266,0.039220665,0.0015786159,0.14679135,0.17321128,0.2239519,0.0003091166,0.0015843636,0.5311206,0.012004048,0.013309457,0.061108597,1.7144188e-05,0.07075457,0.36348265,0.008851571,0.0074335216,0.21783805,0.00071328983,0.00093491585
8087,0.18310982,0.14067528,0.010318518,0.023167577,0.40906596,0.13312918,0.0049615223,0.58321697,0.059716724,0.09516465,0.008094691,0.019118259,0.1960296,0.013123345,0.013083979,0.105071455,0.000108376255,0.21246289,0.1267978,0.008277655,0.0142879505,0.31356418,0.033075955,0.015224576
8096,0.024756035,0.016000833,0.0017977923,0.008898135,0.57521975,0.10354028,0.0012737566,0.52885425,0.026974129,0.06852126,0.005719098,0.0016899252,0.25662574,0.019930778,0.009803396,0.1267236,1.18609305e-05,0.30930677,0.09030339,0.0029811973,0.0045933994,0.29596874,0.0012094497,0.00048762563
8100,0.036297493,0.02582995,0.003950143,0.013533758,0.5468422,0.12545717,0.0038898569,0.5259427,0.03970145,0.08291094,0.006592581,0.0029921178,0.33754694,0.024713106,0.010783499,0.13542789,3.6617326e-05,0.22940974,0.11218175,0.0060846955,0.00807489,0.31309932,0.0021435397,0.0013275096
8103,0.011284446,0.012687471,0.0018678058,0.001926522,0.7264285,0.050954834,0.00010708895,0.39027315,0.03882123,0.09496038,0.0009928572,0.00031386325,0.12717329,0.010197171,0.009561978,0.048703603,7.198535e-07,0.36449033,0.04865693,0.0022735728,0.0010860628,0.14159217,7.2783914e-05,0.00010808377
8105,0.15782106,0.039614934,0.0014896515,0.014055867,0.31410277,0.4121131,0.0027375526,0.58018655,0.012824516,0.040454604,0.02549438,0.0066497247,0.20236225,0.0062261587,0.005920261,0.27346998,7.894788e-05,0.15574792,0.07809422,0.0042475485,0.0027169576,0.601506,0.0053035603,0.0041684844
8110,0.17815022,0.03068926,0.00039988686,0.008256907,0.21202797,0.4796139,0.0005803267,0.64631414,0.0050851707,0.026594032,0.03371068,0.003959845,0.12664011,0.0017356216,0.002842299,0.27966854,2.0440273e-05,0.16379689,0.042545542,0.0014922568,0.0005474445,0.67617625,0.002645787,0.0033700091
8120,0.28621787,0.24454877,0.03602224,0.033651024,0.31017408,0.03661787,0.075904615,0.38083452,0.08740829,0.10680508,0.0009888518,0.0330668,0.16276442,0.02024866,0.011247228,0.05380387,0.00053499924,0.10369527,0.45804456,0.017019961,0.029046923,0.20244464,0.055787988,0.0045084073
8123,0.28288996,0.036849514,0.0008219675,0.005073318,0.60748,0.634127,0.00038814012,0.43149516,0.014410957,0.01243414,0.020516213,0.0019962792,0.024204379,0.0048304,0.0073669273,0.15011866,1.822191e-05,0.16397588,0.018034076,0.003982238,0.0061662677,0.49714932,0.0015823412,0.0036780182
8125,0.2550886,0.12203108,0.011222185,0.002226678,0.52941346,0.1381785,0.00084567553,0.22505532,0.08624279,0.11822502,0.0011928941,0.0011741824,0.4342307,0.008000481,0.008224507,0.08970273,1.2747645e-05,0.082652465,0.2833073,0.00524325,0.007946444,0.36653885,0.0008925841,0.0016467297
8130,0.24076535,0.042356454,0.00081061095,0.0020491935,0.52329147,0.38574728,0.00016243845,0.4029294,0.016458785,0.029959569,0.0045729848,0.00081823644,0.11554325,0.0023743708,0.003109702,0.105388284,3.4533168e-06,0.11623118,0.0472983,0.0019478636,0.0019305816,0.47686914,0.00060777355,0.0021245433
8131,0.35314047,0.180466,0.0027813932,0.021496892,0.22850792,0.41210833,0.0014645961,0.6318928,0.018579489,0.022614295,0.022898493,0.025692426,0.017537838,0.0037767568,0.0074880123,0.05609853,7.734529e-05,0.12839763,0.012196264,0.004334023,0.0045843767,0.3253471,0.015975341,0.19337483
8133,0.26056305,0.10134414,0.0050348574,0.0075167012,0.46943516,0.2706543,0.0012162693,0.43195587,0.036113348,0.07319909,0.010323339,0.0058657033,0.1838255,0.0071795187,0.011501865,0.18076076,4.8806654e-05,0.20749193,0.1609645,0.0054954756,0.005918101,0.4968401,0.00906257,0.0037021893
8135,0.3743128,0.28248516,0.0030700923,0.038149234,0.06112914,0.10002694,0.003954692,0.73144925,0.0098622255,0.03302698,0.011375027,0.11880827,0.063902736,0.0011072882,0.0026521909,0.07542252,0.00017474599,0.1276561,0.055833727,0.0019412441,0.0013095777,0.3956977,0.28735515,0.057095576
8150,0.034118246,0.018856997,0.0015983385,0.007080065,0.44438183,0.21779564,0.00043527997,0.48956138,0.020100212,0.081780665,0.017700892,0.002095506,0.3177991,0.011827841,0.013611504,0.3069058,1.2740256e-05,0.30007532,0.04870621,0.0034652047,0.0008387766,0.44859493,0.0009439254,0.00072984444
8152,0.5646924,0.45734155,0.006633033,0.026125979,0.07475581,0.08370438,0.0033060259,0.58679247,0.020363638,0.053509053,0.0056621255,0.09864436,0.06835965,0.0018038943,0.003929677,0.04443369,0.00014034756,0.09368085,0.079590015,0.002753264,0.0025062596,0.345523,0.22472489,0.1477386
8154,0.09653672,0.110167675,0.02783686,0.04824162,0.6263535,0.15789409,0.015360429,0.49613512,0.13688555,0.06779087,0.01114805,0.020586338,0.03794973,0.10030204,0.06659171,0.06314593,0.00035480745,0.29783678,0.03318126,0.029420141,0.11068993,0.11739212,0.013637624,0.021716967
8155,0.10062071,0.1973685,0.031965576,0.013083184,0.27738318,0.03243549,0.001892188,0.50940186,0.12547554,0.36845806,0.0029667006,0.017860325,0.3656729,0.008317485,0.017980307,0.13868618,3.9186372e-05,0.27566725,0.23613952,0.0071862587,0.0015994321,0.2332321,0.017487282,0.0030199473
8162,0.033536367,0.032767612,0.005351999,0.0065129367,0.44512385,0.08573826,0.0014512246,0.43755943,0.049068026,0.13299416,0.002778391,0.0017613363,0.5705987,0.013087316,0.0077312314,0.14796789,1.2648661e-05,0.15307456,0.1436661,0.0046994044,0.002469505,0.33697015,0.00093665,0.00080297334
8164,0.35466462,0.034133866,0.0004141149,0.0014548289,0.51873136,0.7481673,4.3447668e-05,0.27390328,0.0076760496,0.013992905,0.026182972,0.00079674885,0.049931254,0.001600853,0.00530843,0.2545978,4.8072557e-06,0.11830246,0.0093237,0.0025046163,0.00038940835,0.6557024,0.0004974529,0.0025673308
8172,0.01624271,0.019763196,0.0021029958,0.0077294908,0.79630643,0.023476953,0.000654926,0.47164598,0.04612693,0.02429585,0.00037891578,0.0013710369,0.004731826,0.031628493,0.015993156,0.005154961,3.9378606e-06,0.44274303,0.015331061,0.0025891615,0.038148977,0.025243856,0.00052773184,0.0005824915
8173,0.012106606,0.01010911,0.0013999423,0.018463189,0.2740078,0.18501551,0.0023071656,0.60043687,0.013410679,0.105248205,0.033086985,0.004205146,0.60803825,0.020460732,0.011004625,0.418475,5.3036776e-05,0.2268825,0.05614714,0.004059752,0.00051262934,0.49038494,0.0012159708,0.0009536621
8174,0.5547837,0.37213087,0.01306568,0.018432286,0.3291483,0.18538488,0.0027735229,0.49123853,0.06572449,0.067996465,0.0052607656,0.033196658,0.04498193,0.005240182,0.0099979555,0.049939785,0.00013343172,0.16231358,0.14290647,0.006038117,0.02652018,0.342385,0.059745602,0.04921045
8175,0.4083026,0.28690672,0.0050010625,0.057922386,0.11427997,0.09735071,0.011186046,0.7424289,0.015058725,0.019414628,0.010305236,0.14883187,0.02025334,0.0027916064,0.0054384423,0.052729536,0.0004037876,0.18813372,0.053931147,0.0038930099,0.00886876,0.30584252,0.501015,0.03568115
8179,0.001450113,0.0037243795,0.00059525156,0.004168128,0.79288006,0.01322458,5.9812133e-05,0.5369178,0.017871471,0.044201776,0.0008440839,0.00041087807,0.009750523,0.022244602,0.01856279,0.0135885,3.322083e-07,0.71148634,0.007672817,0.0014121716,0.00090285036,0.028937787,6.802639e-05,4.0696254e-05
8182,0.42029133,0.26083493,0.002734941,0.0063592843,0.24881582,0.4606129,0.000113431175,0.44067106,0.022634089,0.042255428,0.01917969,0.010392012,0.020353371,0.0014064568,0.00697559,0.040934272,1.3616066e-05,0.091008596,0.005517813,0.0037102445,0.00051832176,0.31160304,0.0031971177,0.44409242
8186,0.5359224,0.017607728,0.00013802107,0.002367102,0.48794803,0.877617,0.00019606148,0.38799337,0.004004015,0.0025277599,0.017221715,0.0008361863,0.008817674,0.0014240167,0.0020677517,0.13775878,9.807099e-06,0.05436224,0.0069339797,0.0014663873,0.0033524316,0.64180803,0.00040493673,0.0027703068
8189,0.06552448,0.05174908,0.0031470996,0.019259732,0.4701587,0.12775914,0.0023981142,0.7026486,0.05605114,0.040524367,0.0037854596,0.0056243716,0.054248553,0.015080552,0.0074333283,0.0353375,2.5100586e-05,0.18193641,0.031382684,0.00318273,0.029248191,0.13572578,0.003428377,0.011910684
8190,0.23485543,0.046894453,0.0018874841,0.0075701233,0.64575505,0.38312563,0.0014308632,0.43568724,0.0266872,0.021587988,0.010373341,0.002870345,0.07048216,0.013263946,0.010075509,0.10139288,3.5828787e-05,0.19118454,0.05612113,0.0047767656,0.026022078,0.39983413,0.0039718472,0.0037841562
8194,0.26046014,0.45919567,0.01955501,0.022106051,0.25652725,0.09591961,0.00052771094,0.60908544,0.099980466,0.104766645,0.008233353,0.05355347,0.01628943,0.005400089,0.019882102,0.02267404,3.9930273e-05,0.22175273,0.011320419,0.006750039,0.0049520354,0.09669922,0.034510016,0.3259299
8195,0.3334297,0.14063548,0.0051711625,0.008290637,0.1760581,0.11919206,0.0052723894,0.3780859,0.018381316,0.066912785,0.002724493,0.008671624,0.33762237,0.0027937759,0.0028997632,0.1721837,7.342108e-05,0.071043365,0.49878645,0.0029446408,0.0022778884,0.5709876,0.012945966,0.0015000685
8199,0.6914594,0.37031847,0.0024192526,0.019965839,0.04161995,0.07200765,0.008111201,0.50285566,0.0037126124,0.01400383,0.0019163787,0.116703756,0.03743013,0.00047574978,0.0009525734,0.06018994,0.00019276641,0.05895959,0.2301836,0.0016681895,0.0008344145,0.523154,0.449359,0.007754715
8202,0.8297804,0.51811683,0.0062269284,0.0024000725,0.057168946,0.041466407,0.0018065433,0.14356843,0.010902399,0.06976475,0.00020603371,0.013078001,0.16051206,0.00036719785,0.00076739193,0.058769368,3.8686958e-05,0.022798967,0.8193005,0.0010692761,0.00055289,0.5977104,0.021875156,0.0011972323
8205,0.3906418,0.2841008,0.01316975,0.00083802,0.11739766,0.0054010213,0.0015288122,0.055978287,0.044987638,0.1287088,7.5289954e-06,0.0014206973,0.57875067,0.0019997938,0.0015038801,0.03515457,4.064927e-06,0.014097313,0.85980135,0.0010295729,0.00085333834,0.2674335,0.00059424964,7.626936e-05
8208,0.15643167,0.1811164,0.030952338,0.011173884,0.67744744,0.28430864,0.0011637493,0.35346416,0.16794038,0.13769926,0.012522888,0.008669188,0.056449637,0.018817073,0.041097526,0.10353579,7.009306e-05,0.22258502,0.025427973,0.02773312,0.008905455,0.18225382,0.0036451884,0.027672516
8210,0.4339179,0.20430869,0.005251553,0.008630829,0.37313902,0.4395858,0.00067432167,0.44563797,0.03559183,0.04951527,0.014835342,0.009744089,0.052884873,0.0033339774,0.008407256,0.084780365,4.3729116e-05,0.1106659,0.030564208,0.0066253077,0.0036048118,0.42539787,0.008235361,0.08846748
8212,0.060853876,0.026420597,0.002322611,0.0026076438,0.6071228,0.14900276,0.00039063423,0.35892093,0.036768857,0.07470064,0.0026403568,0.00057980395,0.3123412,0.009461559,0.007071518,0.100561865,4.6500345e-06,0.17053296,0.09185874,0.0033098932,0.0029415246,0.31132245,0.00024165613,0.00057430315
8213,0.14960642,0.10599601,0.00894811,0.005596423,0.21364444,0.10077007,0.0018290466,0.32285863,0.040596396,0.17039318,0.0027454344,0.004113207,0.69074607,0.005467599,0.005964791,0.21131513,2.8436576e-05,0.07054847,0.23296013,0.0047207572,0.0007596963,0.49374926,0.0029931262,0.002524769
8215,0.0071228747,0.015517061,0.001428618,0.04976205,0.3147734,0.038587738,0.0032273908,0.85371,0.025762549,0.030719956,0.005762287,0.012805946,0.018832838,0.03180211,0.01175269,0.02646501,3.4489327e-05,0.38299268,0.008398204,0.0020277991,0.007231329,0.050239712,0.005293473,0.0044662906
8219,0.016236145,0.04025845,0.012775811,0.003984395,0.90042293,0.044298675,0.00026051706,0.22649343,0.14517316,0.07713116,0.0006819785,0.00072574615,0.00888615,0.040059775,0.05007316,0.01161062,2.9674457e-06,0.43891045,0.009533578,0.015185384,0.012537916,0.024596194,7.881759e-05,0.00086953834
8220,0.17811432,0.14887558,0.028890193,0.008490127,0.6192804,0.0681637,0.009998919,0.30158237,0.13636759,0.12424495,0.0008184708,0.0042136903,0.1965293,0.019927695,0.014068467,0.044739775,6.335547e-05,0.12734103,0.334625,0.012038843,0.042658027,0.19386046,0.0038157788,0.0027864405
8226,0.010322589,0.021950515,0.00543492,0.014465258,0.6010347,0.040301714,0.001566518,0.6374266,0.050521158,0.12812208,0.0033289946,0.0035682009,0.0797284,0.023293292,0.01743335,0.060056925,1.1745375e-05,0.47018394,0.060458973,0.005422614,0.003133815,0.10641269,0.0012943947,0.00056955137
8227,0.07632655,0.04811834,0.0030643663,0.0079292,0.61022955,0.1147492,0.0012423742,0.56016326,0.04272328,0.06379138,0.002737188,0.0030920675,0.07193663,0.00859043,0.0069760885,0.050532628,1.052034e-05,0.2693941,0.11023131,0.0028584078,0.010887507,0.22664163,0.0023915775,0.002102081
8228,0.13404801,0.22850904,0.06264023,0.022147927,0.5236785,0.08189556,0.005158813,0.4457895,0.20775841,0.24444468,0.0052119116,0.018632298,0.17289877,0.029254692,0.03701874,0.08923968,0.00013622791,0.24858528,0.12952395,0.025178922,0.018564807,0.17032672,0.016108548,0.014017169
8230,0.067375295,0.040847942,0.0053101177,0.0058011273,0.76547664,0.12713121,0.0011582595,0.3577491,0.066778466,0.06242141,0.002836727,0.0014209531,0.09230161,0.024237713,0.01755042,0.050093252,1.5569472e-05,0.27736714,0.06830141,0.0075918958,0.020690687,0.16864851,0.0007548145,0.0013821423
8232,0.043548618,0.02539223,0.001021765,0.021623738,0.4264158,0.16303565,0.0011454597,0.7215427,0.011769743,0.027528752,0.023102358,0.010771618,0.033572122,0.0108798435,0.01416382,0.12921612,2.9349749e-05,0.47802353,0.027905311,0.0026804886,0.003781078,0.29544678,0.011988506,0.0020975948
8234,0.046428073,0.040031858,0.005729644,0.014092636,0.7941369,0.068734676,0.002876611,0.40093845,0.06295865,0.027399926,0.0016028807,0.0038405037,0.011104144,0.047523744,0.03014617,0.016028184,2.40823e-05,0.35660687,0.021097153,0.00910541,0.05307288,0.05841798,0.002572817,0.0021164431
8238,0.5225936,0.15246952,0.0049625495,0.007616905,0.4579558,0.43997964,0.002247336,0.39211872,0.032521777,0.03901764,0.0074296775,0.006547559,0.09902408,0.0047995313,0.0060863174,0.09862774,7.2599054e-05,0.08340942,0.1149908,0.006767199,0.010518745,0.5249151,0.009484915,0.020702515
8241,0.51920515,0.12968056,0.0032474527,0.018074386,0.3249184,0.44874832,0.005534128,0.5718615,0.023633918,0.020912347,0.011812848,0.014453659,0.0523557,0.0055843936,0.005635757,0.08665509,0.00016594733,0.0953503,0.08167085,0.004743349,0.030790944,0.50215006,0.024532784,0.02952598
8245,0.7245424,0.50393534,0.0056960043,0.010343191,0.0713123,0.102470666,0.0014181853,0.46095002,0.0153988665,0.07119982,0.0025545307,0.04915555,0.10270335,0.00077357696,0.001990005,0.056815974,5.822516e-05,0.066238694,0.2570912,0.0017292964,0.0012639773,0.5218396,0.12465301,0.054297972
8258,0.032116212,0.07316476,0.013378729,0.009529154,0.24708414,0.052358516,0.00080071704,0.5268801,0.074000284,0.34874243,0.006032304,0.0066700145,0.5554988,0.007947628,0.01325482,0.22157036,2.0525771e-05,0.23377381,0.11017225,0.00525328,0.00043559875,0.2899581,0.002594579,0.001889804
8259,0.07367883,0.001772367,1.7346325e-05,0.010002128,0.17069793,0.90367997,0.00051164284,0.6002506,0.00028380976,0.002183324,0.3367265,0.002487888,0.027094698,0.0027671666,0.0036264928,0.6645945,5.0854167e-05,0.17462538,0.00340677,0.0010898047,7.5040676e-05,0.8454792,0.0003579441,0.00040336154
8264,0.004121819,0.006313201,0.0012342775,0.009190419,0.8364621,0.03158669,0.00033040936,0.38846457,0.020785615,0.015858306,0.0020836715,0.0012282548,0.002984696,0.0763665,0.06273091,0.014376949,3.0845308e-06,0.6738868,0.0029137253,0.0048940135,0.005899643,0.02594477,0.0002945359,0.00018703546
8266,0.059734248,0.1267557,0.0035148936,0.04072454,0.20877358,0.038255252,0.0007507307,0.81710285,0.022156257,0.041593883,0.011284936,0.08530069,0.008303134,0.004513832,0.016296223,0.036837447,4.2850406e-05,0.5496305,0.012036733,0.0025615094,0.002670032,0.10145922,0.13726972,0.013314388
8271,0.7303374,0.3875774,0.00741902,0.0062137763,0.22721562,0.20936602,0.0011984389,0.3438855,0.023748374,0.05018401,0.003506456,0.018872188,0.08981136,0.0012682708,0.003516708,0.08453768,5.2002128e-05,0.08236371,0.2715673,0.0032308132,0.0044115284,0.60188806,0.0771986,0.015639031
8286,0.40097797,0.21262662,0.013929854,0.008397199,0.3684728,0.16247803,0.0032113972,0.3612788,0.065435424,0.11828917,0.0039349063,0.0082749035,0.35156524,0.007829227,0.009077844,0.13271512,7.1805945e-05,0.111837976,0.34676573,0.0064639333,0.0107210735,0.4825119,0.015243891,0.0073525263
8298,0.2591344,0.040408634,0.00063438213,0.0036501554,0.27242774,0.47637042,0.00029302508,0.44297084,0.0077979537,0.03684124,0.01567254,0.001758067,0.27911845,0.0016278309,0.0027605651,0.2809887,1.0953499e-05,0.10018141,0.05895938,0.0020450007,0.00039960092,0.7043727,0.0013419344,0.0025502564
8306,0.3544473,0.065993376,0.00075856637,0.0084584495,0.37251857,0.56556857,0.000771122,0.5811558,0.010749022,0.012528486,0.016971435,0.005138844,0.027955666,0.0026081672,0.0037318286,0.089415364,2.5638294e-05,0.11527213,0.020574193,0.002774651,0.004553705,0.491188,0.004032886,0.022494806
8308,0.31538028,0.0087353615,3.9993494e-05,0.015013176,0.13000433,0.86609674,0.0013854885,0.7471465,0.0007418555,0.0015549199,0.09534407,0.0055843513,0.009651147,0.001757545,0.0017655174,0.23951793,4.8782407e-05,0.09761951,0.005624086,0.00088200736,0.0014535626,0.7415168,0.0017658805,0.0060126833
8311,0.03361562,0.017867757,0.001170463,0.013016593,0.6170757,0.13010946,0.0013777523,0.6459073,0.026475983,0.03343323,0.005512752,0.0025809377,0.0436612,0.019146074,0.009446814,0.055733018,1.2787852e-05,0.3427651,0.03424045,0.0027352024,0.012712146,0.17388795,0.0014801101,0.0014880069
8315,0.5197825,0.22246908,0.0054051518,0.015818605,0.32331094,0.263583,0.0024608665,0.52553284,0.025441283,0.039846256,0.011343445,0.026751919,0.053672023,0.0037323746,0.008449086,0.111380585,0.000102709004,0.20505132,0.15411462,0.004413558,0.012244971,0.5432035,0.08525318,0.014861542
8319,0.09536867,0.04632169,0.006453218,0.014750295,0.6208426,0.20765086,0.006375004,0.45205623,0.050451215,0.06254007,0.008472672,0.004667051,0.21517782,0.03135876,0.016479772,0.12558883,9.233252e-05,0.20879923,0.11089088,0.010584202,0.020691954,0.32760596,0.004619114,0.003262285
8320,0.5066232,0.533644,0.016069615,0.019306695,0.19909205,0.15514101,0.0007527164,0.50266165,0.061527636,0.087786704,0.010055469,0.059309077,0.024902308,0.0029068226,0.012806033,0.035948303,6.853466e-05,0.14517914,0.025019024,0.006225415,0.0035147467,0.23773684,0.07220648,0.35966456
8321,0.16926628,0.09286728,0.004248033,0.05717226,0.29732135,0.15981257,0.018838365,0.747144,0.02232069,0.025151992,0.014194228,0.051796578,0.03425098,0.012457195,0.010894071,0.08411286,0.00041392702,0.25975734,0.074208766,0.0059794746,0.029286642,0.2931289,0.12416233,0.011422604
8322,0.0009716469,0.0017568341,0.008926645,0.22303478,0.18219595,0.0034438937,0.99165064,0.065805376,0.0072582476,0.0008971338,7.727543e-06,0.031070312,0.00045810125,0.7623828,0.03751648,0.0013006384,0.004686491,0.008118658,0.0010446928,0.056348123,0.03141287,0.0025237175,0.00020952238,0.00021532601
8325,0.08401933,0.13985036,0.024685638,0.050662182,0.2124393,0.05617028,0.019487772,0.6655304,0.088207096,0.24987303,0.009893631,0.046665512,0.34500858,0.018965868,0.017891863,0.17449297,0.0004127355,0.23383512,0.22959615,0.011486548,0.0055380687,0.26951757,0.043065086,0.008805325
8329,0.21048407,0.06278018,0.003525379,0.0065371953,0.593732,0.25177976,0.0016724013,0.44165152,0.036390897,0.04964098,0.006406561,0.0030941279,0.13429567,0.010771299,0.008888716,0.120124325,3.7523845e-05,0.22042249,0.1917655,0.0039103488,0.016468382,0.42460823,0.0048979837,0.001720941
8333,0.15734866,0.095103346,0.011327707,0.01168971,0.6739048,0.1998202,0.0028950986,0.43866864,0.09389981,0.084505044,0.006294389,0.0052093957,0.11525845,0.02397199,0.020063002,0.08410176,6.279272e-05,0.2400246,0.11331438,0.01053932,0.037783667,0.25763246,0.005370321,0.006083323
8335,0.0671399,0.047608502,0.0040763295,0.008084211,0.18763769,0.1432397,0.0020614513,0.43326625,0.02334336,0.14972858,0.006747366,0.004058451,0.7531467,0.005138651,0.00460981,0.3062744,3.268936e-05,0.08138839,0.13378476,0.0042661536,0.0003587609,0.5401365,0.002006984,0.0024426896
8338,0.03099858,0.04083596,0.006510568,0.008451175,0.7872329,0.07617029,0.00064727745,0.4347092,0.078782916,0.073569745,0.0026038305,0.0023875432,0.028438287,0.02815516,0.028332729,0.03250781,9.615102e-06,0.44350332,0.03154571,0.008105564,0.014483529,0.083834566,0.0009372258,0.001416904
8340,0.30019364,0.17029318,0.029217895,0.017590053,0.47281334,0.13185364,0.03915288,0.3070737,0.090922266,0.08179595,0.0021201465,0.011037633,0.22949915,0.022251677,0.0118839005,0.08060219,0.00033812964,0.07644373,0.3268313,0.0189602,0.04894664,0.29468694,0.012761031,0.0068505704
8346,0.25891098,0.27956873,0.018821202,0.0006892751,0.15185161,0.01077321,0.00016225518,0.12479642,0.0955733,0.39460927,7.999093e-05,0.00129878,0.6763272,0.0012292853,0.004049248,0.079463236,1.4517058e-06,0.052120697,0.5935522,0.001248169,0.00017064906,0.29863077,0.00059823756,0.0002147898
8347,0.11151592,0.07734552,0.005393823,0.008849525,0.627306,0.21837936,0.00080737553,0.48873043,0.07469982,0.049572438,0.005831618,0.0033648033,0.07450514,0.017174518,0.013630736,0.049707014,1.6443999e-05,0.1850273,0.02378545,0.00764166,0.02121521,0.17591733,0.0019211484,0.018082721
8352,0.15640141,0.13995515,0.0032931934,0.0719983,0.16190046,0.089245126,0.009074864,0.80854714,0.017548079,0.01735755,0.013348628,0.1086473,0.0223599,0.008502623,0.009515138,0.047902867,0.00032124206,0.2634307,0.025544148,0.0031392153,0.018216006,0.19404365,0.2920061,0.03352997
8356,0.0062344633,0.008559438,0.0015338872,0.046370123,0.50011164,0.02628372,0.018555928,0.7420413,0.017663324,0.016713899,0.0016031151,0.007477707,0.009129225,0.053910326,0.012640507,0.014828237,4.732586e-05,0.3646116,0.016924366,0.0033198155,0.015090791,0.040483154,0.004294583,0.0007439436
8357,0.096425675,0.06866515,0.010724412,0.04500711,0.6223856,0.07515264,0.031053938,0.50367546,0.12033099,0.014156798,0.000865242,0.008024335,0.007372851,0.088209994,0.022440795,0.007176946,0.00016162194,0.13187265,0.01918378,0.0076661324,0.60714006,0.03959175,0.0050014947,0.011690272
8363,0.02028873,0.017749403,0.0019617998,0.0024419925,0.8403339,0.063850895,0.00014247437,0.3479999,0.046381224,0.0478589,0.00094868324,0.00046548896,0.027423594,0.01597275,0.015164098,0.020605959,1.3896573e-06,0.42737138,0.025575537,0.0035645745,0.0057162265,0.077039436,0.00012091847,0.00030366832
8365,0.31854117,0.027085787,0.0005654926,0.024169378,0.321013,0.66408014,0.008294394,0.6797452,0.007866053,0.004310631,0.023796838,0.008953215,0.01565292,0.009595422,0.00456082,0.10563163,0.00016357232,0.09984877,0.01787204,0.0030322256,0.039690334,0.45699883,0.006222407,0.01089178
8378,0.034767732,0.023325577,0.003436784,0.0050610695,0.28300446,0.06985002,0.0048615662,0.23038843,0.020590303,0.07104578,0.0007538635,0.001247996,0.7917439,0.013130375,0.0030675437,0.1492523,1.935942e-05,0.03731471,0.19666229,0.004110013,0.0011861047,0.39178073,0.00028828194,0.0004453714
8381,0.019787094,0.52969897,0.8274856,0.0041096252,0.90333223,0.005588012,0.00044145295,0.030717215,0.8891247,0.6043457,4.286385e-05,0.0023942012,0.005990844,0.09562411,0.3564377,0.0034655784,1.1233943e-05,0.18703483,0.007429874,0.24248956,0.0069910157,0.002217264,3.3509437e-05,0.0041008056
8383,0.4588876,0.07070867,0.0013645729,0.022488141,0.07685106,0.25622576,0.060889807,0.41671598,0.0019892212,0.0075609367,0.00417476,0.03780597,0.060494974,0.0017693082,0.0009368352,0.20897923,0.0006358585,0.041928485,0.43843883,0.003019946,0.0023924261,0.70345485,0.05215221,0.000652164
8389,0.5493814,0.06248385,0.0006595983,0.002462254,0.24623312,0.6703,0.0002152519,0.38125524,0.0063767326,0.023960955,0.018764455,0.0018179865,0.15123975,0.00078048237,0.0022127682,0.30139604,1.4764981e-05,0.07302545,0.07071367,0.0018949423,0.00048362682,0.790322,0.0021127828,0.002797279
8392,0.14252143,0.11633308,0.02907991,0.011882714,0.74070776,0.30331618,0.0023824037,0.2938502,0.16342086,0.116177,0.011906767,0.0053433706,0.10962115,0.047981404,0.056993566,0.13453433,0.00010628008,0.25178295,0.059873357,0.027757738,0.04220579,0.24206987,0.0025123633,0.008876371
8393,0.68166304,0.53365934,0.025676914,0.003329452,0.192008,0.05886203,0.0008313653,0.21702887,0.07811113,0.2417686,0.00072527846,0.011529781,0.2410428,0.0017535288,0.0061943755,0.07261079,2.7107018e-05,0.07648817,0.5614857,0.0034591882,0.0018724905,0.43934524,0.016550351,0.0064362506
8402,0.31473595,0.26870936,0.007501466,0.018649109,0.30131,0.26272404,0.0008697808,0.5864002,0.04732247,0.053126205,0.019677812,0.030544255,0.026477614,0.0048170732,0.014332139,0.05756409,6.8198126e-05,0.19426389,0.014155566,0.006701764,0.005730122,0.25549737,0.024357105,0.182845
8407,0.012466871,0.018325668,0.0017532527,0.008205337,0.73930275,0.03375641,0.00037728384,0.553916,0.033879716,0.03731988,0.0011890494,0.0018984944,0.01326059,0.023257108,0.01608956,0.014093967,2.8447114e-06,0.5102711,0.014308777,0.0030352979,0.007279988,0.045669824,0.0007845295,0.0007909076
8408,0.22496623,0.112322286,0.0048053884,0.0037325735,0.21261315,0.13522798,0.00071806024,0.3521459,0.028949514,0.13922279,0.0031054385,0.002831702,0.56123686,0.0026305404,0.0045021074,0.22069547,1.3768763e-05,0.091087624,0.2876894,0.0024271784,0.0006504402,0.5683062,0.0026224165,0.0016000506
8415,0.5711086,0.70130205,0.09254247,0.0020914616,0.20648237,0.02720819,0.00015109307,0.17249689,0.21394809,0.5530576,0.00045694684,0.012299953,0.19730748,0.00152855,0.014748626,0.053053483,9.27415e-06,0.10804212,0.27403712,0.0058094575,0.0003593271,0.21859111,0.008232514,0.012074227
8427,0.0831016,0.072899625,0.003923394,0.039670918,0.43604037,0.102972046,0.0033567296,0.72293556,0.028619463,0.023012875,0.011861837,0.033137523,0.011929374,0.020231612,0.024429873,0.04601842,9.720786e-05,0.4454891,0.020352373,0.005515257,0.023929583,0.14333351,0.0641755,0.008670786
8428,0.68626106,0.05229174,0.0007270721,0.002499895,0.43744645,0.8288258,0.00043400304,0.3028024,0.009363817,0.007932814,0.014001157,0.0015300513,0.02760965,0.0014361211,0.0026971202,0.16492198,3.0405927e-05,0.04576397,0.03484972,0.0026228027,0.004441043,0.70298445,0.0013795969,0.004371091
8429,0.2422909,0.07581844,0.002691068,0.002471077,0.3656791,0.18919072,0.00045145498,0.36498895,0.031910658,0.07602489,0.0021238117,0.001034441,0.39013013,0.0034121803,0.003211464,0.11869761,5.4022953e-06,0.07572685,0.18888596,0.0018725406,0.0021406047,0.48310924,0.00096985593,0.0018403244
8433,0.05322546,0.040940333,0.0048613767,0.0031393585,0.87146896,0.19022664,0.00016521584,0.27129003,0.09072205,0.052227125,0.0031396707,0.00076820987,0.01914944,0.019959264,0.029312259,0.03661305,4.469589e-06,0.34938487,0.014672573,0.009423604,0.011082943,0.10310679,0.00018339562,0.001621766
8434,0.35588408,0.2724037,0.0022733004,0.018003762,0.14107837,0.20276454,0.00041722207,0.7209407,0.019910833,0.036542807,0.015803825,0.03325989,0.029218294,0.0016906083,0.004918194,0.034385093,2.7563225e-05,0.14923245,0.012005536,0.00181284,0.0023183387,0.2730582,0.03163197,0.315342
8435,0.57260954,0.02997322,0.0002208926,0.0016106962,0.4311053,0.81904113,0.00015007648,0.3781938,0.0049856827,0.005017193,0.009381305,0.00078926975,0.014769753,0.00084016327,0.0014507732,0.10821822,6.438792e-06,0.046608124,0.015897771,0.0011994381,0.0016783421,0.6485223,0.0004736071,0.0029976065
8436,0.75466686,0.17667693,0.0012958138,0.005708365,0.17615986,0.53104633,0.00082359393,0.47260097,0.0068319216,0.01791882,0.010482591,0.009134126,0.04473348,0.00053978636,0.0015948943,0.14713371,4.127246e-05,0.07018699,0.1643137,0.0017173894,0.001840426,0.7743171,0.023712013,0.008143752
8437,0.048497967,0.08516618,0.022395846,0.010879371,0.65802765,0.12704627,0.00091449916,0.41599134,0.13241775,0.18095891,0.00822807,0.0052337227,0.12361471,0.036537103,0.04645238,0.11494233,2.6414658e-05,0.37276244,0.044431083,0.015960552,0.0076141916,0.15661114,0.0017240092,0.004252081
8438,0.6829386,0.12144264,0.0017072886,0.0038124418,0.24426483,0.5535303,0.0013056062,0.36036825,0.009710682,0.022376752,0.007019874,0.0037522023,0.11462285,0.0010276076,0.001711788,0.1698163,4.890589e-05,0.04730559,0.21344417,0.0026969446,0.0022827825,0.7357271,0.0061340616,0.0043958575
8442,0.1690489,0.002323095,1.0947014e-05,0.0030452902,0.038198568,0.89284486,0.000259936,0.41186497,8.920777e-05,0.002172953,0.05581158,0.0013288012,0.12663053,0.00032304606,0.00030709946,0.6558272,1.294629e-05,0.023968615,0.010148613,0.0003649493,3.9016754e-06,0.9302939,0.00018728548,0.00021374422
8445,0.015517256,0.006371173,0.00022097328,0.0036479065,0.77408487,0.16731347,4.8357448e-05,0.4611664,0.008461569,0.010921662,0.007401553,0.00076251954,0.007200302,0.012470905,0.017444566,0.04785237,9.4282257e-07,0.54449046,0.0028724053,0.0018234269,0.0012527736,0.12434418,0.00018911799,0.00032297126
8453,0.6624965,0.021465594,0.0003233992,0.00869665,0.28504938,0.88489383,0.007038652,0.43727782,0.0029389386,0.0014098838,0.020131545,0.0041880347,0.006516862,0.0025175705,0.0018730548,0.12479206,0.00018092043,0.032509387,0.019177863,0.0024277882,0.014697231,0.6770093,0.0026567755,0.00407065
8461,0.35662574,0.11745451,0.006024267,0.0157906,0.38596085,0.29567298,0.0077496865,0.50621474,0.039190214,0.04941729,0.007301762,0.010039556,0.20131175,0.010467407,0.0062031383,0.12092133,0.00012791729,0.102829464,0.20000793,0.006107147,0.0269778,0.4768288,0.016151167,0.012519558
8462,0.08179897,0.1494507,0.017273024,0.022284117,0.29423282,0.06692807,0.0025763495,0.6453476,0.09984403,0.21352617,0.006814108,0.019056613,0.20843615,0.010403474,0.014490595,0.10112871,5.5442644e-05,0.22713494,0.090161696,0.0071698083,0.003903466,0.20791326,0.014176731,0.013564923
8465,0.0051868316,0.0033298982,7.7962504e-05,0.0033379172,0.7651078,0.039945528,2.7244188e-05,0.5953997,0.0040015476,0.006258851,0.0015526237,0.00066469976,0.0014783336,0.00731343,0.008649026,0.010186477,2.122626e-07,0.6977793,0.0024833668,0.0004917676,0.0011551616,0.05243855,0.00027246564,9.117062e-05
8467,0.58743405,0.103939146,0.0011149234,0.0069867475,0.20526744,0.59007764,0.001136602,0.53788143,0.0074020894,0.02142488,0.015679663,0.006966754,0.07672067,0.00091250456,0.0019987272,0.18855742,4.3531316e-05,0.07356594,0.0855529,0.0024591498,0.0015240969,0.73389447,0.01018391,0.009893491
8472,0.5297432,0.5763394,0.056789186,0.0054127625,0.22246881,0.0332535,0.0009972194,0.30254653,0.16422428,0.3984067,0.0007650852,0.01830716,0.19113448,0.0027960092,0.010856873,0.056587286,2.8247003e-05,0.1294604,0.46706742,0.005733465,0.0021694077,0.26475108,0.017411506,0.009745299
8474,0.18865116,0.16594857,0.057260383,0.047468707,0.5976199,0.16542526,0.06341693,0.3418333,0.18537283,0.070991635,0.004484406,0.01963369,0.058097415,0.08840447,0.04296576,0.049683042,0.0009676782,0.11919939,0.07755129,0.04135607,0.21929404,0.13121065,0.012273189,0.027277203
8476,0.07099922,0.04619242,0.0035824226,0.018510958,0.48046565,0.19102302,0.0018370373,0.6174915,0.033320148,0.07410002,0.01943579,0.008604294,0.13638316,0.015517591,0.017134761,0.18576717,4.9301194e-05,0.35828134,0.06948498,0.005743983,0.0064836536,0.35408923,0.008567374,0.0033081952
8477,0.43112102,0.27680808,0.0065375734,0.031577803,0.19571812,0.15834476,0.0054191095,0.6498589,0.027519658,0.038476247,0.010750177,0.058318328,0.06023692,0.004443276,0.0071961693,0.06750069,0.00019122828,0.15716268,0.073404185,0.004965985,0.011909635,0.364946,0.15447924,0.060663383
8489,0.1544838,0.2033583,0.004036569,0.08153614,0.1329941,0.05229968,0.0027187322,0.83636284,0.019314213,0.015571531,0.01550313,0.18484893,0.0051904223,0.006022949,0.016304,0.030488864,0.00018259333,0.41039738,0.008006243,0.0029572002,0.010047541,0.113597974,0.48652846,0.0401471
8502,0.028343713,0.019507239,0.0014068506,0.050165806,0.5048594,0.074508645,0.0087892385,0.7415938,0.029029498,0.0077047083,0.0031076712,0.008497945,0.006420925,0.070684396,0.017376844,0.012462563,6.528876e-05,0.28805172,0.007430029,0.002654857,0.17955692,0.049499393,0.0057561058,0.005839961
8503,0.027267292,0.04112995,0.0074442215,0.008263351,0.7130613,0.04562914,0.0012541573,0.49911314,0.07934337,0.09399931,0.0010128587,0.0021211142,0.048684098,0.021292143,0.013957384,0.021500193,7.1659497e-06,0.3348262,0.056183487,0.0061237155,0.012222453,0.07525575,0.00063156756,0.0015344775
8505,0.010074363,0.016227555,0.0035246124,0.0859525,0.47255117,0.069422096,0.013642128,0.7047741,0.033304773,0.017154729,0.009610405,0.017492427,0.008825658,0.17932406,0.058950756,0.030919304,0.00018025681,0.4041027,0.005775585,0.0076934085,0.058431726,0.04643187,0.006180603,0.005343386
8508,0.13964133,0.16660008,0.048241995,0.025961278,0.7222711,0.0844637,0.017828602,0.3173954,0.20640321,0.068049364,0.0014944675,0.009841778,0.023848118,0.0636409,0.038045537,0.018217716,0.00016337885,0.16931047,0.05507318,0.027736003,0.1711097,0.064034276,0.0058706603,0.015099827
8512,0.061693486,0.056851383,0.009886632,0.054250304,0.44307122,0.08637086,0.032274857,0.694726,0.05670927,0.051571384,0.005123112,0.022559129,0.030616065,0.03396741,0.016028484,0.048277628,0.0003117477,0.25794643,0.07368479,0.011492544,0.040625907,0.123905316,0.021200143,0.0047659124
8514,0.07407518,0.029840691,0.0031769474,0.013812299,0.34276348,0.32832438,0.010243675,0.40816665,0.020390678,0.045146745,0.009466968,0.0046521965,0.462869,0.020970985,0.006161468,0.17648324,0.00013704941,0.05737856,0.055506617,0.010422941,0.0032971636,0.4233667,0.0012678893,0.011388456
8519,0.1773523,0.21062595,0.06698655,0.026035896,0.6941189,0.20695493,0.008918744,0.33697885,0.23953356,0.1381542,0.0086176945,0.015267587,0.06762935,0.05739996,0.058455065,0.07233485,0.00032657248,0.19798984,0.054279536,0.050227042,0.06393181,0.1494766,0.009284218,0.036289353
8526,0.056245353,0.02016821,0.0004998256,0.013381372,0.30024132,0.22187065,0.0011002827,0.71452206,0.00708903,0.033540346,0.019047309,0.0046489546,0.12925193,0.0033061248,0.0036351958,0.21800023,1.6309546e-05,0.27322698,0.0618733,0.0014749006,0.0010299603,0.5088676,0.004502009,0.0011457042
8527,0.808445,0.39716983,0.0036744813,0.00041375426,0.048974548,0.028064484,0.00038184214,0.050051402,0.008347044,0.07119777,3.330434e-05,0.0015260159,0.50382626,0.00035842916,0.00047047783,0.049894612,3.92481e-06,0.0073515414,0.8667473,0.00038740042,0.00017067006,0.5798803,0.00097101496,0.00026671452
8529,0.013441925,0.013526903,0.0025368147,0.011691358,0.7521637,0.06397628,0.001844834,0.4841739,0.031083848,0.039366916,0.0031165471,0.0022081533,0.031591542,0.03596709,0.022228438,0.03904802,1.353533e-05,0.44545186,0.025642676,0.0067315022,0.0073770005,0.09422101,0.000952175,0.00047789214
8533,0.097432405,0.037424084,0.0020780733,0.004897519,0.78677106,0.27139297,0.0003874791,0.38079074,0.036416885,0.0229851,0.0057601538,0.0018094099,0.016367521,0.013875753,0.01718024,0.048221,8.638894e-06,0.30699494,0.01699035,0.0054793367,0.011408241,0.17358778,0.0008838358,0.0023031377
8535,0.4501916,0.06327814,0.00035543268,0.0031031924,0.3325186,0.71871096,0.00010753459,0.46601298,0.008701013,0.008810733,0.010894741,0.0017264113,0.013303403,0.0010884797,0.002212063,0.044034056,6.062536e-06,0.04915126,0.0060441955,0.0014208361,0.0015365406,0.445448,0.00047277354,0.07268714
8549,0.63875437,0.023708386,0.00014435398,0.004397878,0.27218375,0.8440896,0.00061830285,0.5170989,0.0030662667,0.0024737644,0.016164714,0.0018587797,0.011738221,0.0013736238,0.0013627575,0.095588736,2.2836492e-05,0.041523702,0.016665952,0.0009924179,0.006866821,0.68582153,0.0009346122,0.00683587
8551,0.05346905,0.018719157,0.0010155438,0.006556259,0.34484142,0.28230193,0.0005516475,0.49828082,0.013816867,0.068749145,0.01730208,0.0018636546,0.41456178,0.0073802597,0.0070329458,0.3346488,1.3715111e-05,0.18337421,0.06208575,0.0025689555,0.0005490724,0.5740055,0.0009676523,0.0009415156
8553,0.5295936,0.08483529,0.0010794448,0.010486662,0.30167744,0.569309,0.0016778278,0.59005934,0.0107969055,0.014379943,0.0154395355,0.007247375,0.043955646,0.0026128234,0.0031899405,0.11110336,5.5922563e-05,0.09811294,0.06285062,0.0027145103,0.010135909,0.61739445,0.009382361,0.01586711
8554,0.23911488,0.16357829,0.004470915,0.010621023,0.52323425,0.19317831,0.00052305823,0.5781711,0.053528402,0.03979607,0.004776265,0.010832485,0.022615869,0.0068568736,0.010639509,0.026750939,1.7266379e-05,0.2292789,0.028764185,0.0041522705,0.021599019,0.19343624,0.010022466,0.049799442
8555,0.018583588,0.007244699,0.000514362,0.0034873544,0.7544423,0.09851767,0.00025847767,0.43340737,0.017830482,0.02980431,0.0025912286,0.00038701523,0.07544586,0.017551975,0.008905244,0.05331385,2.353907e-06,0.38395813,0.032169595,0.0018348922,0.0045786537,0.18260151,0.0001463439,0.00015037441
8561,0.008303672,0.013391217,0.00071251055,0.014501432,0.6050725,0.024343278,0.00035773942,0.66536605,0.010719199,0.0144623965,0.0021217524,0.006273831,0.005190661,0.016236432,0.015990335,0.013732628,2.7223055e-06,0.6152853,0.004838964,0.0016368078,0.0022813687,0.039138306,0.005513082,0.0006188373
8562,0.034841705,0.017880302,0.0005968254,0.01690097,0.4468117,0.24492086,0.0006088533,0.74542284,0.010202163,0.023446614,0.029913735,0.006077007,0.026794754,0.0090355165,0.01074001,0.13056964,1.6370897e-05,0.4333464,0.015306377,0.0022396583,0.002467193,0.29325628,0.0034062732,0.0025740163
8564,0.053023223,0.0606962,0.008756063,0.016026635,0.7142805,0.18375632,0.0006330148,0.4533399,0.06809179,0.0650389,0.020789305,0.00934013,0.019911315,0.03894364,0.07388751,0.10715971,3.560263e-05,0.5425901,0.014350863,0.0133196255,0.008919498,0.14485577,0.0050782375,0.004422546
8567,0.32237872,0.22910212,0.008756241,0.02512145,0.13702224,0.08757821,0.010097316,0.5772687,0.026195534,0.112318546,0.0054599945,0.04412401,0.22039293,0.0029118657,0.004335341,0.14335242,0.0001637121,0.12713787,0.34348756,0.0050460035,0.0021704824,0.478312,0.079345144,0.010319916
8569,0.012605057,0.0142064495,0.0010640996,0.0065916944,0.7028518,0.052126575,0.0002612511,0.6081047,0.023930524,0.042362407,0.00184136,0.0015076698,0.017267276,0.011731304,0.009801553,0.025535235,1.7986787e-06,0.49408057,0.020208381,0.0020000786,0.00286076,0.08274467,0.00052813033,0.00048456402
8571,0.25307643,0.049360774,0.002512877,0.004247875,0.6954575,0.38658857,0.0008605229,0.39217412,0.047742035,0.027299665,0.0042048823,0.0012983698,0.05416701,0.0116575435,0.007883067,0.060479872,1.9392828e-05,0.13583156,0.06435717,0.004281832,0.037216082,0.30314687,0.00089087116,0.003198096
8577,0.6896652,0.46792632,0.016687738,0.0046038823,0.18840925,0.072738595,0.0019007745,0.23278758,0.04593202,0.12775794,0.00085087563,0.013531161,0.22256078,0.0018680389,0.0038671421,0.071580775,4.4982185e-05,0.05762709,0.55235946,0.003471292,0.0033252253,0.4828322,0.030300623,0.006693602
8580,0.0029609096,0.004172126,0.00096042024,0.0343214,0.5954112,0.038329482,0.004995409,0.6272155,0.013878472,0.016262082,0.0041963635,0.003733522,0.011122479,0.10814503,0.030909158,0.02848019,2.5529236e-05,0.4687667,0.0065030283,0.0040067527,0.0086754225,0.04945124,0.0010418602,0.00042916628
8586,0.02933747,0.015797522,0.00052061974,0.0016840869,0.8313296,0.15245482,2.6608604e-05,0.43424988,0.019915625,0.018501336,0.00184279,0.00050211104,0.003058766,0.004586434,0.00939373,0.018512646,4.1690353e-07,0.46469152,0.005484424,0.0019892296,0.0017785786,0.08522088,8.960899e-05,0.00053824025
8590,0.028466322,0.016636431,0.002517118,0.014098851,0.7471423,0.10694558,0.0038339074,0.39363578,0.034397412,0.024124285,0.003778774,0.002040946,0.051518597,0.061251994,0.022466939,0.04180949,3.298107e-05,0.29016763,0.023733245,0.008029127,0.03537555,0.12419157,0.0009867165,0.0012610405
8591,0.06991921,0.04538099,0.012327081,0.039582144,0.39436963,0.16430382,0.2296089,0.30542588,0.033345025,0.02824536,0.00227602,0.015541358,0.1229305,0.06513058,0.010482176,0.06353687,0.0008888884,0.04679984,0.067918405,0.026550708,0.02673608,0.18060791,0.003483093,0.011395735
8592,0.54591477,0.06391484,0.000786352,0.0067056217,0.15905455,0.60675406,0.0024971282,0.4908663,0.0040085963,0.013919326,0.011834872,0.005886045,0.09539986,0.0009506942,0.0011379799,0.22474276,5.8825455e-05,0.04992421,0.14098002,0.0019470545,0.0011884606,0.76535773,0.0067034434,0.0034177725
8595,0.052744925,0.0472373,0.0034015758,0.010050708,0.61976117,0.1902299,0.00033487414,0.55821675,0.039568692,0.07391214,0.014308944,0.005624507,0.035937537,0.013067573,0.024969744,0.11190905,1.2927624e-05,0.47313455,0.024210526,0.005419197,0.0033142334,0.20974348,0.0023455312,0.0034462102
8597,0.00022716766,0.0010374424,0.00015513791,0.0019342372,0.88597953,0.003958948,3.2958321e-06,0.43038678,0.0073986636,0.013327122,0.00031638835,0.00014833464,0.0005255914,0.02790496,0.03839225,0.0030725216,1.8508663e-08,0.88630676,0.00039579417,0.00078124023,0.00015945606,0.004887676,1.2394534e-05,5.5096502e-06
8599,0.006793157,0.018424004,0.0047363057,0.05636535,0.53122544,0.014418483,0.0154737495,0.69111824,0.038845614,0.025324943,0.00092812796,0.0114812385,0.0071771843,0.08133319,0.023934321,0.008699734,4.4685894e-05,0.3842689,0.01147235,0.0059540663,0.021835502,0.020294864,0.006721511,0.0015095747
8601,0.009680478,0.034844335,0.0073711793,0.022028202,0.4583926,0.02850512,0.001207054,0.7294071,0.067953795,0.1698652,0.004653981,0.0078797,0.08193417,0.022096649,0.019822448,0.06214536,1.3911998e-05,0.48814094,0.039177407,0.0048898724,0.0023172824,0.07969468,0.0030612987,0.0015676484
8602,0.05357161,0.034369368,0.0024621498,0.0052709933,0.24498168,0.14688872,0.0005851923,0.4437293,0.0210428,0.13405846,0.0076861563,0.0020908606,0.6851788,0.0051087495,0.005829561,0.33043292,1.1150719e-05,0.13717774,0.12499048,0.002555002,0.0003271031,0.5521952,0.0012344145,0.0008260899
8609,0.00915217,0.009903015,0.0024300423,0.0062103644,0.8680094,0.023236645,0.002085203,0.25999933,0.042987972,0.014087806,0.00019862934,0.0005189537,0.0036665557,0.062056694,0.023424009,0.0040428923,4.698893e-06,0.31272867,0.00850738,0.005504051,0.04295253,0.017787604,7.212203e-05,0.00023324993
8611,0.13529143,0.054824088,0.0028459139,0.014548241,0.290553,0.28321812,0.0025854697,0.5971255,0.020479282,0.07691769,0.021854749,0.007929804,0.26694712,0.006556572,0.008130497,0.29550096,7.171534e-05,0.1982326,0.12917742,0.004405022,0.0024384628,0.573686,0.0077840746,0.0034673603
8616,0.021575887,0.011076928,0.001643069,0.0160891,0.7406701,0.055289403,0.0070664412,0.5012896,0.027895156,0.01074747,0.0009484681,0.0019383553,0.0054285647,0.05747562,0.016398618,0.010196676,1.9248597e-05,0.29090157,0.014903207,0.0047738813,0.07400585,0.049766783,0.0011144297,0.0006717207
8619,0.47366345,0.19034715,0.015670098,0.0030623002,0.6286682,0.371303,0.00079844915,0.20593566,0.10322257,0.092284985,0.0039531365,0.002404056,0.18812063,0.008618285,0.013753045,0.10345987,4.6157365e-05,0.08609057,0.15313177,0.0095098615,0.016011566,0.40370607,0.0022835732,0.008325919
8622,0.07705074,0.10879837,0.026429376,0.010386203,0.7734554,0.14156859,0.001226632,0.32156324,0.17786096,0.117965646,0.004712235,0.003985097,0.06642026,0.04306223,0.047191914,0.055715896,3.4063676e-05,0.28987545,0.03314287,0.022768158,0.029258892,0.11613808,0.0015731459,0.008370049
8623,0.023700187,0.013571459,0.0009466399,0.009349952,0.6590358,0.16063173,0.00041756904,0.57830656,0.014152559,0.029878594,0.013556095,0.0028082966,0.03257237,0.014346939,0.018045027,0.11044082,8.04563e-06,0.5230702,0.021042332,0.0034592357,0.002391535,0.23164691,0.0016802672,0.00054865755
8631,0.6864498,0.11388656,0.0011284036,0.0049398486,0.2718071,0.669453,0.00056850485,0.46991193,0.008711249,0.01871598,0.016435359,0.0049393587,0.050317254,0.0009188894,0.0024227053,0.17782941,3.33138e-05,0.07826718,0.08719371,0.0023439503,0.0021960333,0.7605156,0.008778453,0.0088717155
8632,0.40950274,0.023569696,0.00016708876,0.002738473,0.25405097,0.7589692,0.00019668572,0.4660284,0.0026947716,0.010519544,0.02595051,0.001248069,0.08586171,0.0008429844,0.0016010428,0.29126072,9.500591e-06,0.074805945,0.02193638,0.0014063228,0.000318932,0.7754469,0.00079900015,0.0023843232
8633,0.000735473,0.0009567901,7.3185925e-05,0.0008324402,0.9027953,0.01871908,2.1870428e-06,0.3347978,0.006834896,0.014679186,0.0007705047,4.7295493e-05,0.0046266867,0.0155248055,0.019068912,0.011701605,1.8760943e-08,0.7934518,0.0010725044,0.0006809978,0.00019634921,0.026373204,4.5295387e-06,6.337953e-06
8636,0.085774496,0.07793412,0.011058103,0.005455584,0.73010933,0.14877307,0.00050920405,0.37179768,0.10039984,0.11300626,0.003912688,0.0026717125,0.095832415,0.017672759,0.024065679,0.072942585,1.3176574e-05,0.30612534,0.059748754,0.009859804,0.009091912,0.18582502,0.0015467671,0.0029509992
8638,0.05072009,0.0233378,0.002279159,0.0129514625,0.46896803,0.2274196,0.002694596,0.5513998,0.023963291,0.06693003,0.014780824,0.0033454606,0.35654247,0.016707938,0.009853192,0.23466934,4.474585e-05,0.214765,0.0886826,0.005611431,0.003609357,0.43957916,0.0022592999,0.0014637707
8645,0.16766545,0.12622844,0.0045522307,0.01688244,0.5267302,0.14822444,0.0009467117,0.62043023,0.04944516,0.03567435,0.0059717502,0.014307425,0.021499151,0.012425785,0.015202144,0.03135662,3.0325193e-05,0.3072624,0.025289977,0.0046389257,0.030912146,0.16516645,0.01835996,0.029522352
8646,0.7554132,0.5238801,0.006833058,0.007612963,0.07438522,0.0734875,0.0020712446,0.33464321,0.012687645,0.051171426,0.0012365917,0.0477186,0.09358407,0.00051802833,0.0014691374,0.06824759,6.175263e-05,0.051493615,0.3943602,0.0020037033,0.0010238898,0.56775486,0.1748072,0.010357785
8647,0.071314685,0.07826109,0.012159679,0.0019863406,0.30217186,0.04531831,0.0004830516,0.21614288,0.071732186,0.27153865,0.00081911404,0.001102275,0.76589125,0.0052322787,0.007597233,0.15698998,5.724437e-06,0.08470463,0.3043767,0.003324879,0.0005247727,0.3719914,0.0004272378,0.00038456384
8648,0.0956496,0.05092489,0.0037801138,0.002826071,0.2596014,0.095345125,0.000892244,0.26991746,0.026405154,0.10774973,0.0015644208,0.0012672088,0.74685705,0.0051515927,0.0037541867,0.20254035,9.030007e-06,0.06428071,0.2644891,0.0023852908,0.00078381586,0.5031079,0.000742417,0.0005057106
8652,0.031254098,0.03344917,0.0019135772,0.032523885,0.40203142,0.07109313,0.003990777,0.7779062,0.024900032,0.035691608,0.005879372,0.013147464,0.045524444,0.01374722,0.008327728,0.047064707,4.4574896e-05,0.3309829,0.035321835,0.0026120925,0.010902589,0.13974243,0.014916667,0.004231569
8654,0.24511263,0.03156536,0.0015243269,0.010248096,0.67450166,0.4617244,0.0030510258,0.44650215,0.029013893,0.009366405,0.0075201555,0.0025604398,0.018935502,0.022175286,0.010432202,0.055062283,4.7343598e-05,0.13986883,0.026595779,0.0048055705,0.10510262,0.28392112,0.0019153211,0.0047840793
8656,0.06374124,0.05019283,0.003636417,0.004785667,0.14650148,0.08374754,0.0011008893,0.38358817,0.021555888,0.16339804,0.0028463658,0.0024898862,0.7984668,0.0032852304,0.0034742528,0.30394882,1.2219029e-05,0.07288279,0.23026925,0.002221903,0.00019706473,0.55046254,0.0012837494,0.00066379324
8659,0.24285425,0.10526941,0.005223995,0.02247977,0.21344385,0.24462995,0.010247713,0.564023,0.01887268,0.07248335,0.013753498,0.021393782,0.23595351,0.0050620567,0.005387393,0.23725411,0.00022730026,0.12799773,0.25831482,0.0058704847,0.003194845,0.58881927,0.02824047,0.006859602
8662,0.7426541,0.14294772,0.0007599497,0.00065442506,0.0938488,0.2914108,0.00017395797,0.13873181,0.0031149108,0.018121436,0.00070701714,0.0011282562,0.31539008,0.00021717159,0.0003831809,0.15137349,3.3627123e-06,0.012396218,0.35226965,0.0005047129,0.0001441427,0.79249585,0.0015373923,0.00060087617
8665,0.2156818,0.037455447,0.00074381207,0.0040689535,0.21595287,0.41197914,0.0004290495,0.48008168,0.007932206,0.041639846,0.011847966,0.0018152964,0.3348386,0.00165339,0.0022414534,0.30251724,1.0709534e-05,0.088566214,0.09125764,0.001665299,0.000345347,0.71273947,0.0013623682,0.0015604619
8666,0.6366949,0.24624908,0.004741411,0.0046880413,0.23733416,0.3492815,0.00085981557,0.36482853,0.024637058,0.072237946,0.0052732993,0.0070719267,0.17527243,0.0013937936,0.0032493805,0.122830905,3.5542587e-05,0.056679778,0.16863383,0.0037670275,0.0016202388,0.6228837,0.011430489,0.022869157
8667,0.07365039,0.11053123,0.016758729,0.016291546,0.61494267,0.072609894,0.0018201137,0.5545895,0.107896514,0.12577742,0.0039944234,0.010427738,0.04241167,0.018545205,0.024839036,0.044538815,3.2989876e-05,0.37392285,0.061923068,0.011545736,0.0138708195,0.1162657,0.007825532,0.0063214446
8669,0.0149316965,0.012417789,0.0017206093,0.0010627451,0.11002189,0.06226733,0.00028692052,0.11035318,0.008900583,0.145366,0.00084575283,0.00034983142,0.97042197,0.0030763936,0.0020961938,0.3812639,3.3001475e-06,0.020594366,0.1054159,0.002416437,9.204657e-06,0.59876907,3.5336834e-05,9.222534e-05
8676,0.11629485,0.3721671,0.14649792,0.008428887,0.260859,0.011150763,0.0034851474,0.20832606,0.33183712,0.5321833,0.0003694611,0.012958567,0.33144584,0.0115633495,0.030375399,0.06773533,5.2271e-05,0.10875929,0.24267867,0.021488149,0.0011911136,0.10360399,0.0031927924,0.0026853664
8680,0.18689585,0.0133914305,0.00011427778,0.028504366,0.12515184,0.72669303,0.009152347,0.7811034,0.0012712926,0.002116535,0.04744054,0.014275826,0.013177064,0.0023787958,0.0014145466,0.13905858,0.00018251815,0.073627606,0.007800964,0.0013757918,0.00223295,0.572664,0.006057867,0.012724743
8682,0.091914244,0.09685399,0.008947328,0.006894442,0.60537857,0.09370403,0.0006339282,0.49292812,0.07577454,0.1286644,0.0028315687,0.004716719,0.095024526,0.008278967,0.012974593,0.061684117,1.0889445e-05,0.30495968,0.10861884,0.0054681357,0.005708668,0.1996884,0.0037586298,0.003029615
8684,0.0040586726,0.036737233,0.014686766,0.015520215,0.68884844,0.004520762,0.00045130824,0.5751925,0.111918956,0.1282503,0.0003533541,0.0044979416,0.004356138,0.04525317,0.04575339,0.005387045,3.1614895e-06,0.67373717,0.010231224,0.006229765,0.0041184,0.00814072,0.0010322355,0.00053682533
8685,0.5489725,0.57399845,0.09556071,0.01936785,0.36842698,0.053339873,0.0077805286,0.28221583,0.2438452,0.22509794,0.0013095714,0.028144913,0.08488905,0.014421105,0.023222782,0.03571251,0.0002488187,0.108736984,0.31854993,0.017082745,0.047089536,0.17216325,0.036531843,0.028325548
8687,0.0018451113,0.0024308944,0.00028502778,0.002498656,0.82888085,0.018797653,4.4274446e-05,0.44051707,0.014321621,0.027785843,0.0006747858,0.0001456088,0.016856542,0.019452373,0.011612804,0.013874507,2.0432066e-07,0.608847,0.0074523254,0.0010049744,0.0012654961,0.041489642,2.4418388e-05,2.5675583e-05
8691,0.30588055,0.07172772,0.0029594712,0.010536059,0.5452036,0.3975146,0.0030237327,0.48585033,0.024292395,0.029025132,0.013645592,0.0062791933,0.082571484,0.007447921,0.008129856,0.15164423,9.220019e-05,0.18219748,0.11793618,0.0061145723,0.015466349,0.50551987,0.012582911,0.003797018
8700,0.02720646,0.02054944,0.0010084896,0.011282791,0.4840021,0.12037798,0.00065874954,0.7098056,0.017146017,0.05695491,0.0072490424,0.003722448,0.064778455,0.006516443,0.0065877484,0.099532396,7.203622e-06,0.39177886,0.04857473,0.0019310106,0.0017437371,0.2560593,0.001886771,0.0011320221
8702,0.0084535405,0.008153479,0.0016750928,0.0006476072,0.113056086,0.04611839,0.00020254366,0.06873673,0.008766237,0.153424,0.0004950414,0.00017251742,0.98384625,0.0036778343,0.0022279148,0.39134398,2.1363353e-06,0.015256514,0.08993783,0.0028387671,5.0631506e-06,0.5811198,1.0478755e-05,4.0463292e-05
8703,0.19485101,0.031619094,0.0011888439,0.046180204,0.2883575,0.4080653,0.037451312,0.73854494,0.01556885,0.0047097933,0.008112897,0.0145896375,0.014168422,0.020199027,0.0050761974,0.04085628,0.00030176956,0.08667489,0.018241843,0.0033586938,0.13986915,0.22813079,0.009869054,0.01894121
8705,0.004922242,0.0067809136,0.0009519364,0.022682084,0.50618553,0.039084528,0.0028529074,0.7349583,0.012640477,0.033403683,0.0047256453,0.0043125683,0.028891474,0.02084003,0.011051697,0.053240396,1.422258e-05,0.4859043,0.026160968,0.0025958233,0.0019313627,0.1037798,0.0026958303,0.00023985626
8706,0.5025716,0.032070246,0.00021831885,0.008356125,0.23078783,0.755131,0.0011948672,0.6394446,0.0028682975,0.003936804,0.02370858,0.0047966763,0.018774401,0.0012786096,0.0015346842,0.15116894,3.478366e-05,0.07405851,0.01838822,0.0014634773,0.0031962546,0.69444686,0.0046192305,0.0063990196
8707,0.04043383,0.05522461,0.0034034515,0.018843267,0.6748322,0.0692539,0.001155881,0.59694266,0.0965762,0.014509155,0.0010141374,0.003484106,0.003735612,0.042775076,0.016926786,0.004600093,1.4033858e-05,0.22635564,0.0041653956,0.0032402785,0.21874295,0.021692906,0.0007884056,0.018474042
8708,0.01068995,0.008052328,0.007473192,0.10080886,0.2946715,0.025753425,0.8359436,0.23862241,0.0113155255,0.003934615,0.00016044774,0.025330342,0.0036548509,0.22123608,0.014134542,0.009761265,0.0015372963,0.0328872,0.015411234,0.022714568,0.042457283,0.028661389,0.002510975,0.00066338276
8711,0.016544119,0.009088188,0.00026003565,0.010222518,0.5105276,0.123328716,0.0004357535,0.75046957,0.010184661,0.016062478,0.005033971,0.001983466,0.017505718,0.007358947,0.004374188,0.039306954,3.35011e-06,0.33749723,0.009967197,0.0010346258,0.003096607,0.14386138,0.0006968679,0.0012102294
8712,0.2067664,0.0045078294,3.521264e-05,0.0032734987,0.34077066,0.823225,0.00019455828,0.47354212,0.0011174158,0.0032376326,0.0534449,0.00062201533,0.05105282,0.0024367128,0.0021718007,0.3585562,8.885316e-06,0.1124992,0.007876632,0.0009781943,0.00039551806,0.760775,0.00022208261,0.00043239293
8714,0.1357687,0.13033734,0.023502728,0.004763672,0.6454501,0.074826844,0.0016435541,0.29660645,0.14500906,0.16676128,0.0010801844,0.0023978804,0.2515839,0.014997917,0.015675755,0.05453447,2.1939091e-05,0.16782683,0.2432635,0.008506125,0.018151851,0.2026326,0.0019345972,0.0021942118
8716,0.17317075,0.25856867,0.034182385,0.007234226,0.21087652,0.024371266,0.0019262313,0.36127305,0.12407399,0.37704518,0.0011088437,0.011472502,0.44957912,0.0047679674,0.012656372,0.12601174,3.1928663e-05,0.15306903,0.39130393,0.006582929,0.0009875441,0.26960993,0.0096042985,0.0016751222
8717,0.0037023018,0.028497752,0.010919206,0.011105159,0.6086894,0.008296092,0.00028775333,0.6319338,0.07415085,0.22033745,0.0012722684,0.004701584,0.020564677,0.021438926,0.035261296,0.024849825,2.87671e-06,0.712992,0.026987925,0.005270896,0.0007479007,0.026119454,0.0011148968,0.0002450076
8725,0.6631367,0.38556665,0.0040366203,0.013370218,0.13028334,0.1352922,0.0020486182,0.5210973,0.010243531,0.018873544,0.0034456684,0.06681338,0.022954829,0.00077724416,0.0024895356,0.048209153,7.778124e-05,0.10900348,0.111866616,0.0021304707,0.0031620401,0.496457,0.32173365,0.020867197
8734,0.22596993,0.15818791,0.0033552847,0.07239517,0.14662512,0.119455755,0.011996489,0.779196,0.014879431,0.011423039,0.012268917,0.117703795,0.014384363,0.007896915,0.008157729,0.038674492,0.00040517922,0.19793083,0.019117571,0.0037583427,0.021490058,0.19706738,0.29142594,0.054141704
8735,0.60038114,0.4021181,0.018342976,0.0041366466,0.21842597,0.07768255,0.0015015806,0.23197272,0.060551442,0.15652871,0.001055658,0.008996717,0.33307475,0.0024418766,0.005259411,0.093324214,3.5472156e-05,0.06220728,0.46963346,0.004123213,0.0028756112,0.47107267,0.017959772,0.0055371155
8736,0.09182491,0.041210957,0.0019393843,0.007243177,0.24132173,0.2414319,0.0008051673,0.48530826,0.016368879,0.09935641,0.016393565,0.0036573072,0.48759973,0.0040445146,0.006497337,0.36179054,2.4045605e-05,0.15504198,0.09781504,0.0031191066,0.00040365756,0.61323655,0.0024427918,0.0016970442
8737,0.507993,0.0782496,0.0011585176,0.004410515,0.5400354,0.68271935,0.0003630818,0.3788686,0.015139912,0.009759349,0.011245904,0.0030650687,0.011127674,0.0022477517,0.004739915,0.07709023,1.7491944e-05,0.08999169,0.016341653,0.0034445154,0.0059394897,0.48712215,0.0023024937,0.012695913
8738,0.20420729,0.22715548,0.04738609,0.002640308,0.78156257,0.13044298,0.00037320348,0.18108003,0.2753943,0.19511198,0.0010755345,0.001713756,0.13347837,0.015785731,0.028045429,0.041105125,1.15999965e-05,0.15864028,0.10889994,0.01468244,0.021156562,0.14221369,0.0006750161,0.005257702
8742,0.06604632,0.036765713,0.002539078,0.008535585,0.17668724,0.19279382,0.0016727778,0.42246056,0.014804612,0.113855354,0.011700089,0.004425179,0.7196159,0.0053375266,0.005449215,0.4034601,3.9658556e-05,0.097271815,0.12649389,0.0036450515,0.0002536734,0.62062585,0.0020550166,0.0014809454
8752,0.3789174,0.13132246,0.0038735063,0.0023103685,0.20615442,0.20529848,0.00070281816,0.2829675,0.021659914,0.09469513,0.0023593148,0.0017676749,0.5037986,0.0016853163,0.0029659832,0.2061264,1.1828399e-05,0.052438673,0.26601171,0.0026497499,0.0005913726,0.6128303,0.0018645597,0.0017637358
8754,0.028761208,0.04679301,0.004271285,0.020750487,0.48523974,0.03833737,0.0017096038,0.68983567,0.027236015,0.07320298,0.0041183457,0.016357295,0.02140955,0.011077759,0.016774593,0.048722684,2.4205066e-05,0.5782481,0.06336191,0.004340896,0.0033341926,0.11530156,0.016152145,0.0011281735
8755,0.019044513,0.034233674,0.0016466341,0.042954355,0.37112388,0.04191727,0.0022095342,0.82765716,0.02457131,0.01853582,0.0044405917,0.019987343,0.007721632,0.020025726,0.011336559,0.012953352,3.1350686e-05,0.39399534,0.0062606633,0.0021615801,0.017077256,0.04435397,0.014796852,0.011934586
8766,0.27314672,0.075561605,0.0058220904,0.011372535,0.6892435,0.39815247,0.0039587053,0.39717668,0.05093994,0.029624104,0.010099265,0.0052298293,0.05677589,0.020336416,0.016461397,0.09345347,9.757638e-05,0.17451638,0.06219888,0.011162146,0.04483488,0.33208382,0.006240304,0.007341245
8778,0.07506379,0.047006037,0.005360662,0.00462854,0.68223464,0.18705013,0.0004933863,0.37356183,0.05958777,0.09042886,0.00565927,0.0018122351,0.17004721,0.013924916,0.017665632,0.1205315,1.2082678e-05,0.2697565,0.07435771,0.006868879,0.0045939656,0.28160632,0.0010929945,0.0012744695
8780,0.100261696,0.009070791,0.00013786505,0.023206161,0.12393001,0.72008955,0.0028839635,0.7554486,0.0012321637,0.007724413,0.11993724,0.009999032,0.04982859,0.0026732222,0.0026559357,0.43345872,0.00012304843,0.15286778,0.01786922,0.0013867888,0.00044130525,0.7534741,0.0033106045,0.0022462113
8782,0.14419255,0.065418586,0.007757518,0.056260988,0.56378555,0.077418186,0.030292474,0.47832152,0.09624323,0.0043370947,0.00062560843,0.011929886,0.0027540394,0.109759204,0.026677078,0.004196868,0.00022814792,0.10577952,0.008236993,0.004909546,0.8562979,0.031114168,0.014090881,0.009466011
8783,0.13055918,0.04855477,0.001969519,0.024419421,0.38652885,0.21683614,0.006678028,0.66657376,0.012277698,0.03137979,0.0147283785,0.015824346,0.08520813,0.0072503565,0.0068347016,0.16773641,9.306745e-05,0.28934693,0.13084976,0.0038525553,0.006226516,0.466013,0.028796088,0.002475266
8785,0.009110476,0.0155666275,0.0023932538,0.0107006915,0.6771801,0.040520437,0.00042969233,0.608835,0.0327739,0.07212768,0.0035310206,0.002962653,0.033395786,0.025717756,0.022869498,0.045130305,4.8539914e-06,0.6113844,0.027166817,0.003643618,0.0027241185,0.082794346,0.0013736783,0.00040501103
8787,0.01661546,0.010506573,0.008632968,0.047125485,0.31710675,0.0052442146,0.89285815,0.09114674,0.020184731,0.0016153213,2.9572075e-06,0.0053966115,0.001210672,0.24065003,0.0070196353,0.0012343781,0.0003123519,0.009768781,0.017612273,0.010544728,0.33555958,0.0074546537,0.00022263255,0.00013721666
8789,0.024431394,0.027994748,0.002388486,0.026451992,0.43492332,0.1198221,0.0022773899,0.7320404,0.032407563,0.05273774,0.012494657,0.00808204,0.082665324,0.02359126,0.013210905,0.08051352,3.637328e-05,0.31857193,0.022219544,0.004504559,0.006585493,0.16363272,0.003725595,0.006583406
8792,0.3194234,0.15243524,0.0043047844,0.08413652,0.13087104,0.116376325,0.06782911,0.72518396,0.012226816,0.008200411,0.0064299144,0.14160234,0.018793717,0.00887377,0.0057179183,0.04074799,0.0013342237,0.12443894,0.049459342,0.0053628003,0.034839496,0.23691048,0.48113978,0.021967564
8795,0.021990784,0.04412262,0.002937039,0.0689587,0.25708202,0.022073647,0.0108870305,0.8336961,0.0229369,0.021777716,0.002547113,0.04813655,0.008019403,0.015515865,0.008907909,0.0140051935,0.00011050322,0.3491616,0.016175272,0.0027561053,0.011332866,0.04162663,0.05941756,0.0051355828
8800,0.39258802,0.2897874,0.0026234018,0.007604725,0.20516862,0.30503887,0.00013103966,0.5675014,0.024717044,0.042027038,0.0120726405,0.014545706,0.021250531,0.0012926765,0.0054576825,0.026142567,1.11921945e-05,0.10297968,0.006706444,0.0023837232,0.00088601926,0.24593991,0.0075003016,0.45164213
8801,0.52655923,0.492441,0.0065812552,0.02956361,0.10594301,0.08427043,0.0010178825,0.6848109,0.028092314,0.039976995,0.0076151537,0.11488129,0.016027132,0.0017021088,0.0066183824,0.029326927,6.804144e-05,0.184552,0.029315133,0.0022338075,0.005150822,0.26522046,0.30223876,0.16955888
8808,0.07053061,0.066097066,0.009025297,0.006376748,0.8682173,0.12583761,0.000642234,0.26121897,0.12071108,0.03884572,0.0018645454,0.0018877462,0.011796589,0.040818438,0.038942747,0.01715132,1.1138805e-05,0.3120883,0.013541877,0.011942594,0.057295233,0.058670644,0.000607907,0.0045290682
8813,0.07845824,0.020538522,0.0014280262,0.0059667258,0.318461,0.4313164,0.0009410435,0.33099627,0.012887469,0.061421428,0.025206968,0.002040035,0.57624745,0.008686359,0.008382197,0.44597626,4.092935e-05,0.10532294,0.043203104,0.0056484398,0.0003960523,0.6382737,0.0006093883,0.0016127793
8815,0.007434282,0.015123454,0.0018732973,0.0045276983,0.6976509,0.036635775,0.00011164957,0.5822849,0.036193248,0.09888929,0.0016520465,0.0010678193,0.039887425,0.011228859,0.011919666,0.0358213,8.626089e-07,0.5406715,0.02467535,0.0021716158,0.0010410353,0.0782472,0.00023320677,0.00027972544
8820,0.73646885,0.4050198,0.011045159,0.005693674,0.12179152,0.07526023,0.006275862,0.20662993,0.021942502,0.06976734,0.00065289694,0.015660135,0.18441285,0.0014706624,0.0020760582,0.082884274,0.00012451473,0.035640273,0.71576816,0.0033148916,0.0031729392,0.55171216,0.03085721,0.0022423207
8822,0.27580163,0.053615365,0.0013207798,0.0057673166,0.35796955,0.49257842,0.0007597662,0.47043058,0.013605404,0.04033099,0.017073372,0.002935898,0.17414324,0.0030647921,0.004546495,0.23416932,2.7100272e-05,0.11535167,0.062076867,0.0036774534,0.0014022633,0.63026667,0.0024391925,0.0045751794
8827,0.5498352,0.25751254,0.006612554,0.015326528,0.16027108,0.1376254,0.01333449,0.43181807,0.015773838,0.04503735,0.0028179986,0.02842462,0.15610902,0.002305375,0.0023463524,0.110324085,0.00020952077,0.06862637,0.49457633,0.004110267,0.005276975,0.55073553,0.07401919,0.0057273842
8836,0.013242072,0.013087088,0.0013336812,0.00527907,0.8081533,0.045475397,0.0002953004,0.46953395,0.027630098,0.02967695,0.0011825467,0.0011323963,0.009066956,0.020605749,0.017581651,0.015621388,2.2424392e-06,0.53931665,0.015802305,0.003111442,0.005538901,0.054964427,0.00040152826,0.0003018202
8837,0.018187966,0.044632845,0.003816631,0.041909963,0.3824025,0.02911854,0.0021087956,0.7874075,0.028964002,0.047267728,0.0057729185,0.032921266,0.013602602,0.018673284,0.021524658,0.03221663,3.8926617e-05,0.57248986,0.017714288,0.0037717156,0.004909784,0.062178124,0.032044575,0.0033413582
8838,0.49067736,0.18254611,0.0011166623,0.0070561133,0.17073824,0.5152631,0.00020041416,0.5655032,0.010039536,0.024005288,0.023029177,0.010027332,0.028729228,0.000804752,0.0031514033,0.061352454,1.7944354e-05,0.08066217,0.010225678,0.0020825902,0.0006211661,0.49302858,0.00601729,0.22906764
8841,0.49589464,0.35258427,0.021535087,0.0032264027,0.23156697,0.059818875,0.0011169724,0.22824092,0.08217263,0.21514879,0.0008013662,0.0053572096,0.42385438,0.0030812174,0.0064002657,0.09492923,2.0941476e-05,0.06733788,0.49975547,0.0036990196,0.0022586873,0.42092043,0.007100707,0.0031807688
8843,0.40865147,0.11614389,0.0024647615,0.00594352,0.29292235,0.23654245,0.0029996634,0.38340974,0.0124236215,0.026617544,0.004005744,0.00542265,0.18073252,0.0023532484,0.0023658571,0.15182722,3.7319005e-05,0.08023013,0.239036,0.002851798,0.003902439,0.5774524,0.015017083,0.0018548762
8851,0.46986422,0.5717379,0.07597229,0.000598905,0.27339548,0.006482797,0.00029163185,0.0641026,0.25514793,0.4445075,1.448852e-05,0.0017165549,0.3472726,0.0017934545,0.0064988113,0.02084629,2.6049881e-06,0.038362645,0.7424244,0.0025946347,0.0010127748,0.13780749,0.00056269777,0.00039830492
8853,0.047906566,0.043077562,0.006429927,0.0078024953,0.80680764,0.100419305,0.0010739747,0.3771956,0.06544111,0.041945197,0.0022937034,0.002544154,0.020493021,0.026860496,0.02553647,0.029176144,1.3313522e-05,0.3633903,0.025211666,0.010745498,0.01891407,0.091158174,0.0015835055,0.001482745
8856,0.22775385,0.27620044,0.01089176,0.03412876,0.2693604,0.098008595,0.0021371595,0.7222262,0.079227105,0.07002405,0.008361955,0.045160025,0.044940066,0.010368696,0.01359412,0.03491469,8.9873596e-05,0.22784986,0.036041014,0.004575332,0.027607188,0.15607302,0.06667615,0.11980198
8859,0.030376012,0.0061488417,0.00014014388,0.004583046,0.5488559,0.2478121,0.0001337901,0.58764744,0.004131878,0.016141048,0.014865444,0.00088065484,0.06599725,0.005008022,0.005203145,0.17861812,2.619622e-06,0.40732992,0.023058573,0.0009948063,0.00061064993,0.44057974,0.00055088324,0.00015811747
8865,0.022474334,0.025118576,0.0029529738,0.007523755,0.11306045,0.055390462,0.0038696593,0.38424492,0.015632192,0.1431209,0.0016527103,0.002823676,0.8748133,0.004283328,0.0019873704,0.27150208,1.600502e-05,0.04242677,0.16759957,0.0026556726,0.000106055435,0.477862,0.00075201376,0.00062652346
8867,0.22429658,0.09706431,0.0013354277,0.026468327,0.091480896,0.22083145,0.0048205242,0.71152484,0.0050435383,0.03265915,0.019592192,0.038636982,0.13125117,0.001323039,0.0021018982,0.20882665,0.00012908723,0.13568088,0.123896115,0.0016776848,0.0007531207,0.6262021,0.059749044,0.00863229
8868,0.38400018,0.14159174,0.0051721456,0.0061422447,0.4423046,0.4376282,0.0006135084,0.40355214,0.039194677,0.068295725,0.013274481,0.0058173314,0.10075421,0.003914314,0.009704612,0.15678449,3.622526e-05,0.13902324,0.060312223,0.006850791,0.0033135514,0.5011265,0.005154718,0.015963204
8875,0.0077879652,0.00850211,0.000889806,0.084134795,0.37350762,0.032667827,0.049810875,0.777745,0.012307659,0.003715863,0.0013238186,0.01418115,0.0032405173,0.09900424,0.010909841,0.0055285175,0.00012774272,0.20530075,0.0038163448,0.0023516396,0.077615,0.02241353,0.0073242937,0.0049030255
8877,0.062622085,0.029925302,0.0023214722,0.023448024,0.6093676,0.2611331,0.002247694,0.5964948,0.027270328,0.026171325,0.025205387,0.007670396,0.037508965,0.03758688,0.029161533,0.11716986,6.376161e-05,0.39261562,0.022092115,0.006837791,0.02242907,0.25441355,0.006929113,0.004418093
8884,0.36304203,0.5002543,0.12947936,0.021103492,0.5251609,0.08112773,0.0051688594,0.31867895,0.32130328,0.2640644,0.0034684348,0.029409068,0.09098487,0.022640686,0.043554664,0.060875654,0.00020099938,0.18265106,0.16256356,0.028949266,0.040209454,0.1527622,0.03956021,0.033580333
8890,0.036088243,0.057059363,0.009824368,0.0077295233,0.44032612,0.05427727,0.0011657886,0.52505547,0.07090453,0.2228855,0.0028708694,0.003600254,0.40377063,0.010236885,0.010719254,0.13075027,1.2739661e-05,0.27160037,0.20302996,0.0041879653,0.002283521,0.25401154,0.00218005,0.00080386404
8891,0.014183083,0.020135647,0.003230549,0.009695942,0.7214401,0.061453428,0.0006487875,0.5500479,0.048209444,0.07139194,0.003118856,0.001907576,0.03770817,0.02600954,0.019592099,0.040897507,6.4711594e-06,0.47291318,0.029994404,0.004801732,0.006224807,0.09233281,0.00062989583,0.0007077598
8894,0.115617104,0.15228404,0.015052962,0.12396601,0.20784909,0.018353531,0.0865737,0.7141317,0.050299764,0.024706835,0.0017860518,0.13324417,0.014255576,0.029076008,0.015452529,0.018301258,0.0013489287,0.20708668,0.045967378,0.010567793,0.057251595,0.053942576,0.3844537,0.0072971876
8896,0.023839671,0.20479015,0.13382728,0.0095860595,0.5415213,0.01207019,0.00060361496,0.39380586,0.37137562,0.5280417,0.00079991505,0.007861834,0.08335229,0.02122603,0.05611648,0.034279324,1.0885281e-05,0.38385734,0.061954662,0.020410381,0.0016461356,0.035096075,0.0013180277,0.002278928
8897,0.29464096,0.011141944,0.000108623426,0.015221287,0.1845844,0.86459583,0.002549519,0.6506473,0.0010489319,0.0023740376,0.1115965,0.007927536,0.013623192,0.002058687,0.002630018,0.36119893,0.00011216573,0.11337937,0.008694529,0.0018475148,0.0010431057,0.7758466,0.0035765278,0.0029116329
8898,0.566939,0.43270016,0.010977583,0.02231653,0.13675533,0.09336116,0.004205809,0.5640539,0.032256357,0.06759277,0.004878065,0.06585216,0.08245005,0.002398647,0.0048826085,0.061356105,0.00015684875,0.11740249,0.1679962,0.0044219685,0.005541068,0.38317856,0.21762927,0.04780398
8899,0.63629854,0.09827203,0.0006170286,0.0037589695,0.07222106,0.5007014,0.0008416436,0.39422876,0.0023256028,0.018003693,0.005378473,0.005776105,0.16125892,0.00031343862,0.0005260903,0.22934456,2.2290229e-05,0.028521735,0.19625828,0.0009955466,0.00018750221,0.8274372,0.006016908,0.0035910644
8901,0.5813091,0.58942306,0.07508372,0.0009356689,0.27866527,0.012490759,0.00069873425,0.065372236,0.21088763,0.35791105,3.319621e-05,0.003014901,0.33280432,0.0023608576,0.0074638114,0.02948844,9.689922e-06,0.037266623,0.7750787,0.00408206,0.001968342,0.20057294,0.0015268575,0.0006368923
8905,0.044815302,0.017906774,0.00078685087,0.014882176,0.48831263,0.1943071,0.0020351878,0.70214057,0.011968545,0.02518014,0.010072676,0.0041110185,0.043568354,0.008574624,0.0057357997,0.09418502,2.0555683e-05,0.30484074,0.043043565,0.002630628,0.0045841853,0.29326993,0.0030363812,0.0013909499
8906,0.100474365,0.06238725,0.0058068056,0.008783027,0.60385996,0.16777115,0.0015892031,0.5197892,0.06671062,0.08562802,0.0043876697,0.0031291693,0.1491717,0.014036611,0.010281876,0.08133505,2.1557784e-05,0.21243466,0.1026027,0.0056760088,0.014415116,0.26456997,0.0024099455,0.0036933671
8907,0.44432095,0.14807138,0.0021937857,0.002926728,0.15519251,0.15943728,0.0010105579,0.30131873,0.009815159,0.049967032,0.0018490639,0.0033928885,0.34942943,0.00094409497,0.0015254589,0.17999291,1.3851921e-05,0.05556872,0.36834678,0.0015291105,0.00055163883,0.6494013,0.005454029,0.0010466942
8914,0.05176118,0.046452157,0.004542059,0.0064802975,0.74313235,0.14488973,0.0003491146,0.47178787,0.07189466,0.07021878,0.0043187863,0.002060144,0.038480844,0.016324207,0.018846003,0.04826215,6.932634e-06,0.3434165,0.02540134,0.0068515083,0.009006914,0.13676992,0.0008220595,0.0032767989
8915,0.01903007,0.010324908,0.00075406395,0.007983006,0.6348458,0.13435905,0.00039713603,0.58410144,0.01692389,0.043265697,0.00917181,0.0015045677,0.087649144,0.017411603,0.012930248,0.115655266,5.963972e-06,0.4626852,0.034484662,0.0023332338,0.0027476337,0.2527719,0.0007780693,0.00038588204
8920,0.13951996,0.03648029,0.0009834948,0.005327163,0.64584553,0.34212914,0.00024902256,0.4805121,0.016922891,0.022079824,0.011535901,0.0026624622,0.027923398,0.006771691,0.010503014,0.097034805,8.851908e-06,0.31853268,0.02743146,0.0029602272,0.0054023173,0.36583942,0.002397441,0.0022678552
8921,0.2590928,0.08293287,0.0017878491,0.026516633,0.30147663,0.32985982,0.0051318957,0.7340423,0.017405795,0.018893847,0.015727082,0.018244542,0.045540128,0.0054773777,0.0048708003,0.08991917,0.00012090059,0.16029418,0.04786825,0.0031347147,0.019677179,0.4104822,0.03189071,0.018992376
8924,0.046009235,0.102931134,0.022075213,0.043268096,0.68645525,0.021415556,0.005839078,0.44401634,0.17621209,0.023823682,0.0006335903,0.010995536,0.00285557,0.13200279,0.07025667,0.0039252387,7.843924e-05,0.32642287,0.0075562904,0.009647616,0.37987652,0.012636271,0.0075695687,0.008813432
8927,0.089300394,0.052883703,0.0058471053,0.0008040545,0.3891525,0.04447646,0.00034095795,0.116854966,0.045035414,0.113926254,0.00017261252,0.00029785422,0.745224,0.005861409,0.0037129866,0.08485318,1.9535403e-06,0.041230123,0.31685936,0.002101392,0.0011886219,0.33311316,9.532079e-05,0.00016156337
8929,0.0374387,0.034174018,0.0027345158,0.00880791,0.16909167,0.12287196,0.0010102205,0.5425415,0.020040859,0.17971024,0.011861512,0.003900284,0.72275543,0.004792803,0.0056133545,0.3755385,1.8412964e-05,0.14672853,0.10431352,0.0026748807,0.00018858968,0.5335516,0.0016930025,0.0014518714
8930,0.5676919,0.084825,0.0015779848,0.0060567386,0.41738662,0.70893884,0.0010707546,0.3932651,0.01654273,0.012119113,0.011159247,0.0035073594,0.022694238,0.0029828276,0.0038729103,0.07870104,4.9272105e-05,0.051162638,0.025912015,0.0039081895,0.010223833,0.5126749,0.0022600458,0.025766142
8932,0.3452664,0.02110254,0.00014215735,0.005219673,0.37973627,0.7275244,0.00034597988,0.5488642,0.003361027,0.0045642927,0.026763566,0.0019792863,0.02310656,0.0022893178,0.002664256,0.13867186,1.2613945e-05,0.11111606,0.010050054,0.0016230767,0.0023563008,0.62137866,0.0012481945,0.005726936
8938,0.28575546,0.24663949,0.010726709,0.022587776,0.24749932,0.14691687,0.0026917872,0.62768066,0.063215286,0.09861223,0.00942482,0.025972871,0.12175579,0.0071161445,0.0100421915,0.072855525,0.00010210648,0.14668435,0.07074647,0.005915352,0.009497737,0.29325223,0.033712078,0.07371616
8941,0.020638095,0.03204648,0.0067743817,0.0067072357,0.85750234,0.0808775,0.00030163294,0.30761442,0.08434333,0.059611358,0.0031215898,0.0015478809,0.014879967,0.046975892,0.057573043,0.031147808,5.9959307e-06,0.5215832,0.010395206,0.011667266,0.010179854,0.05578967,0.00038071678,0.001083131
8942,0.016033571,0.029074514,0.0067565157,0.021494038,0.5626105,0.06257153,0.0015705588,0.6276377,0.050450336,0.12693194,0.0115299765,0.008021315,0.10190344,0.038581617,0.03784514,0.12612283,3.436418e-05,0.57503885,0.058582533,0.0076264665,0.004224334,0.15448113,0.0052396073,0.00096645596
8945,0.06001636,0.037595566,0.00638256,0.010454521,0.41477334,0.2156723,0.004138499,0.327106,0.03515809,0.10412295,0.012253771,0.00419925,0.64083827,0.020244146,0.01507648,0.31992272,0.00010195258,0.12690687,0.098460905,0.012868343,0.0020052341,0.4787483,0.0018442773,0.002052325
8946,0.4361317,0.30397224,0.015782567,0.0143695,0.18429342,0.061831877,0.008038589,0.41475153,0.04591811,0.13564816,0.0019305043,0.025971977,0.28194362,0.0042191083,0.0053437534,0.107874624,0.00010979445,0.10227692,0.52499294,0.005040445,0.0047547235,0.43368182,0.05320703,0.0057448167
8954,0.4437665,0.5272988,0.10268514,0.0016454305,0.5519361,0.035305873,0.00044328035,0.11688457,0.33774295,0.35211742,0.00017015982,0.0030456828,0.19751348,0.005297888,0.018226713,0.027536608,1.0801663e-05,0.08410106,0.4367929,0.0081862835,0.00823882,0.14762214,0.001996383,0.0031928078
8957,0.43691,0.07503326,0.0032883077,0.01139169,0.48476088,0.5364524,0.005073669,0.48794883,0.028127134,0.022597628,0.011571439,0.005925927,0.065887526,0.009526984,0.006666265,0.1223049,0.00011869071,0.10102766,0.10003809,0.0063774153,0.03580761,0.5137133,0.008215729,0.009077123
8958,0.58669007,0.6920192,0.09040918,0.006557203,0.15283911,0.013636809,0.0017416211,0.23260759,0.20535098,0.43704906,0.00027896665,0.028022746,0.13123916,0.002817614,0.010252009,0.036077246,4.2954365e-05,0.09258426,0.4698393,0.007943298,0.0018185403,0.17251642,0.02428482,0.008128687
8964,0.089456975,0.18238945,0.04624434,0.0050968677,0.7895017,0.079620786,0.00035823855,0.26892027,0.2478244,0.19698371,0.0016423268,0.003524823,0.039385285,0.023091294,0.04880419,0.030438269,9.630143e-06,0.32818654,0.04027047,0.019221043,0.0114165535,0.070474066,0.0010472907,0.0066090184
8966,0.046189636,0.039002795,0.0044949832,0.05097447,0.3161385,0.15895009,0.025732378,0.71551466,0.024141558,0.04908612,0.0154164,0.026724763,0.101001665,0.018582465,0.0105462,0.13229649,0.0004361541,0.22303843,0.057180643,0.009723599,0.0061843027,0.25652128,0.019912075,0.006246313
8967,0.8009125,0.021942466,6.398906e-05,0.0031036956,0.14410606,0.9117257,0.00043866172,0.52240664,0.0009051692,0.0009810597,0.017438592,0.0021370891,0.0044124653,0.00024061924,0.00043167715,0.12699795,1.69833e-05,0.0267699,0.015955962,0.00043168722,0.0016892118,0.83098567,0.0017452833,0.0022153838
8980,0.2597703,0.3289524,0.013427307,0.030813076,0.1618426,0.06200576,0.0022194064,0.68162733,0.05665198,0.14363374,0.007900684,0.07455933,0.07716193,0.0034382455,0.010732166,0.07398071,9.5328796e-05,0.25401166,0.09245667,0.0047864686,0.0032399013,0.2523095,0.10979914,0.039225955
8984,0.18821147,0.024803331,0.0005706199,0.007902584,0.406468,0.63625455,0.0007734166,0.5306342,0.007235295,0.018430043,0.041787017,0.0031802622,0.061122656,0.003770017,0.005427832,0.29801717,3.4602755e-05,0.1664213,0.025769012,0.0032819235,0.0014392692,0.63362634,0.0020217744,0.0025088429
8987,0.5769685,0.45557806,0.031638548,0.0062318784,0.3334063,0.062799975,0.0028158142,0.27604076,0.09591748,0.17464727,0.00086277333,0.01742854,0.17345096,0.0037016317,0.0080535235,0.057005256,6.689675e-05,0.111910686,0.5714946,0.006343792,0.0090414155,0.3442985,0.034848925,0.006331036
8988,0.19625385,0.16606918,0.01400071,0.008740069,0.28072998,0.06335644,0.0029567557,0.4367122,0.06572638,0.20310655,0.0026396587,0.008571631,0.39997312,0.0054896255,0.008914087,0.15137842,4.6153757e-05,0.16292807,0.46034017,0.0043658814,0.003147521,0.39484426,0.01105947,0.0016912948
8989,0.64529365,0.104887836,0.0010933063,0.0020056798,0.43700552,0.5572045,0.00022245939,0.35655516,0.013432095,0.01943323,0.0058972077,0.0017933821,0.053939212,0.0011279215,0.002254465,0.10414722,1.1678583e-05,0.08254169,0.11645298,0.0015402018,0.0035606138,0.6605219,0.0029446534,0.0037653334
8993,0.097564146,0.025390588,0.0011008845,0.012143651,0.244616,0.36814052,0.002311434,0.5835061,0.010918619,0.052571073,0.018248953,0.0041273776,0.39040464,0.005931806,0.0039174296,0.3008967,4.557872e-05,0.110608496,0.076638095,0.0030088096,0.0010098077,0.6079935,0.0020569388,0.0029938123
8996,0.3685654,0.078818925,0.002474202,0.013636444,0.4369778,0.58425164,0.0026507797,0.5104462,0.021642545,0.018730158,0.0208066,0.007999489,0.038813215,0.007608436,0.008459753,0.124272875,9.8292854e-05,0.11712441,0.030755064,0.006615599,0.015533575,0.47695932,0.006763652,0.02207003
9004,0.48140183,0.09571251,0.0016166137,0.006931318,0.37512854,0.5146137,0.0009309111,0.47620094,0.013825817,0.0279498,0.016294947,0.0059975865,0.07417321,0.0023052392,0.004825069,0.18620907,3.9389215e-05,0.1364903,0.08802797,0.0035891389,0.0035345103,0.6574191,0.010211966,0.0069413227
9005,0.20627525,0.025051372,0.00059313717,0.013838479,0.33628544,0.5392395,0.0021121365,0.64140177,0.0076439385,0.015246624,0.030228173,0.0051432676,0.07093588,0.0063413247,0.0048766905,0.2272232,5.343173e-05,0.16827573,0.05059574,0.0025316498,0.0065217726,0.60634065,0.004440598,0.0029584728
9007,0.050302822,0.039913204,0.004714662,0.0053599933,0.16811708,0.104348876,0.0019599565,0.285826,0.021619152,0.15349345,0.0033920985,0.0026996443,0.853858,0.005929259,0.0046566213,0.31897384,2.8866614e-05,0.052785274,0.15087451,0.004783716,0.00019822163,0.53908336,0.00084875897,0.001004615
9011,0.026670454,0.016706292,0.0005891554,0.03944927,0.29192764,0.14583857,0.0032749227,0.822809,0.008255463,0.018045262,0.023737006,0.015544677,0.043530095,0.014284821,0.00897691,0.10880494,6.37441e-05,0.37608525,0.022232255,0.0016995919,0.0054408256,0.2585113,0.015841888,0.0032732126
9012,0.122403495,0.31348145,0.15747894,0.014163953,0.77244705,0.047226388,0.0043425364,0.24550493,0.45413145,0.22021368,0.0007878495,0.006608107,0.033644643,0.05565428,0.059298526,0.017143125,6.7002155e-05,0.21130185,0.079864286,0.03299196,0.12783341,0.0414603,0.0022073917,0.011750208
9013,0.077849366,0.08548861,0.01116687,0.010337945,0.61500454,0.079756364,0.0016547485,0.49803245,0.08793113,0.12631854,0.0031758768,0.005346078,0.14670874,0.016529758,0.016186886,0.06725915,2.350848e-05,0.3095677,0.13708366,0.0068519134,0.013509836,0.18778612,0.005533621,0.0027663023
9016,0.6968337,0.4394642,0.020449612,0.005388341,0.3261965,0.20294787,0.0009409712,0.28461108,0.0752746,0.14857584,0.0031424444,0.012628289,0.12592071,0.0025849976,0.008284496,0.08822857,5.314147e-05,0.102817945,0.3383327,0.0058229957,0.005570432,0.50124055,0.024112346,0.019370595
9017,0.46740347,0.30879107,0.012693834,0.014611152,0.3321908,0.21464576,0.0019666485,0.49498802,0.05156174,0.08407715,0.010165104,0.025997346,0.09400344,0.0043852082,0.0110558355,0.102408715,9.1369235e-05,0.17512159,0.11978013,0.007965912,0.008294983,0.43547967,0.058318783,0.038311668
9018,0.24016285,0.04374485,0.002904297,0.015350199,0.662905,0.48858073,0.00512671,0.4614116,0.03585843,0.01743727,0.013781281,0.004524888,0.027932426,0.02660018,0.0153247565,0.097300395,0.00010886639,0.18340366,0.040900137,0.008807128,0.07879821,0.33942232,0.0036730063,0.005963293
9041,0.3241152,0.07889139,0.0029730902,0.009793198,0.59612703,0.4218407,0.0021680754,0.46949834,0.029278615,0.022563739,0.011479865,0.0054528913,0.050955813,0.008714835,0.008946545,0.10127866,5.8516165e-05,0.16221094,0.060105946,0.0065878048,0.022070818,0.42756265,0.009564552,0.008066618
9042,0.54753053,0.22334881,0.016486721,0.015876004,0.4747981,0.3282662,0.009195179,0.38821313,0.07636598,0.063581884,0.006359682,0.012344737,0.10590374,0.013292918,0.011570916,0.09094355,0.00023819238,0.09973442,0.23620613,0.012177521,0.062416144,0.43912214,0.02149039,0.022053394
9045,0.2733192,0.06813625,0.00076151855,0.02192696,0.18180442,0.403475,0.0019492436,0.69822925,0.003971872,0.012174775,0.054182645,0.029233832,0.0356019,0.0019793748,0.005551367,0.22003892,9.322903e-05,0.2523673,0.03646672,0.0022940931,0.0015757732,0.6425972,0.05576276,0.006486788
9047,0.0032952132,0.009657187,0.0014198567,0.0076876516,0.69125724,0.015506718,0.00019714159,0.6403172,0.028114567,0.06610951,0.0009082911,0.0013932309,0.018890634,0.01843456,0.012678701,0.01660835,1.0681468e-06,0.6034613,0.017132409,0.001719337,0.0015551486,0.036356654,0.00041401447,0.00019014845
9055,0.00072771264,0.00014545632,0.00012787996,0.25323606,0.0051478418,0.011609919,0.9997179,0.048692558,1.604633e-05,5.4627762e-06,4.2930733e-06,0.21499105,0.000113352675,0.15693314,0.00032239905,0.0036319692,0.05367678,0.00025959127,0.00039940167,0.007641606,0.00026665884,0.009738643,0.0012961576,1.223092e-05
9062,0.014967579,0.009666049,0.003200473,0.079566896,0.39803225,0.124266855,0.18029949,0.59095895,0.013442033,0.012950713,0.0054814704,0.02099321,0.01958801,0.09254508,0.016275331,0.058513634,0.00073126645,0.16553254,0.024182964,0.012509948,0.023043532,0.12352443,0.0067060445,0.001938586
9064,0.404553,0.1263981,0.0067524784,0.015991518,0.5087962,0.37592536,0.004597373,0.49947035,0.06340823,0.03890733,0.008628175,0.007490249,0.08795006,0.015924897,0.010435142,0.0753591,0.00012733144,0.11303739,0.10600336,0.00732125,0.09501165,0.3717615,0.009279583,0.023322117
9067,0.076576866,0.054045476,0.003755876,0.08424013,0.16767374,0.09652944,0.08300582,0.7391561,0.013427552,0.02617231,0.0068297517,0.07223631,0.088384144,0.014363888,0.004923634,0.10609332,0.0008947098,0.14740026,0.14576356,0.0048098783,0.011637535,0.28132734,0.121572725,0.0051747942
9068,0.70444065,0.027274761,0.00015461676,0.003185916,0.29124326,0.87034845,0.00038503998,0.43332618,0.0027225942,0.002882616,0.017991524,0.0018044362,0.013001201,0.0009181989,0.0014412641,0.14305869,1.9615958e-05,0.045706704,0.018236049,0.0010930997,0.0029416534,0.76230973,0.0012514922,0.0041486877
9069,0.3091868,0.044664674,0.0009755187,0.010295481,0.2960088,0.561783,0.0020673962,0.57024336,0.00838681,0.024205346,0.025909103,0.0056668743,0.10748838,0.002883219,0.0035580178,0.2743847,6.535517e-05,0.123439744,0.0768527,0.0033466069,0.0024105809,0.6861671,0.005938901,0.0036787903
9072,0.2345081,0.12293318,0.008242827,0.010110354,0.33826023,0.19326222,0.0030462751,0.43516165,0.0459788,0.11163708,0.0069402345,0.0074470476,0.44109556,0.008182103,0.008032162,0.18310858,6.513765e-05,0.11572026,0.20117909,0.0063819317,0.0049113496,0.49832928,0.009913614,0.007241058
9074,0.0031060777,0.0050546383,0.0008891895,0.002943528,0.90369403,0.01524575,9.052316e-05,0.27197728,0.022324365,0.01720372,0.0003337669,0.00028661735,0.0035957152,0.03705229,0.031123959,0.0055451347,4.4845012e-07,0.6383136,0.003905265,0.002929501,0.0034669437,0.016697334,5.387466e-05,4.9507697e-05
9076,0.408763,0.28762817,0.0148384785,0.042820387,0.34826645,0.12169442,0.009438706,0.55900633,0.06310403,0.03204842,0.0061369403,0.060862128,0.029832289,0.016318329,0.018818576,0.037131898,0.00032717767,0.18685561,0.06008728,0.008796878,0.08326529,0.21369067,0.20612217,0.045917463
9077,0.54022276,0.20524156,0.001983822,0.017032338,0.042961806,0.030659301,0.07440154,0.2797509,0.002012109,0.008654858,0.00028590174,0.06900492,0.056921687,0.000741953,0.0004999743,0.066080324,0.0003637399,0.024552334,0.5953146,0.0024220299,0.00092061533,0.47470745,0.19344239,0.0004609828
9078,0.8114581,0.38055077,0.0047682747,0.0014781866,0.19952431,0.22356157,0.00024633147,0.18666737,0.01844254,0.06084023,0.0011303094,0.004355997,0.13931002,0.0004966756,0.0017167436,0.082986996,1.2663338e-05,0.041253388,0.435797,0.0014296079,0.0010348319,0.6769639,0.010455042,0.004699545
9081,0.0145203145,0.01947568,0.002971845,0.0046606255,0.86176795,0.042829346,0.00024229752,0.3425812,0.047777593,0.038285036,0.0009881802,0.00097432284,0.010011105,0.029841186,0.02898516,0.013758778,2.3531327e-06,0.5244005,0.012822118,0.005474381,0.008365278,0.039692152,0.000278146,0.00039938305
9086,0.7191725,0.17699036,0.0025201957,0.0072271163,0.22832659,0.5383991,0.0016610798,0.44137722,0.012842493,0.02677087,0.009807854,0.009199637,0.0645968,0.0013078732,0.0026164006,0.12215813,7.810315e-05,0.061419886,0.14922844,0.0033227354,0.004012608,0.7025547,0.016690016,0.017928112
9087,0.009941965,0.018795323,0.0013989992,0.05358127,0.31122565,0.04552717,0.0019339712,0.83300453,0.015309403,0.031447664,0.019564087,0.026327584,0.022231273,0.030584907,0.026806295,0.06791539,5.281873e-05,0.6031854,0.011937037,0.0024118184,0.0042760884,0.10381659,0.027388312,0.0025158718
9089,0.06928668,0.033893008,0.0040234243,0.0009879268,0.6846236,0.10692268,0.0001290967,0.18883127,0.06624481,0.09881022,0.0007396072,0.00022739868,0.4063621,0.011817836,0.009016277,0.06592705,2.1005083e-06,0.12772861,0.10336238,0.0035825286,0.0037146697,0.25222924,6.1669074e-05,0.00034952888
9091,0.39824668,0.028507106,0.00025573076,0.0043938607,0.40433,0.769902,0.0003186478,0.51907337,0.005374717,0.005664164,0.019254105,0.0019142204,0.013332289,0.0015299261,0.0023254456,0.12750423,1.2708293e-05,0.081077754,0.009440779,0.0018628308,0.0024278658,0.583099,0.0010700633,0.0063345227
9092,0.035319943,0.013841006,0.001522737,0.006038606,0.28565532,0.33371332,0.0012384428,0.30122197,0.012241245,0.07538421,0.016777836,0.0017063641,0.74764585,0.010262184,0.0068732398,0.43873632,3.6975594e-05,0.07653038,0.039452396,0.0060424423,0.00020740693,0.5985918,0.00031179196,0.0012420584
9093,0.19860566,0.18457787,0.017755914,0.021651791,0.48298874,0.14523603,0.0026066373,0.5484693,0.09115577,0.11397169,0.01221141,0.023617353,0.09694805,0.016609041,0.028103285,0.10938855,0.00010596092,0.3256188,0.088177934,0.011947785,0.01825501,0.26945034,0.03918999,0.016622948
9094,0.60395795,0.43392113,0.006386263,0.023671767,0.10370702,0.097255796,0.0039395816,0.59415704,0.018259585,0.032447405,0.0045553455,0.091820955,0.039681032,0.0014608846,0.0034242996,0.047724668,0.0001436045,0.10707408,0.11330918,0.0027852498,0.0050737006,0.40198278,0.35557285,0.048211556
9095,0.07560867,0.045651954,0.0065314,0.026381511,0.7129649,0.096950285,0.013953846,0.48020193,0.08512183,0.022113362,0.0015762203,0.004369813,0.016250972,0.063520126,0.01853108,0.015310676,7.712831e-05,0.19264203,0.031186711,0.008414688,0.3014415,0.07112685,0.002385215,0.0057491628
9098,0.41361493,0.07760483,0.004735699,0.00621653,0.7483324,0.67492676,0.001418566,0.25022686,0.05623084,0.012686767,0.009258097,0.0023498153,0.01525592,0.014507451,0.01362056,0.06467136,6.807324e-05,0.07523353,0.015503772,0.011207998,0.06547362,0.28589332,0.0012899016,0.014409832
9103,0.01130717,0.034912962,0.005039618,0.05288662,0.36528927,0.021817744,0.005972679,0.8036204,0.053071477,0.04573778,0.002472641,0.018517338,0.01573884,0.035872817,0.015928859,0.015923232,4.6158642e-05,0.366561,0.012642489,0.0041191457,0.011481092,0.031348422,0.009768694,0.0054510036
9105,0.2571496,0.5974324,0.2518794,0.02756684,0.5583298,0.060040966,0.006538115,0.22659887,0.45366645,0.26119182,0.0026791645,0.031716578,0.031999722,0.03834926,0.07718975,0.023264637,0.00028266638,0.13478245,0.04365041,0.06083403,0.033025745,0.049685553,0.014679841,0.1377836
9106,0.0945447,0.022804499,0.0008043963,0.00945874,0.23433848,0.3817587,0.0014450648,0.54425216,0.007852931,0.048535798,0.022584813,0.0034724618,0.3888106,0.0038864699,0.0036799125,0.36491042,3.7565518e-05,0.120920986,0.07232846,0.0027192235,0.00044558966,0.66099775,0.0018061581,0.0017189712
9108,0.025011318,0.03856989,0.008830782,0.060708042,0.53823745,0.05758448,0.018488625,0.6610982,0.05963733,0.041694876,0.0054463246,0.017786102,0.022444224,0.09516321,0.03890864,0.035288118,0.00017691831,0.3732988,0.026205294,0.010939226,0.050499443,0.06787253,0.012501538,0.004967284
9109,0.06290019,0.03388173,0.0038648613,0.02354009,0.67680836,0.099327974,0.008765347,0.56595373,0.050783694,0.020801004,0.0022280929,0.0053505977,0.017373424,0.04527429,0.01629611,0.020480067,6.3534004e-05,0.25808412,0.03582143,0.005854489,0.12947464,0.089802474,0.004429698,0.0029809154
9110,0.14464162,0.036265284,0.002661856,0.0058557596,0.72622406,0.504761,0.0010951123,0.32101968,0.033221588,0.026595538,0.014296145,0.001850027,0.057750072,0.016158815,0.015503234,0.13344376,3.9183422e-05,0.17609172,0.020269332,0.010653753,0.008111597,0.32397652,0.000719045,0.003931256
9111,0.7348955,0.30148068,0.0024642868,0.007822459,0.15158622,0.38148728,0.00081152446,0.49538842,0.010977739,0.031138176,0.0083084,0.019514646,0.041597694,0.00063683797,0.0023003772,0.082436465,4.1258685e-05,0.078896694,0.10844548,0.002118282,0.0015837535,0.6696085,0.04262067,0.04734562
9112,0.15859248,0.04006667,0.00078312156,0.0077830064,0.1678092,0.30588475,0.0010272955,0.5546141,0.0058855903,0.042662505,0.015005041,0.0047669983,0.31434247,0.0017035323,0.0023059368,0.345844,2.3591712e-05,0.12242756,0.14698894,0.0015158383,0.00037330418,0.7120794,0.004721722,0.001209717
9120,0.09055512,0.06753699,0.010055454,0.011278356,0.6949233,0.16782932,0.0021017161,0.41708618,0.07299698,0.08703111,0.007456824,0.0055409363,0.1328221,0.025625026,0.026559653,0.1074582,4.8485952e-05,0.31242907,0.086270414,0.012922516,0.01430466,0.24696647,0.005762334,0.0030324617
9121,0.4121816,0.21102048,0.0068096267,0.026356446,0.2931181,0.21618503,0.0037424164,0.5969367,0.02840296,0.04080617,0.017149761,0.045360144,0.047741473,0.006002156,0.013760648,0.12043086,0.00017234232,0.26366377,0.09934438,0.0063748537,0.012843201,0.4637415,0.14215122,0.017815014
9122,0.0186169,0.010719243,0.00062822073,0.008541377,0.5340253,0.124189064,0.0004896378,0.65035164,0.0148720015,0.05019687,0.007904842,0.001581061,0.13378087,0.010847102,0.0074765356,0.13438518,4.7860854e-06,0.38706192,0.047153607,0.0016012532,0.0017292702,0.29979798,0.0008592169,0.00041122487
9126,0.11755736,0.20206738,0.0066327816,0.055175155,0.21231778,0.096186265,0.0028155462,0.77018225,0.060425922,0.03360223,0.010745103,0.05967563,0.015222309,0.018135203,0.016589241,0.018166777,0.00012303694,0.20981626,0.006419912,0.004641841,0.02663817,0.07236016,0.041809343,0.28501084
9127,0.14162283,0.15642644,0.03913445,0.005722062,0.7738488,0.17177068,0.001147591,0.22723517,0.22056726,0.14925954,0.0026472646,0.0026975002,0.10785774,0.027041424,0.03529622,0.053952135,3.1484014e-05,0.1724075,0.05645372,0.025591196,0.0228311,0.15027456,0.0009476308,0.009554245
9130,0.32005805,0.23429967,0.0024532578,0.10194925,0.0482937,0.027599277,0.025031937,0.7850733,0.0054674335,0.0042567854,0.003437741,0.35730356,0.004657063,0.002602188,0.0037389777,0.01891281,0.0007142857,0.161592,0.015698984,0.0022306456,0.0070185848,0.13289571,0.87199825,0.015375864
9131,0.011512034,0.15705772,0.014531135,0.1314933,0.12723967,0.002940824,0.0017047946,0.8683959,0.115173236,0.05546758,0.0015018751,0.18298191,0.0026740334,0.037019115,0.0369176,0.0038130342,7.6083255e-05,0.5033442,0.0014670048,0.0035367715,0.0064227446,0.004435001,0.10526621,0.039056197
9132,0.03063835,0.015509123,0.0004674751,0.019785415,0.31447235,0.1733439,0.0016686653,0.8023289,0.011139159,0.026600415,0.011507945,0.0045728064,0.07432636,0.0068807686,0.0036281403,0.09817167,1.6188847e-05,0.23994252,0.02758003,0.0011860614,0.0032154662,0.28492856,0.0024175881,0.0028423085
9135,0.083586164,0.037023775,0.0030711186,0.0039207246,0.8300228,0.29836124,0.00030398695,0.26689714,0.06866573,0.027518298,0.004216787,0.0008347039,0.023988508,0.029022923,0.024694486,0.034566183,7.527344e-06,0.21228103,0.008036665,0.009295584,0.022305822,0.11505675,0.00014745074,0.005464771
9138,0.6894536,0.40581745,0.014936811,0.0007657993,0.3250275,0.07571854,0.00022926023,0.10326518,0.06971432,0.14531772,0.00020894501,0.0017646502,0.31720373,0.0016977278,0.0036194357,0.046445865,6.2832355e-06,0.041935425,0.6321983,0.0016344555,0.0028633836,0.42529535,0.002139973,0.0017300474
9146,0.017814204,0.02580239,0.008722109,0.061989635,0.6000153,0.098600194,0.02200779,0.5274329,0.05575311,0.02750442,0.007977331,0.012501038,0.01293407,0.17725143,0.06741819,0.03510602,0.00024860504,0.32061532,0.00897769,0.021013498,0.06273165,0.057657577,0.0031477727,0.007854629
9148,0.0021069266,0.0036385285,0.0003998718,0.001886119,0.85266453,0.025727512,1.1797283e-05,0.44685522,0.015375697,0.03685835,0.0012168005,0.00025156306,0.006988805,0.014847927,0.021296166,0.017903302,1.3851542e-07,0.7634574,0.005079049,0.0012926963,0.00044238794,0.037829142,3.7492722e-05,3.054948e-05
9151,0.051814776,0.030556643,0.0047265003,0.12521306,0.31592157,0.11737324,0.14821108,0.70445037,0.020009901,0.009190879,0.0072046225,0.05685118,0.010554204,0.089882374,0.023087034,0.03999619,0.0013108436,0.2112469,0.021327918,0.010457565,0.090849355,0.101213776,0.0610924,0.0064626415
9153,0.3646605,0.3539563,0.014008913,0.057819415,0.157835,0.039065674,0.013633795,0.651163,0.03898922,0.029784476,0.003305916,0.15772177,0.021014957,0.006279241,0.0096654,0.030459315,0.00042076147,0.17764662,0.05396353,0.0066119116,0.018612817,0.15880494,0.5921682,0.024713572
9155,0.24074987,0.10775617,0.002420657,0.031470887,0.34686294,0.20683572,0.0036656586,0.70976365,0.016292784,0.014496446,0.01440401,0.03656903,0.014007952,0.0067201364,0.010070483,0.06122996,0.0001131845,0.3015334,0.034732107,0.0041181524,0.019969797,0.31806615,0.10767935,0.015313687
9158,0.25429487,0.025516625,0.00037078955,0.00399101,0.540864,0.7069167,0.00031942193,0.48962298,0.011258045,0.0054206084,0.009871818,0.001304331,0.0078824395,0.0038159038,0.0035952094,0.0523938,8.267612e-06,0.07929735,0.0058036577,0.0023377035,0.006788517,0.31556863,0.00027966223,0.010192138
9160,0.19925448,0.49396563,0.20840313,0.011761804,0.49646908,0.04568459,0.0017680689,0.26748377,0.42143345,0.45623422,0.002458421,0.020167094,0.11865612,0.017863004,0.064734824,0.068328366,8.0052814e-05,0.21439105,0.107949354,0.0379034,0.005979846,0.10099351,0.011038419,0.017237274
9163,0.041006405,0.031384896,0.0041506756,0.0013723517,0.13750409,0.039035328,0.0009508233,0.09279285,0.016445229,0.13485943,0.0003051819,0.00063904317,0.93782175,0.004396611,0.0025631532,0.22419576,6.2196477e-06,0.01805455,0.24441993,0.0031624986,6.3842344e-05,0.5003071,0.00010546938,0.00015020504
9167,0.5960891,0.14030206,0.008233621,0.00678527,0.52542347,0.44588616,0.0030064147,0.33105507,0.069027886,0.03361764,0.003097991,0.0034757373,0.05562852,0.009158153,0.006759233,0.06281564,8.7034314e-05,0.06566778,0.18622,0.0053284564,0.109835215,0.42252463,0.0039111567,0.007903753
9170,0.11005408,0.041484606,0.0004484336,0.013536521,0.08968848,0.16940472,0.001910627,0.7260308,0.003220348,0.032839738,0.008595446,0.0097870035,0.22251904,0.0007861156,0.00081052084,0.20056705,1.7699162e-05,0.11093753,0.12360658,0.0007171617,0.00022341016,0.6151509,0.009193403,0.0025886479
9175,0.13428098,0.04087767,0.0015891099,0.00385984,0.7728694,0.30657285,0.00022483827,0.36205137,0.025182221,0.018611426,0.0064213085,0.0021085246,0.0140695255,0.008916202,0.015334308,0.058450483,7.1995973e-06,0.33588284,0.020552885,0.0039179265,0.007731448,0.23824105,0.0016836764,0.0017676724
9179,0.0039933934,0.0032097045,0.00031429864,0.0021067786,0.8670904,0.052040525,4.569597e-05,0.3724121,0.013543884,0.01679773,0.0014386339,0.00021279602,0.009332676,0.019096725,0.018287346,0.020209366,3.420073e-07,0.58871585,0.0036637345,0.0021343585,0.0011116412,0.05397972,3.2872234e-05,4.7453254e-05
9181,0.22221197,0.024972647,0.0002017301,0.006438758,0.33285466,0.67357075,0.00021431234,0.6129787,0.0040754722,0.009226833,0.044185825,0.0029192236,0.021203332,0.0016635162,0.0034141315,0.18890129,1.1832934e-05,0.16915476,0.009499904,0.0015308093,0.0009695021,0.61001784,0.0015529557,0.005503667
9183,0.015760675,0.014193441,0.0013252661,0.0037734304,0.8549114,0.09641979,0.00011022402,0.36311442,0.035208937,0.026413705,0.0023194684,0.00074409135,0.00796984,0.022386808,0.027319897,0.023423268,1.5666991e-06,0.51359546,0.005571304,0.0046053557,0.0043296344,0.059971657,0.00015192622,0.00049396977
9184,0.44838482,0.30717802,0.0045019514,0.054436684,0.07410078,0.032730795,0.01877459,0.67262554,0.010289802,0.012962073,0.0021571242,0.21148024,0.015671143,0.0022322456,0.003423423,0.030786641,0.0006092911,0.13840562,0.088825315,0.0030279374,0.007837598,0.22782548,0.7433334,0.008995479
9196,0.8454478,0.07328669,0.00025886486,0.0030735254,0.08135002,0.7009031,0.0014727056,0.3114169,0.0009031925,0.0027696772,0.0047721933,0.005501564,0.020230776,0.00021733521,0.00034053435,0.16399355,3.652884e-05,0.020208273,0.1449657,0.00074187486,0.000450515,0.86657417,0.0077377497,0.0012995198
9198,0.0006314538,0.0040334812,0.0019883958,0.070231184,0.69288874,0.003065755,0.0055148415,0.5136798,0.031275097,0.0037288247,0.00022295436,0.0029610123,0.0001293117,0.47543383,0.12956138,0.0007398571,1.770267e-05,0.56380635,0.00025135378,0.004422233,0.11550986,0.0012432159,0.00030266622,0.00044855798
9200,0.35057488,0.04207449,0.00050283445,0.010741399,0.28612208,0.5766218,0.001960545,0.6479523,0.0059790355,0.010632885,0.018321505,0.0055178073,0.042536527,0.0022598535,0.0021756005,0.14582618,3.9910745e-05,0.102868,0.038158186,0.0020772438,0.0038586908,0.60811853,0.0055880994,0.006903069
9201,0.10123783,0.054777298,0.0044701467,0.0037688732,0.7454572,0.24337353,0.00024309143,0.3591653,0.074769124,0.069780774,0.004628549,0.0012802755,0.06834734,0.013688061,0.017326118,0.07290825,7.0767533e-06,0.2516438,0.030844662,0.007021114,0.008420284,0.21397324,0.00048198568,0.002989432
9204,0.01474848,0.00021113572,1.21183e-06,0.005634445,0.029930029,0.9379648,0.00011634803,0.53408194,2.1581523e-05,0.0015966753,0.4642695,0.00089323276,0.16242321,0.0006372721,0.0006020754,0.8816219,1.4632152e-05,0.057625603,0.0011295823,0.00020813338,2.8473985e-07,0.94093525,2.8214426e-05,7.619259e-05
9206,0.15435147,0.069865726,0.0055361805,0.012547289,0.5849848,0.20220439,0.003001505,0.47803134,0.051953126,0.065816134,0.008090526,0.0054353937,0.20037013,0.019371472,0.013728322,0.115208805,6.4402644e-05,0.2243174,0.13167687,0.0070778322,0.025366839,0.35029903,0.007720813,0.004523709
9207,0.3974112,0.21576834,0.0046069035,0.021778382,0.1991222,0.30211216,0.0019848126,0.63007164,0.020557951,0.04288905,0.029127412,0.03630577,0.05772623,0.003190367,0.009182511,0.13438311,0.00012243899,0.19010575,0.04672854,0.004941091,0.0040893047,0.4935424,0.05672081,0.052045044
9208,0.32273945,0.019209651,0.00014521711,0.011752407,0.25574812,0.74684006,0.00089030515,0.68663967,0.0022721877,0.004427785,0.06133673,0.005209628,0.018320303,0.0026064266,0.003311297,0.23671755,3.92336e-05,0.16837028,0.016785936,0.0014370867,0.0029894048,0.7128124,0.0039414307,0.003659139
9218,0.2064829,0.093627326,0.0028038323,0.013449413,0.30570158,0.24697769,0.0015805268,0.64355147,0.026069967,0.0677375,0.012833671,0.009158638,0.13174233,0.004393806,0.005950173,0.14229932,3.7323916e-05,0.18159463,0.092465386,0.0033171675,0.0041405773,0.465039,0.009673218,0.011667492
9222,0.47324648,0.21675232,0.009506595,0.006422924,0.42395887,0.29515228,0.0012214192,0.37913537,0.057981797,0.10144443,0.006273899,0.006962889,0.20458865,0.0046189544,0.008622461,0.12048534,4.912005e-05,0.11556606,0.1664231,0.006951526,0.0067139994,0.49132285,0.009770488,0.0184704
9223,0.0063632987,0.009206916,0.00058883097,0.0067229504,0.6946631,0.044380445,7.469941e-05,0.6476413,0.01542797,0.029658996,0.0031993554,0.0017300474,0.0057021133,0.012242578,0.016528912,0.0236863,9.941406e-07,0.6763565,0.00659081,0.0015212535,0.0012744113,0.060310826,0.0005285947,0.0003239806
9227,0.29236144,0.054257017,0.001748379,0.01656574,0.52884007,0.38823995,0.0046093883,0.5805993,0.020801822,0.0125912,0.011549852,0.007611079,0.02662798,0.011209699,0.0074471533,0.07232556,9.246715e-05,0.17684656,0.05504165,0.0041911863,0.06646733,0.3940898,0.013129015,0.0071737943
9228,0.501398,0.35619524,0.005590089,0.029807866,0.10902201,0.1072003,0.004218251,0.6683239,0.01878034,0.044269394,0.0075847036,0.084505595,0.061882135,0.0016394779,0.0037382215,0.06808672,0.00014056895,0.14027244,0.11163617,0.0028239826,0.003910908,0.40972063,0.260897,0.04965717
9233,0.015205456,0.010030162,0.0004901537,0.019991003,0.2887113,0.18410553,0.00086465024,0.74362624,0.007538364,0.04924414,0.044226844,0.0056247446,0.17333163,0.00904931,0.009221556,0.31539917,2.0181247e-05,0.40393072,0.030481888,0.0016080682,0.00054071465,0.43673274,0.0028377508,0.00093598536
9235,0.011171903,0.0119930655,0.0019751892,0.0026758413,0.8931063,0.041144636,0.00018233637,0.2665271,0.044439644,0.03672165,0.00063385034,0.00033289936,0.0145882135,0.027582532,0.023212068,0.01300955,1.4508698e-06,0.48740295,0.016273018,0.004538507,0.0077390606,0.04370839,6.560369e-05,0.00014102703
9239,0.08841333,0.0024441308,5.5758122e-05,0.011667662,0.17249244,0.92019534,0.002231031,0.4744723,0.0005136033,0.0026991859,0.27013388,0.0032117069,0.03821345,0.0041154698,0.0038748998,0.6688994,0.00017772109,0.089823455,0.004285633,0.002730407,0.00010229663,0.81704557,0.0003906964,0.00074016175
9240,0.10725816,0.037453502,0.0015482864,0.0035211067,0.7576811,0.24926211,0.00023931944,0.43522388,0.03007593,0.025722805,0.003911428,0.0014655336,0.017753925,0.0067945695,0.0092080645,0.04601844,5.0972044e-06,0.29975486,0.02745987,0.0035688963,0.007756369,0.21410026,0.0009796068,0.0016169971
9244,0.662957,0.45320162,0.01650712,0.0031988749,0.14446092,0.035109285,0.0021875456,0.17033917,0.044344068,0.14403082,0.00023390287,0.00893257,0.29169995,0.0019817273,0.0030086625,0.05545718,2.8966164e-05,0.040800367,0.7363881,0.002396676,0.0024053094,0.42560875,0.010615293,0.0022191352
9263,0.008829813,0.016535277,0.0020805814,0.010691655,0.5931592,0.03442318,0.00071265694,0.6517746,0.038499393,0.07820794,0.0017027735,0.0018881633,0.063862614,0.017695365,0.0096001085,0.032989156,3.3772546e-06,0.39254832,0.02784861,0.0026091947,0.003140321,0.08030709,0.0005145841,0.0007811572
9268,0.52944475,0.07970264,0.0010470897,0.0039801374,0.4184657,0.60431266,0.0005156624,0.44764304,0.011993793,0.018884905,0.011056008,0.002788782,0.05103386,0.0016246784,0.0028606094,0.13031612,2.125215e-05,0.09051888,0.06721685,0.0026389672,0.0034392965,0.63744605,0.0034719075,0.006479895
9269,0.090920396,0.027281448,0.00080838316,0.007967187,0.645841,0.34312534,0.00032892905,0.53141415,0.012813641,0.0164361,0.017524501,0.003982172,0.015657313,0.008830653,0.014627865,0.10038269,1.0746559e-05,0.39736316,0.014774811,0.003349947,0.0042465,0.3090324,0.0026186886,0.0024127422
9270,0.6103886,0.049244247,0.0003529438,0.004130891,0.23906049,0.81640625,0.00043408145,0.43342677,0.0031506165,0.009473454,0.032697797,0.0036046782,0.03855571,0.0007801842,0.0021926367,0.2604185,3.007211e-05,0.06832509,0.026523683,0.00205513,0.00047829957,0.7992735,0.0027962148,0.007180039
9273,0.093516774,0.057177935,0.0034266128,0.004546282,0.14299813,0.11273931,0.0012270492,0.32920566,0.017100576,0.12516655,0.0028247882,0.0027133361,0.78889567,0.0033134676,0.002832619,0.2735496,1.5747622e-05,0.050340887,0.18307874,0.0027349463,0.00018802765,0.56520325,0.0013968506,0.0013099657
9274,0.037875656,0.043283563,0.004593226,0.006391254,0.36232832,0.0821031,0.0005353341,0.52581984,0.040751748,0.18355253,0.005099799,0.0031429045,0.45599386,0.007888938,0.009476572,0.20286763,8.494594e-06,0.26195496,0.11460683,0.003007241,0.00080660643,0.34056515,0.0018039003,0.0008834914
9277,0.23660043,0.21003917,0.027931597,0.0082952725,0.3984661,0.062401216,0.0048562284,0.34028035,0.1269119,0.20176294,0.0013926604,0.0064502256,0.41478068,0.010090345,0.011151226,0.08969071,5.8065132e-05,0.108641155,0.43413505,0.0077738725,0.011137794,0.30611742,0.0080304,0.00314397
9281,0.05951396,0.013493228,0.0019622648,0.090411805,0.06994528,0.38500854,0.54064727,0.41422263,0.0018992687,0.005545708,0.011101935,0.0954663,0.06259011,0.01966762,0.002934694,0.2558685,0.008932971,0.023509651,0.057153568,0.01237272,0.0015997223,0.46680593,0.01727111,0.002755851
9287,0.36057407,0.42049915,0.065672696,0.012356142,0.48563352,0.09733968,0.0016627815,0.3583648,0.20009643,0.25206742,0.003985432,0.024664154,0.11382214,0.011669185,0.03209966,0.078342736,7.888459e-05,0.24016778,0.16861594,0.016904797,0.011815348,0.22206269,0.032889407,0.022554597
9289,0.009907219,0.01980951,0.0022959262,0.011430797,0.6447466,0.02245604,0.0008068848,0.63168865,0.03698647,0.05528407,0.0009408551,0.0027436556,0.024348205,0.020062258,0.011383331,0.016563838,4.0700397e-06,0.47698963,0.027324816,0.0024082426,0.00568057,0.04874283,0.0012141516,0.00067296124
9290,0.03192953,0.052114382,0.012699524,0.00821623,0.7016418,0.053490892,0.0011351558,0.42720854,0.095096685,0.14187342,0.0020466023,0.002599338,0.11640845,0.02474181,0.023040883,0.05190263,1.2793732e-05,0.37492755,0.10188314,0.007878942,0.009569806,0.121169694,0.0013306711,0.0009069394
9298,0.7081915,0.4196928,0.017963937,0.0023031991,0.35055476,0.1949529,0.00047534544,0.20486362,0.08310249,0.16561827,0.0012175222,0.004279519,0.16183314,0.0021947362,0.0060964096,0.060530014,2.1979553e-05,0.05965346,0.38747802,0.003918336,0.004209361,0.45449927,0.0051140063,0.012553209
9299,0.5624976,0.06739877,0.00076409173,0.0063675423,0.35554892,0.6684055,0.0009528288,0.49697146,0.0086269295,0.010085649,0.015046969,0.004337756,0.034973133,0.0019507812,0.0029301196,0.12717901,3.7513146e-05,0.07966321,0.038955655,0.002598783,0.005722108,0.64535594,0.005443231,0.009988568
9303,0.010014583,0.02679716,0.002341316,0.007986846,0.6727282,0.023239708,8.857449e-05,0.5982511,0.0293945,0.052589606,0.0022158741,0.004770975,0.0043956405,0.012715821,0.027827479,0.01633841,1.4305546e-06,0.73064744,0.007818689,0.0027818864,0.0014869843,0.038595326,0.0019591444,0.000712292
9304,0.4005309,0.49459875,0.06781295,0.0057569193,0.18897547,0.0063757384,0.0054044854,0.18403068,0.16382211,0.3378839,7.80986e-05,0.015027533,0.18424594,0.004838879,0.009091869,0.030525181,5.3914904e-05,0.0903674,0.78868645,0.0066102925,0.0031575405,0.13950472,0.008246988,0.0006773185
9306,0.24999689,0.015819281,0.00021743451,0.026373204,0.16980527,0.79831445,0.008216012,0.72233826,0.001850225,0.0034096418,0.07954558,0.0136453025,0.015625881,0.0037599478,0.0030295197,0.2524252,0.00023219152,0.104533084,0.012373967,0.002483666,0.0027928476,0.67730373,0.005849456,0.007988321
9310,0.21320523,0.03049,0.0006131215,0.0173867,0.39036703,0.517619,0.0030998897,0.6843965,0.009398746,0.008356928,0.019971028,0.0066867894,0.024525978,0.0066693635,0.0044562994,0.109023355,6.3719664e-05,0.14785886,0.022046607,0.002795929,0.015927544,0.43272132,0.0061799497,0.00702436
9313,0.7452208,0.11504271,0.0037072757,0.0033055625,0.56167614,0.64797556,0.0012602457,0.24921104,0.034533493,0.014277229,0.0044808313,0.002241546,0.030273067,0.0037948666,0.0044987104,0.07488578,6.09775e-05,0.04900137,0.12285439,0.0040232884,0.054715887,0.5641019,0.0038244566,0.0049290787
9318,0.06887781,0.03969669,0.001585497,0.019383846,0.47464544,0.114105515,0.0030703333,0.6939053,0.013040027,0.018713653,0.0057292148,0.013402517,0.016783593,0.0068013053,0.0076626977,0.052419968,3.8692197e-05,0.3662902,0.040693063,0.0032470094,0.007066849,0.20571958,0.024177453,0.0017728261
9322,0.37989143,0.5812389,0.10169324,0.0035994772,0.68500996,0.06910016,0.00014989798,0.17690788,0.34420794,0.3052276,0.0007976416,0.007927557,0.037487585,0.00856882,0.035742335,0.019444771,7.705348e-06,0.20522209,0.08608057,0.010953221,0.0101303365,0.082929105,0.0037335714,0.03414797
9323,0.07879695,0.085539885,0.024407558,0.0064594145,0.5291391,0.119314805,0.003152176,0.22943273,0.1120507,0.17153828,0.0024845721,0.0028320465,0.5460194,0.022720687,0.018147307,0.13784899,5.7903337e-05,0.0944625,0.14547263,0.016972687,0.0056656976,0.29672003,0.0009962873,0.0026121114
9328,0.22574589,0.06356046,0.0015087434,0.01477386,0.42211702,0.3843929,0.001856534,0.64556706,0.016881183,0.022388654,0.017855383,0.008229608,0.0475217,0.0055679786,0.006041183,0.114192225,4.785261e-05,0.19697317,0.044746347,0.0037152858,0.010325877,0.45454672,0.011557192,0.010433073
9331,0.51726365,0.021284586,0.00014771461,0.0026563373,0.24261604,0.8679408,0.00021431704,0.43734586,0.0023899043,0.007505682,0.033219866,0.0012562991,0.044224124,0.0006997305,0.0015421471,0.32879832,1.40084385e-05,0.055653136,0.01530116,0.0015803906,0.00031045332,0.8045957,0.0005727804,0.00286233
9333,0.06641267,0.039251495,0.02040671,0.042930994,0.63336337,0.07488318,0.24209407,0.25851715,0.069580756,0.016777683,0.00073292514,0.009045654,0.01238509,0.14703457,0.033180658,0.015398128,0.0005975247,0.09324645,0.036764346,0.03286329,0.23782934,0.053009987,0.0027829872,0.0034663887
9337,0.14810252,0.026645064,0.0005453777,0.012013326,0.5094069,0.37248683,0.0012400843,0.62469447,0.007950191,0.011487756,0.019241484,0.00486146,0.03040462,0.0069139213,0.006485697,0.11699905,2.729844e-05,0.2822215,0.033217244,0.0026173142,0.0077762897,0.45210677,0.0067961817,0.0025370643
9339,0.57535267,0.2807443,0.00255064,0.030973103,0.059997156,0.045403063,0.02502748,0.5046127,0.0043387795,0.0072366097,0.00100217,0.14235325,0.020957354,0.0011207615,0.0011700985,0.037271585,0.0004797102,0.062084794,0.22244482,0.002041888,0.0043285536,0.36680934,0.5888547,0.003213153
9341,0.45505062,0.066696934,0.0019781932,0.0032646179,0.4403437,0.60778046,0.0004920161,0.33304104,0.022345295,0.038480658,0.013339392,0.0016456116,0.19776504,0.0038620648,0.0057061724,0.22286305,2.851098e-05,0.08190211,0.07613499,0.004457558,0.0035449415,0.64763176,0.0016134565,0.0047008344
9342,0.17917027,0.13759391,0.025589826,0.02776019,0.7532953,0.1584423,0.007515609,0.35189712,0.23404539,0.033714127,0.0018820328,0.006320893,0.013152309,0.078666195,0.037897028,0.015116702,0.00013787716,0.1496378,0.024257919,0.014513752,0.6077491,0.060633622,0.0029963225,0.022044355
9347,0.005831233,0.02306771,0.015807193,0.0827212,0.61778617,0.02063538,0.03218746,0.46368793,0.070525594,0.032092854,0.002176576,0.013736853,0.006098331,0.2976412,0.11571326,0.014189658,0.0002192722,0.4010323,0.0060625286,0.025420317,0.049139675,0.017587917,0.0030192065,0.002682913
9348,0.07648162,0.028724087,0.0033931274,0.010845292,0.8509548,0.08742419,0.0031556634,0.25510845,0.09653013,0.0065326607,0.00035476632,0.0010540592,0.002444362,0.089156486,0.025899427,0.0033780697,1.9328061e-05,0.15393989,0.0068077827,0.0048831324,0.67149067,0.02670596,0.00025929243,0.0029697674
9350,0.5072873,0.24453638,0.005087968,0.0033569033,0.12075938,0.0924426,0.0010648636,0.25158423,0.017997835,0.094711915,0.0010045585,0.0056868996,0.4291891,0.0011950339,0.0018853884,0.1205044,1.6069624e-05,0.038546536,0.435832,0.0018448023,0.00055693096,0.5885174,0.0072208,0.003034321
9351,0.26305652,0.08863844,0.003346529,0.015552238,0.39140347,0.26921356,0.0049144262,0.5794003,0.025688307,0.046010394,0.010352088,0.009896274,0.15337749,0.0064962287,0.00559346,0.14207703,9.368004e-05,0.15798172,0.1904498,0.0042785397,0.013307221,0.49810207,0.018612904,0.006459253
9352,0.65669197,0.51061606,0.025544666,0.005533239,0.17971495,0.0527189,0.0022366235,0.27248237,0.07148191,0.20907389,0.00083599344,0.017308736,0.20809504,0.0021712603,0.0056545227,0.071013056,5.4832766e-05,0.085451506,0.64314663,0.004065301,0.0034262433,0.42954713,0.026308248,0.0056702793
9358,0.086607665,0.045545436,0.0027845758,0.001734937,0.13464908,0.09763923,0.00055835437,0.17480415,0.014138688,0.108087294,0.001008052,0.000950131,0.8709402,0.0023790176,0.0019208257,0.24501273,6.362996e-06,0.024245305,0.17285167,0.0023223911,7.671409e-05,0.5759899,0.00033309427,0.0005415009
9361,0.002599375,0.0042550433,0.0004929925,0.0028548192,0.86732733,0.016493566,3.9864874e-05,0.4065604,0.015240168,0.019564256,0.00053758675,0.0003479034,0.0029213324,0.022762183,0.022578461,0.007107497,2.5204574e-07,0.708058,0.0037953914,0.0016372871,0.0015153665,0.020722786,7.055323e-05,4.4434964e-05
9363,0.0028276893,0.008001828,0.00084795547,0.0029890111,0.7573029,0.015264245,5.1055587e-05,0.59744596,0.026410762,0.05697927,0.00035185833,0.0004804923,0.0075530796,0.0081722485,0.007758249,0.008624296,1.7474962e-07,0.5760312,0.009941182,0.0011584619,0.0007013271,0.025663512,4.7928464e-05,0.00011618039
9370,0.09001592,0.032080807,0.0047513153,0.06563888,0.23908518,0.25678286,0.13404419,0.5936024,0.016491849,0.023034217,0.009229688,0.0340591,0.09995268,0.03654196,0.007769045,0.13202347,0.0011865032,0.085014,0.09388563,0.010695378,0.02175609,0.33842748,0.016224738,0.00729141
9374,0.3497869,0.24745116,0.003176304,0.06720084,0.08816464,0.041740604,0.0143762,0.7390952,0.008495824,0.007647047,0.0038895614,0.22819647,0.0070008836,0.0025330456,0.00426476,0.023786282,0.00040834566,0.17937091,0.028644316,0.0028114177,0.008067617,0.18506636,0.7529806,0.016737152
9397,0.27470782,0.20164122,0.008654497,0.0034235788,0.42764196,0.09662894,0.00034990348,0.41250372,0.06420791,0.15575854,0.0014287594,0.004756319,0.14530586,0.0028441767,0.006214138,0.058122545,6.8537684e-06,0.19559196,0.23390587,0.0026140986,0.003257832,0.32259494,0.00444877,0.004789736
9399,0.09755368,0.08883349,0.007823399,0.007134924,0.79637545,0.37339345,0.00016752713,0.2976309,0.0994613,0.052387267,0.016532253,0.0039957766,0.013373815,0.030073434,0.06782116,0.070206895,1.3661563e-05,0.3547808,0.0051498353,0.01439352,0.009352567,0.12796281,0.00074620504,0.022323098
9400,0.095213234,0.051562548,0.011692619,0.0035206939,0.9440434,0.33082756,0.00041884035,0.065129235,0.12994649,0.013324615,0.0022792814,0.00076553156,0.0033447866,0.09064091,0.11653853,0.01631396,1.5040146e-05,0.2004527,0.0019487065,0.03265891,0.09479047,0.044138,6.688501e-05,0.0049236435
9401,0.23460945,0.05704659,0.0019532589,0.006464812,0.1929672,0.17196727,0.0070752753,0.34032464,0.008920826,0.02552566,0.0015331492,0.004091146,0.3949704,0.003690843,0.0013050865,0.15121815,3.857033e-05,0.03828132,0.32586443,0.0021028405,0.002448186,0.55799854,0.0036218953,0.0009169963
9408,0.00633515,0.006797335,0.0022902414,0.0026563539,0.13270652,0.07949825,0.0020515183,0.08832983,0.0075570843,0.115468115,0.001510807,0.0007880646,0.9732591,0.011521796,0.003490504,0.45349497,2.5151481e-05,0.018076262,0.069520734,0.0067250715,1.5611537e-05,0.55951273,3.3297987e-05,0.000121125726
9409,0.2155192,0.2671674,0.0050511886,0.048825182,0.18201914,0.04797153,0.00064137275,0.7272563,0.023218831,0.025027892,0.012164279,0.16327427,0.0037220253,0.0059674014,0.03142627,0.027038187,5.3617467e-05,0.5525955,0.00765975,0.0030907483,0.0055947904,0.11881354,0.3354808,0.043926857
9410,0.4047241,0.14311165,0.0008359723,0.0068315403,0.23963998,0.45295796,0.00014353388,0.60884094,0.012716085,0.020352492,0.0156731,0.0066801887,0.023210872,0.0012662298,0.0034117603,0.042222057,9.56037e-06,0.10276161,0.009665431,0.001701243,0.0016059818,0.3972977,0.0035150673,0.1736028
9411,0.023070155,0.037977014,0.0039355494,0.041313343,0.28835198,0.07037936,0.006206046,0.76917267,0.04740639,0.07056491,0.0068765115,0.014019285,0.14955783,0.021886729,0.009138551,0.07006747,7.44141e-05,0.21799207,0.029957755,0.0039503532,0.008302329,0.1372999,0.006717415,0.00883636
9412,0.0480415,0.019783912,0.0007379355,0.018429158,0.41190585,0.18890926,0.003355251,0.7474168,0.012381003,0.022802193,0.008322954,0.005044129,0.061757375,0.0072862837,0.0039001189,0.09075112,2.6801286e-05,0.23074979,0.045482524,0.0020890834,0.005358476,0.30134693,0.004567483,0.002055436
9419,0.007713404,7.29276e-05,5.5577475e-06,0.008678651,0.8500415,0.47208875,0.014188064,0.16926593,0.00012937868,2.202263e-06,0.0016075484,0.00029189806,4.6921843e-07,0.11601892,0.02226897,0.003364966,1.0067335e-05,0.19317624,8.016267e-06,0.0017334997,0.059081502,0.018594414,4.0291903e-05,4.8071734e-06
9421,0.18315955,0.024456218,0.00039332372,0.0039272867,0.41459805,0.50308836,0.00023882982,0.5163324,0.008985148,0.02333417,0.016280545,0.0011069402,0.11960334,0.0025969408,0.0033055483,0.21247427,6.8854956e-06,0.13972926,0.030873371,0.001860389,0.0011084581,0.6005965,0.0007527282,0.0019097496
9428,0.15455656,0.23572603,0.012129028,0.07033381,0.1950941,0.040751256,0.0047238427,0.7585254,0.052018747,0.0665632,0.010210872,0.14169212,0.025448928,0.012698557,0.025861401,0.048063338,0.00024971348,0.41162536,0.038004044,0.0057486417,0.013931347,0.13324752,0.30657196,0.029391108
9432,0.22288418,0.08816653,0.0023328573,0.0039845533,0.6605791,0.42149252,0.00016943159,0.42305887,0.040736534,0.025634188,0.0062232735,0.0025380093,0.018042604,0.004352718,0.008625645,0.045856345,6.28299e-06,0.15683435,0.011750347,0.004734533,0.005821641,0.2373591,0.0011410915,0.018740142
9435,0.12552191,0.07650569,0.0043942924,0.016563782,0.36856407,0.22762932,0.0020057817,0.6465776,0.03693253,0.08499393,0.016893858,0.009706341,0.13347207,0.00854135,0.010812448,0.1751557,5.2780262e-05,0.24802232,0.081189044,0.005085345,0.005202886,0.4013496,0.008995832,0.007318991
9437,0.7520814,0.42689377,0.004982634,0.0059889224,0.15789698,0.24209884,0.0006079748,0.42072928,0.016200803,0.051515672,0.005100905,0.023021601,0.052011997,0.00048800083,0.0024867628,0.09399904,3.4367917e-05,0.09369923,0.20101438,0.0022972405,0.0011669392,0.6586163,0.081239715,0.02177893
9439,0.7609986,0.10520993,0.0009822878,0.0031813914,0.36299467,0.6968664,0.00041098797,0.37678564,0.010071434,0.011302453,0.008578446,0.0030502905,0.025559144,0.0010633366,0.0022031923,0.09674068,2.3905674e-05,0.059472695,0.08117997,0.0018023178,0.005974802,0.71347797,0.004933817,0.008249094
9440,0.25828192,0.602532,0.2330088,0.01533945,0.4266634,0.023138944,0.0020480051,0.305722,0.44942895,0.4777424,0.0012674654,0.033309624,0.06398316,0.014972507,0.05436402,0.040204417,7.5182004e-05,0.23712912,0.13781573,0.030357802,0.00789328,0.0688472,0.022919968,0.016727125
9442,0.015351122,0.0195037,0.005320565,0.085514,0.523748,0.07040683,0.04064071,0.59988284,0.0458993,0.014290065,0.0039513763,0.013226163,0.009692115,0.20609432,0.04689386,0.01923653,0.00030166746,0.25327402,0.008170421,0.0106310295,0.18267469,0.040322445,0.0032652586,0.0064673023
9444,0.031855375,0.017173117,0.0008674328,0.0051371353,0.7439707,0.11758623,0.00028922455,0.53607565,0.01860994,0.024422191,0.0030679638,0.0016689711,0.012535148,0.009157184,0.009880266,0.034060962,3.4409957e-06,0.4566123,0.020482877,0.0026306582,0.0042865835,0.1329086,0.00081780023,0.00058949075
9446,0.0009829416,0.0070982226,0.0025695472,0.007230665,0.7762596,0.0048648017,9.826924e-05,0.52994,0.03699638,0.076082185,0.00044952406,0.0010009467,0.0042992774,0.03668204,0.03979403,0.00766545,5.118517e-07,0.7803682,0.005305772,0.003157791,0.0007495725,0.010350207,0.00015299328,5.559624e-05
9454,0.41612896,0.20795031,0.007847012,0.0074478583,0.5278764,0.37877584,0.00079109386,0.37598574,0.072690785,0.051421996,0.005330891,0.0060899146,0.03587267,0.0067616664,0.010625749,0.037117105,3.1959185e-05,0.09635034,0.043489676,0.006554722,0.01802901,0.26714188,0.0034896214,0.07767836
9456,0.0071963733,0.005003785,0.000752498,0.016853413,0.6758201,0.07770121,0.0027547819,0.5350943,0.015849318,0.016443307,0.0039512482,0.0015659386,0.02709605,0.056331515,0.015828053,0.0372744,1.25963215e-05,0.32684526,0.009499037,0.0040876735,0.008905746,0.09393296,0.00045766917,0.0005023034
9457,0.302796,0.16764136,0.021558309,0.005104132,0.8078291,0.43739218,0.0006261282,0.22482567,0.16819169,0.07429936,0.0073483754,0.003128347,0.052515395,0.018155405,0.030582488,0.0826578,4.3820706e-05,0.15776075,0.03995919,0.019983178,0.03585027,0.23692346,0.0019091717,0.013445833
9461,0.04504141,0.03184214,0.0031369333,0.008644173,0.7133064,0.1651927,0.0006492845,0.5148577,0.040810052,0.057436224,0.0075535444,0.0029697926,0.04602666,0.017683277,0.019667529,0.08430484,1.32687155e-05,0.42111468,0.038711306,0.0059762103,0.006628636,0.20312099,0.0017944537,0.0014487589
9465,0.3641116,0.095499955,0.002258106,0.011326505,0.5042281,0.48956126,0.0013798419,0.49320427,0.023524186,0.015650928,0.015636366,0.007539195,0.03147357,0.007118624,0.00906323,0.08109153,4.7976664e-05,0.1412643,0.024563015,0.005526518,0.017118411,0.41949454,0.009262055,0.027135428
9467,0.014567704,0.018383589,0.0020781888,0.022411864,0.6550932,0.03487597,0.0025361208,0.649338,0.030114032,0.025087487,0.0017042444,0.0050927736,0.0100859115,0.040748466,0.018440582,0.014802671,1.6209302e-05,0.46262363,0.017613923,0.0033957502,0.020393526,0.04495736,0.0032453786,0.0010509478
9472,0.01768857,0.023572786,0.0029742366,0.02601504,0.5219872,0.060163204,0.004306307,0.68428993,0.03773774,0.06487226,0.004308184,0.0060788477,0.11306571,0.029088413,0.012142822,0.06156988,3.566142e-05,0.32925513,0.05571898,0.0040748413,0.010581671,0.13607931,0.0040752245,0.0018750678
9474,0.68265164,0.11110807,0.00131617,0.0049338425,0.2803325,0.6524993,0.0008030345,0.43384922,0.011362931,0.015273941,0.010549429,0.004405524,0.049647573,0.0013865464,0.0024624623,0.09836946,4.0233073e-05,0.05047839,0.065907635,0.0024038204,0.005062683,0.66480124,0.0056992434,0.019257361
9476,0.7575805,0.65844524,0.024695845,0.0007214934,0.064779714,0.004315933,0.0007177371,0.046466388,0.05157277,0.23483099,7.179651e-06,0.0051134094,0.31493416,0.00066855457,0.0015164982,0.023107525,6.1796623e-06,0.016050626,0.91717166,0.0009790204,0.00036606207,0.29384086,0.0025248304,0.00027066257
9477,0.084616765,0.071937956,0.007896107,0.010681624,0.2660491,0.08152817,0.0048173,0.4554862,0.04195359,0.14974722,0.0033203186,0.0055392585,0.6269242,0.008485684,0.0062430343,0.20049341,4.3920907e-05,0.113075815,0.30104196,0.0045148665,0.0021796373,0.42858776,0.004515904,0.0014743024
9479,0.07557299,0.02659245,0.0015457409,0.003093316,0.7985288,0.23643303,0.00015714082,0.34936604,0.030691778,0.031045048,0.00516754,0.0010749266,0.033979297,0.014847328,0.01843517,0.067873985,3.691846e-06,0.3965292,0.025168044,0.0042603603,0.0066766078,0.23387405,0.0007885972,0.0008428394
9484,0.5356481,0.14276217,0.0018297388,0.0046430025,0.3119507,0.41679066,0.00044410338,0.41579786,0.013768992,0.039118405,0.009807628,0.005400117,0.111099124,0.0013599267,0.0035872583,0.15153249,2.0792073e-05,0.11183845,0.0938182,0.0029079062,0.0014004243,0.65215665,0.008782927,0.0095455395
9492,0.62206376,0.3697721,0.01840591,0.008190516,0.25911587,0.13562371,0.0036134012,0.33909672,0.062294215,0.13799015,0.002562766,0.013653033,0.21441118,0.0038319791,0.006468063,0.09091074,9.430027e-05,0.08283664,0.46956488,0.006011136,0.0077958726,0.48266146,0.025738524,0.013000308
9494,0.14739318,0.019608341,0.00053349085,0.0021173188,0.6635285,0.5073681,0.00016285037,0.37333515,0.015240863,0.016378185,0.008254564,0.0004741494,0.062390085,0.0055242954,0.005686218,0.10898234,4.3143173e-06,0.14175077,0.015455506,0.0031812524,0.002545339,0.3881457,0.00017333345,0.0014396833
9495,0.6047535,0.07232235,0.00054134964,0.0022173598,0.28795376,0.66139925,0.00018986835,0.3582157,0.005927779,0.017519748,0.013184642,0.0017885783,0.091727495,0.0007138855,0.00195998,0.19657584,1.18238995e-05,0.06428497,0.053708993,0.0016973191,0.00052335614,0.7552858,0.0021997078,0.004518312
9501,0.033593126,0.003932169,0.0005211025,0.01741312,0.2017332,0.7183844,0.01808861,0.28159544,0.0019988872,0.009586317,0.056503583,0.0058992957,0.27213562,0.017614765,0.005566572,0.59265023,0.0006009171,0.046362575,0.012686301,0.010000514,0.00026710538,0.68266046,0.00039911113,0.0008272852
9503,0.33435088,0.18469083,0.006756198,0.02571962,0.36396432,0.31193957,0.0026323062,0.6121217,0.040648643,0.035286732,0.021060076,0.027596042,0.031999167,0.0085908435,0.015007071,0.08909055,0.00014342676,0.21949235,0.036047593,0.0078064944,0.022845583,0.3487521,0.045694213,0.048612606
9504,0.045423806,0.016525852,0.000527009,0.02048141,0.17329404,0.25522178,0.0039054763,0.7059785,0.0042140866,0.03560486,0.022820527,0.007721741,0.27461264,0.0034454553,0.0022391416,0.33903912,5.251372e-05,0.16613342,0.099099495,0.0016190183,0.00043869243,0.62110984,0.0047317366,0.0010734862
9506,0.3494444,0.08360208,0.004276013,0.003823661,0.56942636,0.48264363,0.0007302752,0.3034707,0.044243474,0.054077785,0.009902407,0.0019683929,0.201939,0.007422079,0.009840282,0.17536995,3.53427e-05,0.10679285,0.07611826,0.007256084,0.0069400147,0.5029161,0.0018033879,0.0059923837
9510,0.03633448,0.010444983,0.000617738,0.02008325,0.44509238,0.3591903,0.0026874156,0.63018954,0.009216025,0.020185713,0.036854085,0.004588825,0.118089296,0.021535508,0.011173436,0.24436426,5.5716504e-05,0.25630406,0.022804728,0.0035542415,0.003996059,0.42202586,0.0021014172,0.0017525409
9513,0.26165605,0.110221885,0.0018057318,0.005420932,0.15361075,0.19635978,0.0005438756,0.5519817,0.012531359,0.093019076,0.006952313,0.005273647,0.28851956,0.0008377275,0.002341337,0.23731658,9.620917e-06,0.12373363,0.17955968,0.0013979479,0.0002926811,0.6403469,0.007116208,0.0028116757
9516,0.2445389,0.17908193,0.014378076,0.013236415,0.42611372,0.22578773,0.0017433753,0.47626758,0.07917697,0.12915215,0.0136708375,0.013026576,0.17551777,0.010184338,0.019361036,0.16333249,7.823785e-05,0.20553951,0.084721506,0.010455131,0.007324158,0.38009062,0.015250971,0.019025436
9521,0.06782085,0.093991905,0.014824398,0.010928854,0.6410018,0.10606144,0.0010246675,0.5263569,0.11288028,0.13976474,0.0045815753,0.0059995963,0.061505046,0.017228391,0.023335887,0.06314807,2.073469e-05,0.3447964,0.064591184,0.009784661,0.010197723,0.14719929,0.003547757,0.0046583456
9524,0.040830415,0.022527412,0.0013566614,0.0052438686,0.79644614,0.101680085,0.0002750283,0.445768,0.027147945,0.025714237,0.0025316486,0.0017411824,0.010293591,0.01571353,0.01719952,0.02528957,3.8439234e-06,0.5062715,0.02468643,0.0026827434,0.011835123,0.11376394,0.0010250561,0.0006800642
9530,0.15992378,0.09004961,0.0020971468,0.031097483,0.19807436,0.26952577,0.0030463284,0.76331526,0.020690693,0.030814087,0.02139965,0.023470905,0.06332525,0.0062071453,0.005865211,0.08398395,0.000116201336,0.1482926,0.021203538,0.0029394794,0.007952321,0.31738004,0.01868395,0.062382597
9533,0.0021313883,0.003258806,0.00025700228,0.004778811,0.75973487,0.012944029,0.00013534939,0.61655354,0.013956063,0.014758558,0.0002667537,0.00037397852,0.0027025577,0.017658653,0.007080909,0.0040027127,3.2276117e-07,0.53613925,0.0044069565,0.0006755418,0.003675412,0.016502477,5.0297116e-05,8.017214e-05
9539,0.0122932745,0.020909846,0.003824471,0.027323749,0.6962281,0.04177512,0.0016234963,0.5559652,0.039793648,0.028107362,0.004523239,0.0066142296,0.0065463367,0.09572011,0.06805023,0.024515377,2.313275e-05,0.60696995,0.0077104485,0.007039879,0.020159114,0.04010252,0.0037777477,0.0012380718
9540,0.0027353754,0.010193071,0.0013996391,0.004900067,0.75183934,0.007950079,9.964846e-05,0.57147306,0.026582522,0.056068435,0.00028304747,0.0010471421,0.0064190514,0.013502137,0.011942016,0.006647347,3.8817902e-07,0.6556142,0.012740472,0.0013527665,0.0011471962,0.018298684,0.00025631196,0.000102340535
9547,0.014694241,0.04371744,0.029361615,0.016591124,0.6411049,0.020252923,0.013276804,0.37072873,0.12562294,0.17259479,0.00064709387,0.0031698141,0.1298025,0.04975023,0.024648478,0.031353686,5.0218518e-05,0.23754093,0.12477927,0.017076222,0.014138955,0.06641124,0.0007112958,0.00066060806
9550,0.4573952,0.3323329,0.019086327,0.0010413686,0.22444807,0.013102056,0.0014325142,0.08473754,0.07041652,0.1550567,2.8488286e-05,0.001777486,0.43297562,0.0024306052,0.0027229905,0.03435647,8.015549e-06,0.029502917,0.82757115,0.0017304642,0.002537009,0.2554254,0.001044161,0.00023235672
9551,0.40956035,0.07570446,0.0018507615,0.0020618562,0.6738777,0.76013476,8.0959e-05,0.23235585,0.02739061,0.0194522,0.013041592,0.0012446191,0.015170794,0.002636813,0.009204224,0.11630438,8.655295e-06,0.09191783,0.0070597427,0.0058969613,0.0017427721,0.43295807,0.0004001922,0.010370037
9554,0.21027747,0.39960724,0.04379914,0.022767952,0.45479786,0.105470695,0.0009817984,0.50518394,0.18015048,0.15462767,0.008243396,0.03815906,0.028387627,0.015502374,0.04158713,0.04021365,6.710318e-05,0.30934423,0.024213778,0.014751938,0.015269608,0.10029101,0.024845747,0.11204216
9555,0.01821982,0.0088634845,0.0005215443,0.009316507,0.58390856,0.100347325,0.0008520148,0.642643,0.014536022,0.03456985,0.0049133985,0.0013019908,0.096221484,0.01385098,0.005992043,0.08127719,5.2453115e-06,0.35516843,0.049111877,0.0013559634,0.004088889,0.23161651,0.00082971604,0.00036871198
9556,0.017877942,0.27571502,0.31074986,0.0008681998,0.8664073,0.008997393,2.0376378e-05,0.0801605,0.64528567,0.6001898,9.073187e-05,0.0006548727,0.019262025,0.020476589,0.14337534,0.008468478,4.937503e-07,0.39031157,0.016810974,0.036812395,0.0008879619,0.008315837,1.8058725e-05,0.00084765366
9561,0.0638103,0.14159879,0.03704157,0.008286212,0.8810419,0.10461473,0.00036333734,0.24020834,0.2664209,0.10062816,0.0025838127,0.003776016,0.009170415,0.053079456,0.088733874,0.019742377,1.4669374e-05,0.41428226,0.011487144,0.02447622,0.0471488,0.039850526,0.0009622497,0.009253024
9565,0.3245049,0.5227602,0.15862513,0.0039367983,0.6241354,0.04361938,0.00085165194,0.15027742,0.41057947,0.36697093,0.00044331606,0.0057504624,0.123641625,0.011550897,0.03443041,0.031695683,2.0942414e-05,0.12230264,0.22765303,0.018082181,0.0120484205,0.10463156,0.002809588,0.008638213
9570,0.113643244,0.088972375,0.013611831,0.0034860882,0.78769666,0.082489885,0.0011141638,0.2876113,0.13449715,0.096321136,0.00067003124,0.0011914365,0.07015691,0.01668292,0.014774096,0.022303801,1.1043957e-05,0.20418434,0.14054525,0.0075860783,0.038707215,0.120174654,0.0005931075,0.001761946
9575,0.17940673,0.6849295,0.13952067,0.024893535,0.2918767,0.0072181104,0.00018847965,0.3845657,0.25613967,0.29701185,0.0017034706,0.18555756,0.0033918924,0.008763578,0.12288515,0.015204656,2.271512e-05,0.6195345,0.009601795,0.01428552,0.0010647029,0.019833727,0.15452091,0.029062977
9576,0.039901957,0.07340271,0.012544785,0.029084446,0.2766311,0.10723421,0.0030202519,0.62608576,0.0595696,0.20804563,0.02555951,0.021501146,0.26618928,0.018788613,0.027024109,0.2603235,0.0001300539,0.3215054,0.05786489,0.009657255,0.0015378804,0.2828654,0.010207206,0.0069030044
9580,0.432552,0.3139239,0.0052799867,0.043953054,0.09040341,0.049240123,0.014504002,0.6561325,0.012339692,0.025303353,0.0034690944,0.15881641,0.04054037,0.0019034514,0.003249498,0.053024683,0.00036284493,0.14389873,0.1376195,0.0033100098,0.004919991,0.31487238,0.5703721,0.013576975
9588,0.05523929,0.09178505,0.013358585,0.058025543,0.3875237,0.13681245,0.00648786,0.68398786,0.08319863,0.09039145,0.02735359,0.03480647,0.08540771,0.053756148,0.040883854,0.113975845,0.00029605758,0.33674514,0.026380356,0.012583231,0.023373086,0.16468163,0.023435475,0.029239548
9595,0.37747177,0.5178428,0.11189196,0.0086787585,0.49993834,0.07113344,0.0014044357,0.2666574,0.30048788,0.34974122,0.0019310769,0.016184175,0.10983116,0.011807517,0.034092106,0.057202574,5.6954712e-05,0.18505184,0.21473823,0.016666288,0.011873267,0.16248633,0.012203269,0.018940553
9596,0.0017866748,0.0032690426,0.00029592606,0.0046868203,0.76554435,0.021215823,3.8912443e-05,0.5951797,0.012177608,0.023105543,0.001407575,0.0005335372,0.0061592436,0.018764094,0.015779087,0.014290005,2.8101437e-07,0.6949963,0.0033706145,0.0010762565,0.0007415717,0.03210946,0.00011728046,7.268037e-05
9600,0.007944396,0.004121819,0.0038201173,0.114622556,0.079841696,0.035494767,0.97153527,0.11505633,0.00199042,0.0012601971,7.675067e-05,0.061529938,0.006609269,0.13821533,0.003010813,0.020539034,0.006597586,0.004689802,0.013790532,0.024166042,0.0049666003,0.049015068,0.0017906791,0.0003234473
9603,0.4180358,0.5685319,0.14249888,0.0076806885,0.47366568,0.03431897,0.0025444794,0.21422994,0.35632086,0.37623978,0.00058029214,0.013334045,0.112688854,0.011033226,0.02712305,0.033152994,6.85374e-05,0.13116693,0.3772537,0.016854256,0.015992314,0.11985681,0.009892658,0.008962477
9607,0.035319194,0.02034837,0.0015404915,0.0017595128,0.16174424,0.066595115,0.0005696849,0.19706221,0.01015793,0.083746955,0.00074511394,0.0006307843,0.8940034,0.0036763707,0.0016227615,0.23642813,3.6436568e-06,0.031799622,0.18988858,0.0015067612,0.00010563718,0.5282815,0.00016560528,0.00015607252
9610,0.3399449,0.2667485,0.018103698,0.010264998,0.29545495,0.101930805,0.0023509357,0.4770324,0.07881993,0.19866031,0.0035791,0.014660403,0.24333301,0.0046866727,0.008823786,0.11340136,4.9939143e-05,0.16344395,0.34332228,0.005403086,0.004799429,0.40216026,0.021228014,0.008717616
9619,0.030848563,0.052962888,0.003927005,0.049853545,0.31455773,0.06392145,0.0020562762,0.7849463,0.028534869,0.052192558,0.023220513,0.042783912,0.03285916,0.02291595,0.033015642,0.08987265,9.5126474e-05,0.5644846,0.019591667,0.0044970475,0.0062117684,0.14019819,0.056691974,0.0061117387
9633,0.34825155,0.14467314,0.0053465264,0.031555466,0.33192557,0.2836215,0.008839451,0.66182953,0.03513829,0.035570495,0.013999098,0.026726332,0.074103795,0.009800022,0.009040493,0.094172,0.00024952163,0.1643674,0.0886312,0.0064798035,0.039069485,0.40239775,0.051512014,0.031222057
9637,0.045445647,0.007871831,0.00010213863,0.0030375163,0.08065792,0.32669044,0.00013498105,0.44881463,0.0011249058,0.02979714,0.016434142,0.0010818883,0.61605954,0.00074775075,0.00091338967,0.551298,3.5310618e-06,0.075875804,0.055392966,0.00045959564,7.877166e-06,0.81246513,0.00033771613,0.00017097643
9638,0.32498005,0.10223173,0.004558045,0.0038602652,0.1597622,0.19910143,0.0025549305,0.21793322,0.01522436,0.06705011,0.0021809079,0.003394498,0.59213084,0.002775548,0.0025410764,0.21515432,4.6279543e-05,0.030291487,0.3059501,0.0039047268,0.000694145,0.63965493,0.0024736987,0.0017116772
9639,0.15128459,0.17634733,0.024895322,0.007397638,0.7556088,0.12174577,0.00064201583,0.34120014,0.17301364,0.11879475,0.0024218122,0.004445107,0.046673752,0.020809276,0.028490115,0.030302813,1.4290245e-05,0.2630995,0.04889284,0.01335327,0.028802736,0.1171167,0.0027059899,0.014933795
9643,0.5679232,0.110308774,0.0031359312,0.006483034,0.36337143,0.52726173,0.0025981183,0.41239798,0.01987086,0.029154839,0.0090025645,0.004824336,0.12035633,0.003114755,0.0037196423,0.15186776,8.09597e-05,0.06751992,0.16247885,0.004976378,0.008769408,0.6351526,0.0073508457,0.0073570204
9645,0.13085026,0.11051741,0.018447498,0.00229998,0.8651761,0.101970136,0.00044274336,0.18010062,0.18278581,0.087619856,0.00058637623,0.0009086031,0.03878604,0.019567529,0.023859622,0.017448645,7.71451e-06,0.20931704,0.07734114,0.009770409,0.04302761,0.087853536,0.0003303064,0.0020293216
9647,0.6248561,0.20764168,0.003918868,0.009329692,0.27604413,0.38944358,0.0022567345,0.4671787,0.020462474,0.040498734,0.008479761,0.011869133,0.0931916,0.0021202182,0.0037827166,0.11574934,7.774876e-05,0.08772172,0.17486276,0.004333213,0.005557061,0.62470233,0.024067013,0.021162998
9650,0.18059024,0.34157363,0.180077,0.0008929107,0.63638264,0.027575841,0.0006877443,0.037623737,0.4320927,0.42089584,7.8897974e-05,0.00061638094,0.42224714,0.011899977,0.031948023,0.03051949,1.2397762e-05,0.03296126,0.2582995,0.026849307,0.003893894,0.09825024,7.820323e-05,0.0009998146
9651,0.3896526,0.13377535,0.005439373,0.018499756,0.5025966,0.38112065,0.004008075,0.5207554,0.03340855,0.026239345,0.0149419885,0.0153101,0.045468617,0.009793129,0.012121779,0.09906185,0.00013088495,0.1846187,0.07240384,0.008483366,0.032284033,0.4426898,0.03493462,0.019088643
9653,0.14633824,0.09295356,0.0051207137,0.04087299,0.39988735,0.088187784,0.023008702,0.67050034,0.02832238,0.018866463,0.0035223253,0.034834225,0.01928808,0.014368911,0.01028109,0.030396523,0.00021161135,0.23470946,0.060552724,0.0054351594,0.060741838,0.16487524,0.09992924,0.0078024147
9655,0.2251081,0.39090827,0.007836174,0.08514913,0.12295593,0.052345406,0.0019217335,0.81096756,0.049798056,0.026986653,0.012397087,0.17943476,0.007528581,0.009450421,0.019377312,0.015446748,0.00015266494,0.296835,0.0055662994,0.0032998614,0.029778203,0.07889631,0.32412326,0.34783885
9660,0.45309088,0.32977885,0.028793395,0.010350632,0.27016297,0.12522282,0.004191964,0.36067414,0.093146674,0.21389544,0.003932444,0.01375987,0.32917088,0.0068524913,0.011166048,0.12213746,0.00012075266,0.09437254,0.33356512,0.009881204,0.0055092764,0.42264423,0.017472273,0.016582722
9662,0.032995697,0.027000636,0.0030301765,0.003010677,0.12687519,0.080256954,0.0010093916,0.21739839,0.014213155,0.14913484,0.0018573815,0.0013771947,0.915884,0.0038649824,0.002938518,0.34020126,1.2150239e-05,0.03619872,0.14864652,0.0031229747,5.643897e-05,0.56597644,0.00030374216,0.0003803963
9663,0.75134766,0.3209563,0.0036685907,0.0011301342,0.05705158,0.024981486,0.0035227737,0.067105636,0.006268396,0.0290407,4.0783318e-05,0.003714908,0.34589422,0.00058759673,0.00042306122,0.05625863,2.3332013e-05,0.008103241,0.89121115,0.00073754945,0.00081870676,0.55471194,0.0035934884,0.00012345013
9665,0.18142633,0.029249676,0.0010722245,0.0026181866,0.4549253,0.43980232,0.00021482771,0.33171597,0.016668852,0.045920666,0.012950365,0.0008292599,0.34312394,0.005965976,0.0072066216,0.28267357,9.564383e-06,0.14238319,0.07002497,0.002752505,0.0012288984,0.6201583,0.00053641055,0.0009721368
9670,0.26291448,0.20122612,0.0044886726,0.026918815,0.29726064,0.1847315,0.0019304327,0.71014404,0.044387445,0.03438923,0.011016075,0.026713323,0.041442227,0.008938748,0.009622195,0.03412023,6.7226734e-05,0.17566794,0.02516092,0.0037017216,0.028197523,0.2131361,0.036844082,0.16350794
9674,0.18234359,0.034875814,0.0004777976,0.011248815,0.1216863,0.48473912,0.0011674527,0.661205,0.003863661,0.02989607,0.0347041,0.007000261,0.19990234,0.0014733257,0.0020867684,0.32477343,4.4727505e-05,0.10592227,0.05913025,0.0015099428,0.00032592242,0.73063105,0.0039600353,0.0050296932
9676,0.000586639,0.0008277478,0.004142969,0.51161456,0.023189927,0.0012862094,0.9995837,0.03991735,0.0022734443,5.705386e-05,6.915795e-07,0.1342643,3.5018675e-05,0.93245316,0.02585532,0.00025469033,0.029911496,0.0009548659,7.148483e-05,0.042284533,0.069548406,0.00046117048,0.00021541104,0.0002533447
9685,0.2284938,0.28505766,0.04036628,0.0039392035,0.28172868,0.042786777,0.0010206953,0.24596883,0.14284241,0.3733283,0.0009439686,0.0061138216,0.49550995,0.005079329,0.012559223,0.10471672,2.2112637e-05,0.1007961,0.30272463,0.007579745,0.00104663,0.2867681,0.0037142092,0.0034112413
9686,0.023212539,0.034523435,0.0019136175,0.061746687,0.45814475,0.029019328,0.0028572571,0.76157165,0.02689979,0.0050457376,0.0023686646,0.023210853,0.0012830673,0.0666645,0.036467046,0.0055730026,4.5247205e-05,0.46383375,0.0016455747,0.0025813882,0.10896771,0.01928881,0.035891984,0.008049009
9687,0.10497807,0.17034353,0.049069636,0.0017311423,0.8121743,0.049575087,0.00041380158,0.15304163,0.29353994,0.1948365,0.00020387744,0.0007340621,0.07560213,0.014642243,0.02359616,0.015533918,4.0493574e-06,0.15273343,0.11059541,0.013248934,0.017076446,0.067546465,0.00013396997,0.0017014955
9689,0.265318,0.30328605,0.076747626,0.006997888,0.76493293,0.1256589,0.0022960464,0.22614658,0.3132341,0.17787533,0.0012281566,0.0047524003,0.0777855,0.024297567,0.030391382,0.032650784,4.699266e-05,0.14873375,0.15359455,0.019986615,0.074627675,0.1255234,0.002777778,0.011871549
9691,0.0058452375,0.0057217716,0.00019081973,0.005290094,0.6831732,0.042408418,5.4497992e-05,0.66618574,0.00599062,0.012716785,0.0023891472,0.0014443131,0.0025067772,0.006449324,0.009285823,0.017608669,4.8768015e-07,0.68555665,0.004747112,0.0007212335,0.00079137424,0.065384544,0.0005777348,0.00015187424
9692,0.3697913,0.12361988,0.003984646,0.00371314,0.42824897,0.4521004,0.00028550837,0.32702327,0.033882767,0.07083907,0.012878674,0.003208825,0.14535281,0.0028360419,0.008740346,0.19601844,1.8998204e-05,0.11683314,0.04711084,0.0055713537,0.001219259,0.54102015,0.0025547845,0.010236122
9693,0.05738453,0.018797243,0.0009830246,0.014253378,0.37406355,0.2541021,0.002961594,0.6615454,0.014240052,0.04286817,0.012043983,0.0032078028,0.22629496,0.009006981,0.004160574,0.19483216,2.970998e-05,0.16701591,0.0816723,0.0026801624,0.0028496769,0.45750123,0.0020072258,0.001609898
9698,0.038136683,0.018594885,0.0026855262,0.03143111,0.70062095,0.12232135,0.012062124,0.46925786,0.044186525,0.007975501,0.0026106122,0.0038298923,0.0056613097,0.12498095,0.033870775,0.014062021,7.5526055e-05,0.22748476,0.007503089,0.0072457525,0.28148705,0.051035147,0.0011312863,0.0043064132
9703,0.0021912246,0.008180578,0.0008770996,0.016922366,0.5084409,0.013015489,0.0002662064,0.7995728,0.026576942,0.036081765,0.0014014262,0.0026618342,0.0079550035,0.025574254,0.012900789,0.011189649,1.9654346e-06,0.5784728,0.0051217247,0.0009258435,0.0028795393,0.0203381,0.0006959716,0.0005160157
9708,0.006311496,0.0063598445,0.00072269933,0.0008317016,0.93790805,0.055344246,1.0116321e-05,0.19559394,0.031193104,0.02480447,0.0006959255,0.00011460627,0.004579518,0.01797231,0.031419978,0.011736392,1.4818448e-07,0.63720274,0.0032394794,0.0029857603,0.0013954173,0.031560376,1.0564506e-05,5.4764416e-05
9719,0.40579,0.054033402,0.00072311517,0.0061651957,0.24289455,0.5942656,0.0008059242,0.543936,0.0072730784,0.024900729,0.017928751,0.003604293,0.12927225,0.0017844576,0.0024001044,0.21831903,2.8294024e-05,0.08204286,0.0634665,0.002244614,0.0012743737,0.70546365,0.0030913488,0.0067678816
9721,0.37660363,0.7806819,0.312584,0.0011053996,0.3754278,0.00820102,7.812639e-05,0.07656973,0.5565177,0.72203076,7.1081326e-05,0.005140284,0.10719224,0.0026586524,0.03334874,0.01942008,3.1351015e-06,0.10138225,0.20376734,0.010632961,0.00047088906,0.048860908,0.00093431433,0.0041910284
9725,0.025643796,0.0152794635,0.0023318012,0.0031418966,0.6941737,0.2586258,0.00018158168,0.2640603,0.03436371,0.07383014,0.012022623,0.0006333473,0.28569967,0.022219608,0.023015339,0.21399495,6.7202886e-06,0.25682676,0.017842777,0.008493997,0.0009690976,0.3188412,0.00012480014,0.00064858224
9729,0.121969655,0.23534304,0.051590238,0.026197277,0.5233029,0.062509105,0.0049521243,0.54391,0.22913617,0.19788057,0.003342476,0.018727051,0.09031193,0.028570304,0.030238753,0.043920618,8.957055e-05,0.24589215,0.09078413,0.017911445,0.034017418,0.10478241,0.014656409,0.02272317
9733,0.07559048,0.022657352,0.00032738232,0.005289073,0.34849846,0.42396906,0.00010946985,0.576796,0.007975385,0.024438443,0.02505285,0.0020442652,0.05834769,0.002458999,0.0045184433,0.1354754,3.8379235e-06,0.1831332,0.005894966,0.0016664307,0.00032208505,0.3974776,0.00045731507,0.008226277
9737,0.028731413,0.016363122,0.0023889407,0.004746091,0.33002943,0.25912702,0.0007732659,0.25512522,0.01883076,0.105796754,0.014250002,0.0013869306,0.75199753,0.01259884,0.011082262,0.437694,2.5296582e-05,0.100472555,0.042586103,0.006738197,0.00018357285,0.5601282,0.00026735457,0.0008370751
9738,0.55540186,0.05626604,0.0011017496,0.013855097,0.34271955,0.7128983,0.0036627601,0.55453956,0.0097001,0.0073679877,0.022554971,0.008129844,0.022244433,0.0046143485,0.0044244924,0.1447708,0.00012499139,0.09373886,0.043552846,0.0035612395,0.025320739,0.62972087,0.00962399,0.008612131
9739,0.0020911111,0.0024719788,0.0002730994,0.012514996,0.7559183,0.02726694,0.00021207493,0.5703621,0.0076922253,0.008574354,0.003285975,0.0012524967,0.0016093372,0.07768373,0.047453925,0.014370182,1.8400464e-06,0.756238,0.0017837978,0.0016480623,0.004076397,0.027108612,0.00037214978,9.5725874e-05
9741,0.08110356,0.029093599,0.0003815583,0.02083604,0.30549228,0.23806952,0.0011064188,0.7998605,0.010397614,0.011190494,0.0131564075,0.0072194636,0.034555156,0.0060149888,0.0035310274,0.052816276,2.0682472e-05,0.19094393,0.012751795,0.0010172554,0.011517126,0.2577853,0.0061849775,0.01390955
9745,0.0074591287,0.010738738,0.0048900563,0.0010433178,0.1267615,0.027934246,0.001389655,0.0430003,0.015842823,0.16704993,0.00020524551,0.000262675,0.97992784,0.008252105,0.0031886613,0.2956917,7.886314e-06,0.008870448,0.118649706,0.0064424654,1.2563679e-05,0.4394914,7.769412e-06,5.56755e-05
9747,0.2494797,0.07534803,0.0017910865,0.03028693,0.4306247,0.27869877,0.0035327272,0.6555884,0.012074273,0.0044775675,0.013726612,0.031795908,0.006712724,0.008693588,0.011650689,0.04704057,0.00012325746,0.2536441,0.011433975,0.0043619927,0.039056294,0.27856117,0.15120022,0.010170134
9750,0.24888928,0.14478914,0.007871794,0.015796091,0.18192767,0.089342155,0.012951067,0.44289684,0.02715838,0.09140709,0.0027413368,0.015482542,0.38142464,0.0054851864,0.0039657587,0.16110721,0.00012463458,0.085891835,0.50093615,0.004262612,0.0038647128,0.49738327,0.020135496,0.0026408427
9752,0.062777884,0.21297596,0.17812935,0.07919018,0.40483493,0.018232303,0.21079926,0.2752471,0.27543747,0.18864965,0.00076283823,0.045103744,0.055731278,0.11536914,0.05610768,0.028799755,0.0015112308,0.10868274,0.084107816,0.097807705,0.030602034,0.039589643,0.010563236,0.010138262
9754,0.6030654,0.59517574,0.032659065,0.0125929145,0.17272925,0.07742265,0.0010347323,0.45217103,0.08643698,0.24131173,0.0042559463,0.052159846,0.09032906,0.0022807817,0.010800971,0.0651724,6.49388e-05,0.15688594,0.18524031,0.006388157,0.0022029704,0.33745664,0.0922221,0.069730885
9760,0.07945214,0.019765219,0.0011619522,0.0077683167,0.5527309,0.3067826,0.0014751492,0.48767433,0.017567374,0.03476327,0.012586732,0.0016705823,0.22001033,0.013358132,0.007527527,0.18739073,2.6030855e-05,0.19938721,0.058573525,0.004369199,0.0045347726,0.4515834,0.0011693364,0.0011911909
9762,0.12276763,0.041858464,0.002780047,0.011346192,0.33550683,0.3705532,0.0027569444,0.46538028,0.020425774,0.06817427,0.021788782,0.0051944694,0.37767223,0.008414426,0.008471084,0.33797163,8.9240944e-05,0.13428633,0.084765516,0.006576368,0.0015985142,0.5897143,0.003196373,0.003423343
9765,0.15563245,0.12908748,0.021293731,0.0058911606,0.50863254,0.35527852,0.00070744683,0.22980285,0.09884003,0.17495625,0.018355077,0.004506495,0.30646065,0.014668134,0.037282158,0.29540065,6.502234e-05,0.15789518,0.043766547,0.018692285,0.0021238138,0.40561053,0.0018066689,0.010320227
9766,0.028077392,0.007960602,0.0003063053,0.010230143,0.3356529,0.27492666,0.00069851655,0.64352345,0.0056147496,0.036697507,0.02843208,0.0019024634,0.26492772,0.006631581,0.005031951,0.3436496,1.3369951e-05,0.2755254,0.046208575,0.0015973465,0.0004844788,0.56411564,0.00089339324,0.00040489368
9772,0.33858365,0.0102623105,5.989519e-05,0.012814189,0.26513702,0.8705765,0.0014999927,0.67894006,0.0012881967,0.0008679396,0.054339495,0.004752197,0.003107398,0.0027596476,0.0023686928,0.13608013,4.431859e-05,0.09272823,0.0026526751,0.0013191937,0.004965013,0.6038086,0.001839319,0.0066927653
9778,0.6470324,0.4323967,0.0044494336,0.025028242,0.05956629,0.051264968,0.0063984804,0.5630989,0.008861465,0.022057422,0.0020362893,0.14557286,0.030181058,0.0008515242,0.001934192,0.04289589,0.00020532594,0.09449204,0.17712079,0.0020906713,0.0024889081,0.40299478,0.56907845,0.014614063
9786,0.0036787293,0.0049675857,0.0032521016,0.07633395,0.70902395,0.039611805,0.037290636,0.31406504,0.023160413,0.0028477723,0.001748141,0.006700675,0.00044552577,0.50953174,0.1845103,0.0057307663,0.00012342555,0.33901766,0.00042933633,0.023624472,0.10718241,0.008627101,0.0005872202,0.0017359629
9788,0.55536944,0.64949656,0.046720438,0.014077378,0.18519427,0.07488879,0.0006812516,0.42997587,0.11389871,0.28973737,0.0050025983,0.06546937,0.0569138,0.002570795,0.01652382,0.058508575,6.342044e-05,0.19261539,0.10491967,0.0080419285,0.0018289987,0.26076466,0.081063986,0.11316824
9789,0.12159315,0.07689913,0.002050959,0.05507846,0.26543632,0.12217108,0.0059158374,0.7987659,0.012378648,0.011014687,0.015574858,0.06456164,0.007986331,0.009528973,0.012839471,0.049911894,0.00018073009,0.38386396,0.018085036,0.0037206023,0.0150543265,0.19511743,0.18479541,0.010691463
9795,0.23057708,0.20856199,0.007773865,0.015089775,0.39523202,0.22022353,0.00083719235,0.5213251,0.061603684,0.05932385,0.011438014,0.014391558,0.059177104,0.0116402935,0.016177535,0.04171023,4.4963876e-05,0.15745428,0.017018659,0.007005776,0.010557112,0.19245796,0.009631018,0.17822969
9796,0.010819026,0.014065578,0.004870338,0.0020213404,0.23537599,0.05866094,0.0007114426,0.1410641,0.026499715,0.20471,0.0014624624,0.0004924668,0.9465672,0.009506883,0.0065011303,0.31811565,8.846355e-06,0.043308295,0.0914851,0.006871053,6.061538e-05,0.45877674,4.6980516e-05,0.00016934262
9798,0.103215516,0.11537625,0.015085955,0.008575085,0.7230041,0.15841402,0.00039953156,0.36609587,0.10998335,0.117767096,0.00853896,0.006601537,0.049941137,0.025576398,0.05340141,0.088111684,2.1324178e-05,0.4478198,0.035028692,0.0127443895,0.009950201,0.16302255,0.0039555295,0.0062648715
9811,0.15309407,0.41139156,0.15817666,0.002750545,0.71851337,0.02215443,0.0003733989,0.18012102,0.48122522,0.4115416,0.00015363753,0.0023528521,0.072531536,0.012057063,0.03028926,0.013073387,5.3486992e-06,0.1744733,0.18523005,0.013050451,0.013694198,0.047645498,0.00058120856,0.0033832313
9812,0.6726248,0.5895308,0.036392044,0.00091909384,0.14873095,0.006745063,0.0011373173,0.05511647,0.09358906,0.21592234,1.0936371e-05,0.0039040982,0.29898533,0.0016034157,0.0028296614,0.021935366,9.926514e-06,0.021753918,0.8922808,0.0016823577,0.0019291276,0.24020287,0.0022625271,0.00033372492
9817,0.7122555,0.38638064,0.012480198,0.0038625859,0.22755547,0.1343919,0.0014923782,0.23403972,0.041322265,0.1001711,0.001354141,0.008258876,0.19825806,0.0018567514,0.0039210594,0.08706463,4.929602e-05,0.058963552,0.55116874,0.0033495731,0.0039929813,0.5497737,0.01728196,0.0049962196
9819,0.16822033,0.1910827,0.04145212,0.02454709,0.6637517,0.081573784,0.011737414,0.42990187,0.17325887,0.10902726,0.0024613033,0.0150377,0.058084644,0.03429314,0.027730167,0.035384595,0.00016876875,0.23567176,0.14007354,0.021071605,0.08133101,0.118595965,0.020707922,0.010115066
9823,0.44511914,0.4726395,0.09622185,0.024894737,0.38300332,0.034280412,0.023623358,0.2971294,0.25713104,0.20343436,0.0007727963,0.02674229,0.10442395,0.023554923,0.02223498,0.033117287,0.00040336096,0.10198734,0.42175764,0.018967533,0.08131633,0.13664944,0.033998184,0.011578897
9827,0.00047919535,0.001855829,0.0001515749,0.00455684,0.7386389,0.004336549,3.1451124e-05,0.68318737,0.009096393,0.014712548,0.00018908644,0.00036686592,0.0012215258,0.015736127,0.008386562,0.002425971,8.592536e-08,0.7211531,0.0014542049,0.00040517302,0.00060471543,0.0068508433,4.646394e-05,3.1860684e-05
9828,0.010087525,0.022840213,0.012301111,0.04415285,0.41398656,0.03494528,0.055062536,0.5496075,0.051297843,0.11907798,0.0024292506,0.010437278,0.26118505,0.049199406,0.015173451,0.09165806,0.0002051688,0.19683667,0.13328427,0.014362194,0.0062276195,0.15603851,0.004083161,0.0010039356
9831,0.0045630955,0.008058226,0.0009380562,0.010241559,0.62154984,0.038720276,0.00028538835,0.69129634,0.020475281,0.057006434,0.003987321,0.0018092885,0.030337526,0.017383367,0.013943347,0.046451267,2.3224156e-06,0.5869807,0.016611706,0.0019735657,0.0011620318,0.0844706,0.0006199536,0.0002714663
9832,0.025507674,0.020793304,0.002104395,0.013077287,0.74654853,0.04562881,0.0030052816,0.49824408,0.054195296,0.01543918,0.000475051,0.0015967321,0.0055747977,0.0466728,0.01258112,0.005281214,1.0370928e-05,0.25248078,0.011462231,0.003501666,0.1267186,0.029448796,0.00036253344,0.0022047258
9840,0.040390883,0.017539637,0.00083463837,0.025573868,0.6204473,0.08408111,0.0025373541,0.6613109,0.023919998,0.0041053975,0.0021119115,0.0045189573,0.002289836,0.050563093,0.017702114,0.008188708,2.4692297e-05,0.31936347,0.0039570853,0.002150723,0.18594271,0.044829246,0.0037120483,0.0030565916
9841,0.24304487,0.096687235,0.004322327,0.053721584,0.42440185,0.09115085,0.022570338,0.48935512,0.063452475,0.00244801,0.0006397458,0.020478833,0.0042993245,0.07657406,0.017837698,0.004355873,0.00032263645,0.07448031,0.008584885,0.0020737464,0.8890377,0.04212852,0.035048135,0.021488192
9845,0.07938749,0.072569445,0.013571433,0.006405936,0.75748885,0.19146146,0.0006402652,0.29373348,0.10589279,0.10724444,0.0068328315,0.0027247726,0.12989013,0.02976845,0.03751703,0.106270224,2.2361723e-05,0.30066907,0.04832823,0.014660769,0.01042555,0.2060323,0.001386477,0.0028637352
9849,0.2208987,0.06997139,0.00500625,0.011185962,0.65023375,0.4565948,0.0017825806,0.45916513,0.05851514,0.042032376,0.013586647,0.004459425,0.047210876,0.018129883,0.017699957,0.11039995,5.8564845e-05,0.18473543,0.04059208,0.0103254,0.031161144,0.3331145,0.0030649144,0.011123136
9852,0.023503615,0.02689654,0.005017952,0.026903538,0.5826693,0.06118008,0.010901422,0.60095954,0.06581714,0.04583868,0.0016135343,0.00402948,0.06444407,0.04573324,0.011123676,0.025860852,4.4546166e-05,0.19440836,0.043045808,0.006060454,0.045771047,0.0859004,0.0014940682,0.003175466
9858,0.0058214613,0.0059393574,0.00050241646,0.012779625,0.6562324,0.043882005,0.00054151175,0.68520176,0.0130041195,0.020471262,0.003180888,0.0019483113,0.00973558,0.024074936,0.013816119,0.025379322,3.462808e-06,0.56623274,0.009566188,0.0017423126,0.0032768515,0.066357605,0.0008518991,0.0002816302
9860,0.06762603,0.026246572,0.0007453788,0.0069774794,0.103124455,0.19607994,0.001098719,0.5136026,0.005233472,0.06403702,0.0070759496,0.0031914073,0.6429434,0.0018197205,0.0014956127,0.36835974,1.3432048e-05,0.06746348,0.13833134,0.0012098576,8.3441606e-05,0.6842871,0.0013392073,0.000846574
9863,0.10566893,0.094476864,0.014953673,0.011087338,0.61855614,0.118622296,0.0026623535,0.4606088,0.09261664,0.13431892,0.004998482,0.0064326897,0.18003918,0.019399237,0.021479238,0.10417957,5.3305004e-05,0.3050702,0.19797719,0.009426016,0.015851088,0.25537592,0.0071053444,0.0025019026
9865,0.025338756,0.011769793,0.0017129927,0.11202325,0.34325987,0.1342063,0.10950309,0.7362319,0.01811305,0.0035421688,0.0035157388,0.021505984,0.0026427389,0.13986474,0.020306405,0.014226532,0.00047109937,0.15864554,0.004069467,0.0057202256,0.2178093,0.048413754,0.0069418424,0.008458538
9872,0.042204957,0.024218803,0.0015771473,0.0032071199,0.74282384,0.15899768,0.00013739771,0.44410238,0.034887593,0.052889537,0.0034918096,0.00092966395,0.040845636,0.009221037,0.012411768,0.05942459,2.4756193e-06,0.37101656,0.02813339,0.003289211,0.0029334915,0.19063504,0.0003336918,0.00077597686
9874,0.10940009,0.08238227,0.0141518945,0.017901879,0.57579046,0.15305328,0.0065746238,0.47537914,0.09752758,0.104995705,0.0061115967,0.006001263,0.23996559,0.034216072,0.018587627,0.10288689,9.394269e-05,0.19893773,0.14851841,0.011020402,0.041153304,0.27720582,0.0053501334,0.006047482
9879,0.0061322595,0.016355954,0.0017340535,0.022889117,0.5547615,0.027470766,0.0003473678,0.7257388,0.025803708,0.03783085,0.0063201296,0.007514226,0.008316745,0.040020883,0.038659986,0.026753921,7.1543413e-06,0.70853937,0.005874023,0.0025592237,0.0041239313,0.040700525,0.0040019634,0.0010871558
9880,0.0055991122,0.009596355,0.00079450017,0.022709768,0.4845101,0.030250402,0.0016291667,0.7897316,0.019396603,0.025005713,0.0017480977,0.004097282,0.013977499,0.01834609,0.006886092,0.015903525,6.7340757e-06,0.38567212,0.010135085,0.0014425803,0.004344714,0.042517338,0.0013994004,0.001044457
9882,0.15561147,0.13372108,0.014852168,0.030702727,0.2372887,0.15039608,0.013528385,0.6133362,0.06055926,0.17751177,0.012164599,0.023123704,0.35903448,0.01223218,0.010598228,0.20121469,0.00026155336,0.14958055,0.21561378,0.0098300185,0.00516348,0.42276645,0.019980578,0.015202243
9888,0.5781681,0.34481317,0.0016600353,0.04483016,0.033185046,0.038432382,0.011556632,0.6754347,0.0031433527,0.0054102116,0.0019547876,0.27950078,0.00928039,0.0006250938,0.001201877,0.024653362,0.00034461095,0.09157996,0.05540819,0.0012383142,0.002233425,0.30278656,0.8241136,0.013549612
9891,0.04530526,0.44570667,0.40135834,0.015820293,0.77595186,0.035061713,0.00083303254,0.2503148,0.65019614,0.39511645,0.0016162697,0.014337367,0.010645352,0.06149039,0.16467638,0.014258364,3.226087e-05,0.3445671,0.009599288,0.090764634,0.0147156585,0.012416613,0.0014023328,0.043989535
9896,0.6275101,0.10452346,0.00056309457,0.0043255626,0.21622382,0.6235213,0.00033975576,0.53450894,0.0059499075,0.017246494,0.012801348,0.004264505,0.050593928,0.00056443416,0.0014338327,0.12017873,1.5801144e-05,0.06850365,0.054913763,0.0014826286,0.0010016216,0.7215138,0.0047101066,0.018504925
9900,0.06040098,0.010869509,0.00022645121,0.027007945,0.16373006,0.4920136,0.0038450672,0.76644593,0.0025486108,0.012094648,0.05506245,0.009756938,0.09543436,0.004486437,0.0028521153,0.29338634,9.348461e-05,0.15959893,0.023293028,0.0014042952,0.00090112345,0.6075277,0.0044790558,0.0028948302
9907,0.37958354,0.08328543,0.0021498767,0.006757837,0.5710226,0.4367829,0.0010224909,0.47342613,0.03285746,0.022115713,0.0067653405,0.0035688127,0.03775375,0.0064335344,0.0061226827,0.0586612,2.8911769e-05,0.12560803,0.057157435,0.0038354576,0.0277481,0.38322955,0.00333119,0.012830861
9911,0.4383168,0.13841936,0.0029482113,0.0037930734,0.15208478,0.22519131,0.0012133255,0.28136748,0.011840684,0.06082176,0.0026026457,0.0043084403,0.42358854,0.0015451757,0.0019587798,0.1757294,2.4041432e-05,0.038567405,0.27281973,0.0024127387,0.00052788656,0.663379,0.0038879635,0.003928938
9912,0.5926635,0.06575769,0.0010038008,0.0066528306,0.41267577,0.6868111,0.0016013766,0.44952476,0.009688876,0.009268622,0.0150414705,0.004523675,0.030159405,0.0022971816,0.0031632234,0.14024323,5.5414523e-05,0.08077075,0.054538596,0.0032598889,0.008585964,0.65707207,0.0069280434,0.005923273
9914,0.38874745,0.122078,0.0018169398,0.013991312,0.18591024,0.3668138,0.002049482,0.6094172,0.012238768,0.035075966,0.017528154,0.014246219,0.13757423,0.002286366,0.0034895905,0.14039102,7.1860806e-05,0.1048349,0.070268214,0.0029522819,0.0027309863,0.5941811,0.017404733,0.029709255
9916,0.10332045,0.025630293,0.00079264294,0.0042838366,0.7214606,0.47661352,0.0001678399,0.43125263,0.01704641,0.015795942,0.01580227,0.0015569199,0.014432821,0.0064692087,0.012246927,0.11193341,6.767779e-06,0.2907973,0.009151547,0.004005363,0.0030092075,0.30882314,0.0006829616,0.0019571828
9921,0.8129221,0.54640424,0.011771617,0.0015888603,0.08072019,0.026440438,0.0016778094,0.09082819,0.022733705,0.10691626,8.827926e-05,0.007529935,0.22803259,0.0006725115,0.0012726028,0.046021625,3.1473537e-05,0.019287048,0.86388713,0.0013497575,0.000886899,0.4808074,0.008694439,0.0007440776
9925,0.15423714,0.19306551,0.01143398,0.024909433,0.33190876,0.14453243,0.0019518335,0.66574764,0.07906203,0.10204894,0.01166637,0.025122436,0.06531403,0.010039803,0.015692288,0.06607987,7.397705e-05,0.23229,0.034133922,0.007651469,0.009601373,0.19418803,0.01664511,0.06456834
9934,0.56909907,0.10225862,0.0015656808,0.006001553,0.40135533,0.5901333,0.0008993324,0.4433127,0.014877304,0.018129447,0.012047216,0.004669506,0.0492117,0.0023896024,0.0038723126,0.11264749,3.866144e-05,0.086211845,0.060024206,0.0034737312,0.0063715684,0.61127007,0.006536183,0.013929004
9936,0.010121241,0.013780017,0.0006285054,0.06420182,0.20693465,0.06612326,0.007989071,0.8754421,0.0192678,0.010174594,0.0036095902,0.0130950725,0.015093214,0.03092476,0.004969017,0.014072211,5.0529947e-05,0.15650089,0.003933083,0.0010114695,0.020566761,0.04385415,0.0030077659,0.021019159
9940,0.01625457,0.01362766,0.0006919591,0.034035236,0.3573021,0.11523997,0.0023360671,0.8136278,0.012863983,0.026013415,0.016402716,0.008969587,0.04604599,0.02034265,0.009970284,0.08212459,3.485971e-05,0.38244024,0.018031757,0.0018659454,0.0057075773,0.1821803,0.0054024174,0.0033805477
9941,0.30802357,0.5871253,0.16578142,0.006054274,0.353692,0.020363998,0.00094080885,0.23867904,0.37880784,0.5136408,0.0005852429,0.015390779,0.14619382,0.006980523,0.03223831,0.048095528,2.6590415e-05,0.16512133,0.24058095,0.015890442,0.0027512473,0.10948224,0.009165173,0.007247481
9945,0.591443,0.49285826,0.03483858,0.0025205456,0.20162949,0.033703785,0.0010060756,0.17493223,0.10621226,0.27788803,0.00031085967,0.0068065063,0.34033674,0.002603062,0.0059218947,0.056081653,1.9769052e-05,0.054974213,0.599755,0.0036036766,0.0019423779,0.33591858,0.007182045,0.0037477592
9949,0.019365055,0.02425137,0.0029152995,0.0059133954,0.48963735,0.052412912,0.0005930504,0.55059403,0.03532992,0.15146556,0.0025464674,0.0018956377,0.35051793,0.008142204,0.0075522684,0.13473682,4.5017623e-06,0.34525123,0.15748686,0.0020338062,0.0011175908,0.2649763,0.001097307,0.00022819424
9951,0.042005252,0.01144586,0.00044325943,0.007041342,0.7108592,0.32211417,0.00058273226,0.47752613,0.0096083945,0.0066008773,0.010182041,0.0019620818,0.0070261657,0.014119911,0.0127933305,0.051271442,8.342076e-06,0.3026853,0.0037408543,0.004040299,0.0037819978,0.163099,0.0007319521,0.0016001816
9952,0.058570147,0.033049643,0.001842312,0.008842297,0.7080635,0.20369156,0.00027433404,0.4790477,0.023469126,0.03129707,0.013550614,0.0050573824,0.019906351,0.018849352,0.03304643,0.089811385,9.767457e-06,0.5413817,0.015805457,0.0045075454,0.0052189305,0.20906158,0.0031736374,0.0022010386
9961,0.024844028,0.019687446,0.001210777,0.019898325,0.47728938,0.11737607,0.0016600488,0.7351824,0.021908985,0.043598514,0.009721891,0.0050296625,0.0986231,0.015722737,0.008927358,0.0950047,1.8367067e-05,0.34868956,0.036476925,0.0024841418,0.005528997,0.2154371,0.0036732717,0.0020921133
9965,0.33249265,0.1647739,0.0031012117,0.030047096,0.17202447,0.21506497,0.0054113124,0.69461346,0.016199796,0.032579716,0.0151404515,0.039469857,0.09304812,0.0035327035,0.0048227482,0.10218497,0.0001824889,0.13747248,0.07074509,0.0033571522,0.0063493485,0.45001802,0.07917215,0.03460489
9967,0.12550184,0.031422645,0.0010689135,0.009782088,0.33134648,0.36286184,0.0013653934,0.56018305,0.011288299,0.045579974,0.02113845,0.004098508,0.24678285,0.004908079,0.0053984476,0.2879453,3.5606772e-05,0.1751098,0.080105014,0.0032032214,0.0012977857,0.60176873,0.0031504803,0.0022311436
9968,0.5034148,0.32432866,0.0179205,0.0019881793,0.6208502,0.2748525,0.00011644914,0.17198922,0.116640985,0.13721265,0.002421213,0.0031111094,0.10099422,0.004470599,0.01584798,0.057764098,8.746987e-06,0.11198948,0.07885193,0.0065982826,0.003692685,0.3126236,0.0021680414,0.024058139
9975,0.03193644,0.04240231,0.008607178,0.0047545386,0.78014743,0.1175902,0.00038513413,0.33250022,0.110565394,0.10885634,0.0027105657,0.001070389,0.08362418,0.022932397,0.02374351,0.0513958,6.531237e-06,0.28053042,0.02757686,0.010233759,0.0069737937,0.11623447,0.00021179445,0.0018230451
9977,0.08446592,0.07183298,0.010330889,0.0032868655,0.22571768,0.06436386,0.0016745554,0.20045894,0.04396542,0.19310406,0.0011565252,0.0018953402,0.8162974,0.006278497,0.006319441,0.21261366,1.888217e-05,0.052019287,0.26472092,0.005336312,0.0004537946,0.46054503,0.00071673054,0.0006732954
9983,0.33341604,0.28389835,0.045029372,0.0029376016,0.58287895,0.23794699,0.0006860423,0.13063884,0.17541535,0.20892723,0.0025458364,0.002992159,0.2395558,0.00852294,0.023849424,0.10111774,3.7118152e-05,0.06673043,0.08715624,0.018998245,0.003178787,0.28393427,0.0012319267,0.014831183
9984,0.04539067,0.050292913,0.012536611,0.023286259,0.28233775,0.09423802,0.05263478,0.32228875,0.029724048,0.088116765,0.0038758458,0.013507111,0.52692294,0.019102436,0.0088928,0.23482186,0.00044056177,0.07320951,0.17982376,0.019333623,0.0024147192,0.35755843,0.00495345,0.0016055575
9986,0.02180055,0.021073518,0.0020389569,0.017137412,0.5856309,0.06444255,0.0025213682,0.6656735,0.038011152,0.044906933,0.0024373762,0.0032006619,0.05164306,0.022039007,0.008903785,0.035611916,1.3402581e-05,0.3111537,0.038915757,0.002906256,0.014072582,0.11249473,0.0017738322,0.0016704892
9993,0.16307588,0.15026551,0.01833001,0.019535948,0.48550385,0.14603464,0.0039031024,0.48888293,0.08674426,0.13631174,0.010063422,0.01716462,0.22067489,0.016843205,0.022523602,0.13676769,0.00011520758,0.24086766,0.1245448,0.014337111,0.01183457,0.31394723,0.023953032,0.011324956
9998,0.46541423,0.09638723,0.0030609013,0.0087209875,0.33017683,0.4990336,0.0059008226,0.36648637,0.012774988,0.022632008,0.010109896,0.007278383,0.1380148,0.00399493,0.0039521735,0.16917533,0.00014350392,0.06093129,0.11322673,0.0068742875,0.003980814,0.622458,0.008472406,0.009051691
10002,0.12587418,0.46716043,0.14077395,0.019319696,0.58453095,0.036527433,0.0006940792,0.37706682,0.3658984,0.301203,0.0030386297,0.03521899,0.016196594,0.02655252,0.092014804,0.022911856,3.5329587e-05,0.41949114,0.02082408,0.028438373,0.009518525,0.03520227,0.01345795,0.04991667
10003,0.7430494,0.41164675,0.0071422854,0.0071009896,0.13515508,0.16415472,0.0019155608,0.34785444,0.018971799,0.06999288,0.002726568,0.021133482,0.13169406,0.0010339357,0.0023948424,0.08959038,6.678253e-05,0.059403013,0.40933877,0.0028172708,0.0021011862,0.6131286,0.05456328,0.016350407
10009,0.21600473,0.046462797,0.0010647039,0.009165485,0.46723083,0.48732725,0.00090982893,0.5647037,0.016736101,0.019081196,0.016643703,0.0039328714,0.046150453,0.0052465685,0.0058395322,0.11532046,2.6034133e-05,0.15017068,0.02140573,0.0037633092,0.0066443123,0.4254513,0.0026132492,0.009476144
10011,0.4643231,0.4048019,0.018460514,0.0019837127,0.1300542,0.035880048,0.00039082547,0.24267808,0.06955625,0.3675412,0.00056024437,0.005067324,0.4595282,0.0009785151,0.004967157,0.10775757,7.2769503e-06,0.079339765,0.4726039,0.0025454334,0.00021600482,0.41039047,0.003538777,0.002216707
10013,0.14308338,0.09722591,0.012649776,0.07338532,0.5202205,0.103846565,0.038100146,0.57783556,0.120474964,0.013068423,0.0019464969,0.01798108,0.010572015,0.09253919,0.026058875,0.011347712,0.00036681473,0.13249193,0.019645318,0.008045056,0.7153435,0.05455126,0.017260918,0.02331716
10015,0.03575903,0.043867502,0.014972325,0.0022232768,0.87055385,0.10651258,0.00038451672,0.12203843,0.1518148,0.09676442,0.00097280025,0.00041727317,0.09128936,0.035518553,0.0373675,0.03414996,7.018367e-06,0.19534737,0.023458721,0.021755375,0.009128768,0.08504261,3.9243292e-05,0.0010053503
10016,0.05326675,0.038816907,0.0016158742,0.07125798,0.17041135,0.18958473,0.009543719,0.84441644,0.014673689,0.027927836,0.035389803,0.046240386,0.07334756,0.018612806,0.010965761,0.12981795,0.00032973377,0.26879472,0.029220054,0.002642822,0.012237131,0.28530803,0.036923636,0.020289617
10019,0.058257483,0.013885235,0.00031326295,0.018680459,0.36992723,0.30002367,0.0021101758,0.77112514,0.0062074163,0.01197669,0.018396432,0.0048965225,0.035918638,0.006483697,0.0038647787,0.11418355,2.7276894e-05,0.25453502,0.028083684,0.0015275236,0.00481719,0.3759218,0.0038476123,0.0020178817
10026,0.07601273,0.025608672,0.0007755454,0.00911734,0.15237655,0.27746823,0.0012896159,0.56242305,0.0061533917,0.059972916,0.01592637,0.004110388,0.49034795,0.002273707,0.0023040967,0.37532392,2.5205676e-05,0.10572099,0.09952831,0.0017926233,0.0001736461,0.6809348,0.0020599116,0.0014378829
10033,0.34373945,0.20154426,0.02312128,0.06194821,0.47857597,0.19876397,0.03847241,0.38845268,0.12467569,0.020406468,0.0032776494,0.027349927,0.012497671,0.074521266,0.035267048,0.019341916,0.0007419869,0.09120059,0.031345114,0.015411357,0.52518797,0.10024021,0.020446064,0.06746188
10036,0.107424624,0.0894278,0.022859143,0.004639718,0.8501864,0.17365626,0.0018717385,0.14712355,0.16351661,0.07072924,0.001635191,0.001546427,0.05624832,0.038905904,0.037355572,0.032901533,4.0029285e-05,0.14888982,0.03337953,0.029264655,0.03417961,0.10348827,0.0003212656,0.005002539
10040,0.009961166,0.007233281,0.0060683438,0.19834112,0.10495688,0.062167924,0.9230532,0.27670375,0.0057600364,0.0027761965,0.00063518435,0.10808946,0.0068518524,0.2558067,0.011441336,0.026717357,0.010484788,0.017685886,0.009619013,0.026932063,0.015798071,0.04887778,0.0070205354,0.0020201232
10043,0.26103872,0.1811722,0.01289929,0.008831462,0.38042083,0.14109369,0.001849704,0.4709943,0.06774384,0.1522029,0.0047553647,0.009007083,0.22296657,0.005368689,0.009959398,0.12904389,4.5403674e-05,0.18014352,0.24790503,0.0063905604,0.004592082,0.3966927,0.0118582435,0.005606795
10047,0.01737975,0.03184832,0.007814688,0.0076474696,0.65758103,0.06410625,0.0005163547,0.45593232,0.0677542,0.14549418,0.0041197874,0.0023291225,0.14446808,0.02560228,0.02728942,0.0907744,8.600866e-06,0.43625912,0.055785693,0.0070661395,0.0030105368,0.14957213,0.0009034275,0.0006849794
10048,0.004240902,0.0057800366,0.0006374391,0.015107347,0.61043054,0.033003822,0.0009182776,0.72016776,0.019113818,0.021936057,0.0015065366,0.0016199604,0.008288795,0.026329387,0.009768823,0.015157718,3.3409053e-06,0.433905,0.007570994,0.0017036247,0.004725791,0.0404914,0.00038365243,0.0004186713
10049,0.0026837196,0.0047039073,0.0002783378,0.0030927057,0.7693926,0.016565409,3.917983e-05,0.60909927,0.013289891,0.022807643,0.00041398898,0.00044819768,0.0033087833,0.008637152,0.0072319936,0.0063471743,1.6158738e-07,0.62969315,0.005317684,0.0006691579,0.0010341915,0.024516482,6.851663e-05,8.581281e-05
10055,0.031147808,0.016484756,0.0010834323,0.0042302897,0.13018358,0.16120839,0.00082989637,0.3441794,0.007419248,0.09398118,0.004596505,0.001423616,0.86080855,0.0034765883,0.0019740637,0.3673687,1.1003545e-05,0.044195946,0.08339032,0.0020237716,4.986077e-05,0.6131849,0.00030414,0.0006566541
10059,0.4426694,0.06508458,0.0015135717,0.00905561,0.48513982,0.66158015,0.0015788369,0.44649094,0.017183987,0.01144952,0.016282927,0.0047211307,0.023235856,0.0055376193,0.006237451,0.100780934,6.1051396e-05,0.09351923,0.024865402,0.0049688183,0.015919967,0.4826183,0.0034103207,0.015401229
10060,0.19395955,0.020075213,0.00029221436,0.010598798,0.25372854,0.66984427,0.0010903758,0.6384186,0.003911428,0.012414498,0.052367695,0.004211692,0.06336768,0.0033445018,0.0036891687,0.27626857,4.537744e-05,0.13616525,0.023982547,0.0021011103,0.0013139322,0.6720669,0.00203531,0.0048008566
10070,0.19888406,0.073073134,0.005998431,0.0040926035,0.45019928,0.25334,0.0013223228,0.2551946,0.04521072,0.08554219,0.005097247,0.0020342998,0.540973,0.009732124,0.008838256,0.19440164,3.7756192e-05,0.07971459,0.13572802,0.007470476,0.004037387,0.50012314,0.0015005784,0.002788665
10076,0.42368647,0.109985836,0.0028805388,0.0070147538,0.32625768,0.39331225,0.0014215981,0.46705082,0.02095108,0.049818367,0.011808857,0.005401631,0.18312956,0.0027852207,0.0046473234,0.20097241,4.8728893e-05,0.11317199,0.17430368,0.0038208032,0.003971274,0.64040446,0.009284802,0.0052223406
10080,0.6460061,0.20089842,0.0038527441,0.010924912,0.23453714,0.34260973,0.004878026,0.4408413,0.012634171,0.026609441,0.0078770155,0.016744757,0.09190533,0.001695841,0.0027950385,0.14171796,0.00014317641,0.08323969,0.2931512,0.004448563,0.0055160443,0.6677971,0.05808187,0.007218531
10082,0.65563923,0.3155021,0.009825935,0.0027830321,0.35806173,0.21524133,0.0006022956,0.2427104,0.050320204,0.10067551,0.0019066583,0.00432924,0.22228679,0.0025360521,0.005184787,0.085839294,2.2911816e-05,0.068927504,0.3507561,0.0032711735,0.0049091172,0.5369685,0.008377375,0.009339755
10084,0.34414974,0.06886165,0.002312195,0.0054457276,0.48114085,0.60594934,0.0006763146,0.33391684,0.022392444,0.03455173,0.021400811,0.003131921,0.1319404,0.0053907693,0.009108403,0.21254618,4.3537046e-05,0.10234586,0.03099332,0.007156891,0.0028962898,0.55967665,0.0022026184,0.012210231
10088,0.01210144,0.03345518,0.02530324,0.08432913,0.27284202,0.050787825,0.13423647,0.52688456,0.06783687,0.14809375,0.005700943,0.030875186,0.28081605,0.10510574,0.025831474,0.12402814,0.00111964,0.13317344,0.0794666,0.029048368,0.005543147,0.13696511,0.0056919577,0.0054726517
10093,0.0117060775,0.011894741,0.0012452145,0.008246702,0.6449154,0.082812704,0.00026786458,0.5979086,0.022311157,0.06770495,0.007501051,0.0018752447,0.081211664,0.019210363,0.017500674,0.101352125,4.226137e-06,0.55406123,0.033627532,0.0025198802,0.0017897715,0.18284512,0.0008684397,0.00034022218
10094,0.20729747,0.043722585,0.0018891466,0.015940892,0.5478214,0.33921477,0.0060191615,0.58392847,0.02221289,0.016652135,0.0091007305,0.0061258404,0.037770465,0.01238414,0.0069149355,0.07709897,7.768428e-05,0.17129612,0.05962773,0.0048621446,0.038668893,0.34647158,0.008633409,0.00500374
10096,0.024052719,0.020600513,0.0006136453,0.027970113,0.24838604,0.12286767,0.0014199892,0.83487546,0.011868567,0.03201388,0.015128852,0.009519307,0.0779573,0.007671731,0.005076195,0.09549142,2.2587543e-05,0.29340053,0.019862244,0.0011802021,0.00260087,0.22893272,0.0053744363,0.005128265
10098,0.045661096,0.022320906,0.0018078921,0.0073672067,0.65826905,0.16124931,0.00074484304,0.51401615,0.028705284,0.054290906,0.0069785933,0.001969248,0.10419036,0.015677065,0.013021341,0.10769496,1.16726815e-05,0.368632,0.06589139,0.0037214647,0.0055144466,0.27790675,0.0013670641,0.0007714057
10102,0.007596629,0.018008849,0.025561465,0.05015346,0.52509606,0.07483281,0.1695631,0.20021051,0.05478222,0.060255807,0.0031953761,0.011252199,0.19749695,0.24866174,0.054272473,0.08224024,0.0012949527,0.09441389,0.020895751,0.080343604,0.010191382,0.09941817,0.00076900126,0.0034126232
10107,0.52706265,0.33880958,0.010871113,6.897822e-05,0.12206628,0.0031631212,7.852089e-05,0.013306877,0.043536253,0.16000952,7.8237844e-07,0.00014611035,0.70672107,0.000651952,0.00078647264,0.01747974,2.52499e-07,0.005432539,0.9102425,0.00029791042,0.00016891139,0.24409813,3.52385e-05,1.577546e-05
10108,0.051083256,0.06458179,0.009733677,0.0034384322,0.21939225,0.06048819,0.000509558,0.2747801,0.050575837,0.29950827,0.002542584,0.002296466,0.8157032,0.0056643486,0.00848721,0.24476059,1.236332e-05,0.09587668,0.13132578,0.0048178416,0.0001711015,0.4112184,0.00069167593,0.0010839459
10112,0.86401427,0.012686157,9.99224e-06,0.0015032573,0.07703614,0.9574945,0.00010728816,0.53003097,0.00015976046,0.0002984657,0.022277908,0.001320357,0.0017366746,4.1741743e-05,0.00012584648,0.18310642,4.748264e-06,0.020013452,0.007696828,0.00013390894,0.00015989745,0.91904455,0.0011274117,0.00071106845
10116,0.08443896,0.11588262,0.0041183415,0.030191753,0.35029778,0.088579044,0.0009937732,0.757457,0.027811889,0.038222633,0.011741552,0.044007305,0.009915637,0.005768325,0.015639478,0.044154853,4.515612e-05,0.45835006,0.017337667,0.0041239215,0.0056062927,0.13845758,0.0595207,0.014328435
10122,0.014142624,0.0106895575,0.00072699174,0.0060381484,0.735914,0.085051656,0.00024093995,0.5756012,0.025968505,0.02594523,0.0022317115,0.0008354508,0.013030199,0.016021509,0.010428349,0.023846012,1.684846e-06,0.4052047,0.009329066,0.0024161327,0.005202012,0.08282252,0.00021883298,0.0006902926
10123,0.24670008,0.058659226,0.0015520016,0.0023017214,0.70269,0.6570111,7.103443e-05,0.27099457,0.028578417,0.021258868,0.011533559,0.0013640535,0.015903361,0.0049724127,0.013047824,0.07545262,5.221983e-06,0.13612755,0.0053920452,0.005939937,0.0018796239,0.3036172,0.00024725174,0.014840201
10128,0.76031154,0.21088994,0.000779907,0.0066635245,0.10786526,0.50472915,0.0004856104,0.5407318,0.0034948755,0.010633909,0.0139711965,0.017864509,0.02310682,0.00023347397,0.001245794,0.12628692,2.8320854e-05,0.07323483,0.057673577,0.001184781,0.00062746555,0.77642834,0.057249203,0.016135756
10130,0.12226945,0.059287887,0.0033549739,0.004033225,0.1906301,0.112969145,0.0017085016,0.3056217,0.019970566,0.08962521,0.0014241651,0.001967149,0.7059128,0.0046571875,0.0023038106,0.14990254,1.2878969e-05,0.034172222,0.20378554,0.002449573,0.0005049293,0.47796157,0.0010213407,0.0024684693
10133,0.59667623,0.11128369,0.0020422952,0.012968041,0.22740434,0.53029895,0.0042076544,0.54801637,0.012560435,0.01594529,0.011296391,0.010680444,0.051601365,0.0031982863,0.0030748202,0.09819544,0.000114316696,0.063602656,0.093416184,0.0031160319,0.013212048,0.5971105,0.01494613,0.020181378
10134,0.044725813,0.019340685,0.0015269673,0.0017385993,0.18280502,0.097697645,0.0007373401,0.17520654,0.010273833,0.06964292,0.0009039531,0.00053920504,0.8821333,0.0045575066,0.0017090963,0.22097717,5.1240495e-06,0.02437515,0.15439,0.0019796425,0.00013709777,0.53310287,0.00011553466,0.00026339397
10136,0.09964782,0.041518368,0.0023046709,0.002566232,0.65959287,0.26686943,0.00012733824,0.35812062,0.0381734,0.06886109,0.005527778,0.0009757914,0.11634909,0.007684418,0.012011816,0.11916941,3.1950885e-06,0.25373128,0.036983114,0.0040039592,0.0019050047,0.3331307,0.0005758173,0.0013770903
10137,0.235581,0.22627358,0.026871135,0.00075836474,0.20233852,0.0071114055,0.0013359016,0.04761077,0.091111965,0.2215875,1.02975355e-05,0.00084587134,0.6463859,0.0035625324,0.0031048318,0.032343417,4.4248573e-06,0.015577513,0.7431873,0.0023531646,0.0008762948,0.20278987,0.00015873292,0.00012752098
10140,0.5628965,0.6930194,0.09640827,0.005360967,0.30486685,0.032985367,0.0004894653,0.26008853,0.24264207,0.42811322,0.000750329,0.022421252,0.09240194,0.002860242,0.016199019,0.03502314,2.1864756e-05,0.15060726,0.2892855,0.00840696,0.002737042,0.16923761,0.022302683,0.021257013
10142,0.45455307,0.13770261,0.008046745,0.0037462926,0.6602212,0.57105213,0.0005264886,0.21672742,0.063811846,0.046218153,0.011732525,0.0025258597,0.09081231,0.0072037596,0.014415448,0.16067669,4.9874514e-05,0.10137161,0.0486226,0.0107965395,0.009715791,0.463082,0.0026338578,0.009208782
10147,0.017493518,0.014081934,0.0014310362,0.01068751,0.3982906,0.101441525,0.0010397086,0.5920439,0.017426841,0.09431086,0.010114201,0.002355539,0.44256714,0.012229784,0.008781706,0.2645315,1.2830788e-05,0.31189597,0.10306293,0.0025128115,0.00094062655,0.40535316,0.0016092584,0.00030589878
10150,0.13972092,0.105991326,0.01006759,0.0022100622,0.25606892,0.06351837,0.0005842731,0.19829391,0.0520363,0.20329122,0.0008268916,0.0015919888,0.7495333,0.004762648,0.0056037917,0.14742629,8.213412e-06,0.057723805,0.24565126,0.0036587236,0.000532155,0.4236456,0.0008318697,0.0011958748
10156,0.13082437,0.03162905,0.0003433167,0.024549091,0.09684294,0.43275163,0.0032691034,0.7897372,0.0027474705,0.015452465,0.04250113,0.016851202,0.08495817,0.0015037461,0.0016451651,0.23312359,0.000102064834,0.12541479,0.03523053,0.0011469807,0.00071097055,0.6279931,0.010708746,0.008997992
10160,0.077183776,0.053082023,0.0069734897,0.00286079,0.19139534,0.085250296,0.0019182804,0.15275139,0.026456175,0.14406596,0.0012241504,0.0014786216,0.8651281,0.0057240995,0.0045893714,0.242543,2.3112505e-05,0.029903674,0.2020912,0.0058629927,0.00022297456,0.5071801,0.0003899907,0.00068593735
10161,0.06770002,0.062444013,0.007965208,0.018425023,0.4956896,0.13056406,0.004924097,0.609638,0.06776812,0.108422205,0.00617124,0.0066297348,0.1958129,0.016466793,0.011083334,0.10250495,4.653041e-05,0.20700422,0.10254893,0.007906132,0.010412815,0.26159936,0.0048948284,0.00579885
10163,0.18429567,0.28512022,0.07366262,0.0019679929,0.51179135,0.020000895,0.00095326564,0.12181092,0.26795885,0.3640984,0.0001442505,0.001882573,0.42050043,0.0076991795,0.017479066,0.043557674,1.069193e-05,0.09245953,0.4741525,0.00964855,0.0044702934,0.15089491,0.00072902354,0.000661502
10167,0.008939749,0.0065072062,0.0003394123,0.0099848285,0.6204668,0.047516324,0.00061941677,0.70734674,0.01638122,0.011961025,0.00097279233,0.001169353,0.005560757,0.0156277,0.005592508,0.010163814,2.152473e-06,0.3557527,0.0071141864,0.00087263266,0.0101483455,0.045312293,0.0002648828,0.0005599131
10170,0.010318922,0.012321027,0.0014067141,0.0039948747,0.8542811,0.043534398,0.00012221994,0.37796462,0.03102661,0.029919656,0.0012328499,0.00074632664,0.00795896,0.025669113,0.026068212,0.015237699,1.2423828e-06,0.5878168,0.008824483,0.0034682455,0.0047462606,0.042496737,0.00020381682,0.00023919261
10173,0.08306139,0.07175594,0.009728044,0.06864449,0.35961476,0.09899752,0.04572877,0.7135653,0.04526107,0.048185643,0.008448882,0.039860237,0.054775987,0.031388663,0.015766416,0.07368283,0.00064979895,0.2463433,0.090248086,0.011449779,0.035064053,0.18069613,0.061431542,0.0074692536
10174,0.5508481,0.17570838,0.008004573,0.012383253,0.39217138,0.4022672,0.004777072,0.46339428,0.046346266,0.05465956,0.008817403,0.009813079,0.12947892,0.0070862616,0.0070353937,0.117497295,0.00014782436,0.09634601,0.2109922,0.0073653236,0.028520888,0.53903854,0.01754715,0.019013202
10175,0.35916978,0.022830945,0.000389887,0.0033642724,0.6097561,0.69293773,0.00045541162,0.43397328,0.011311819,0.0056452192,0.009484924,0.00093950785,0.01823697,0.004432717,0.0034493655,0.08385575,1.2035514e-05,0.08818721,0.018589921,0.0021464333,0.015280182,0.4627836,0.00057292916,0.0025694808
10176,0.08550056,0.036126163,0.0008544098,0.0091065215,0.08421319,0.12647304,0.0032360153,0.5174124,0.00358867,0.04267676,0.0038480763,0.006303958,0.51788074,0.0012312481,0.0008072582,0.29498863,2.4496989e-05,0.06455023,0.30181083,0.0010221998,0.000149758,0.67255783,0.0046801805,0.0005213882
10178,0.7875804,0.5261617,0.011200005,0.001930114,0.11373047,0.11287235,0.00032431283,0.19405222,0.03096501,0.19036242,0.0010458551,0.007436397,0.25637254,0.0006208681,0.0024727997,0.07031299,1.5494894e-05,0.034849305,0.4012142,0.0019891341,0.0003440124,0.56166565,0.009952264,0.019112144
10179,0.19382744,0.4024104,0.16644242,0.010068169,0.5824942,0.021395069,0.00485875,0.2087505,0.38462627,0.32212204,0.00034620013,0.0092715565,0.10166846,0.023373477,0.039404597,0.025605418,5.649034e-05,0.15390883,0.22396493,0.028790673,0.02145149,0.07023007,0.0043882346,0.00481041
10185,0.040175665,0.05593685,0.0122275725,0.048928,0.62809384,0.034840357,0.023032071,0.558439,0.076882765,0.035557963,0.001632192,0.013868785,0.017238995,0.07974813,0.03144318,0.0152969435,0.00014633356,0.30482215,0.03668101,0.011318616,0.10505689,0.04824901,0.01611868,0.0039915903
10188,0.7103418,0.35022777,0.004586924,0.010127014,0.13596076,0.17504977,0.0027390092,0.4379491,0.010575877,0.034493767,0.0043724524,0.036083788,0.0615686,0.0006758828,0.0020217597,0.11066249,0.00010839734,0.09353481,0.3623472,0.0026527885,0.0020247146,0.6499918,0.16172805,0.0066517186
10189,0.54729927,0.18715736,0.0014463238,0.009017215,0.16738032,0.41741124,0.00069360976,0.61467636,0.0102332095,0.030189477,0.01826248,0.013769646,0.059227146,0.0006923417,0.002454883,0.12571698,3.4870445e-05,0.10653658,0.053981487,0.002113371,0.0011740279,0.64345837,0.022222716,0.034146827
10191,0.08970923,0.02014,0.00038671689,0.014795601,0.45096368,0.4334909,0.0008480686,0.7048751,0.008949319,0.008834811,0.022836132,0.004448658,0.009641084,0.008256618,0.00698638,0.077027224,1.9052288e-05,0.25636512,0.009096965,0.0022344792,0.009472246,0.29970682,0.0018041014,0.0066822264
10202,0.018748658,0.024019333,0.0010545639,0.016568974,0.4349906,0.0635896,0.0006117086,0.7631616,0.018143086,0.04459124,0.0057945475,0.007085923,0.037366703,0.008153672,0.008014595,0.052408066,7.694839e-06,0.45342594,0.021991117,0.0016247883,0.002297984,0.1351122,0.0042137806,0.0020975869
10209,0.016389143,0.0186932,0.007462744,0.031649858,0.35452393,0.058564164,0.11145039,0.33064198,0.024981022,0.05035605,0.0010405252,0.008345492,0.3643309,0.05479252,0.006890851,0.09147247,0.00025711625,0.063111596,0.118432425,0.012768878,0.0073124846,0.20392928,0.0015714077,0.0012321849
10213,0.6370541,0.32542118,0.0057880073,0.0021598386,0.07934877,0.02375447,0.0038520047,0.13243622,0.011346664,0.053367883,9.848858e-05,0.006463958,0.280442,0.00074582006,0.0007944831,0.061530013,2.8247057e-05,0.021382473,0.8485122,0.0012000563,0.00087710505,0.49048924,0.008181967,0.00026922722
10217,0.18858445,0.08632535,0.009066948,0.015287471,0.7195351,0.14472237,0.00528172,0.42074308,0.13143042,0.028950227,0.0015246042,0.003947013,0.027580608,0.041534975,0.016471395,0.016824046,7.01194e-05,0.15491028,0.06129783,0.0057560373,0.43929735,0.10563728,0.0031078157,0.00822154
10221,0.0053390963,0.0038903502,0.00017957336,0.0030532705,0.8383261,0.059989348,2.1024982e-05,0.468809,0.0082277395,0.010302971,0.002876891,0.00053272385,0.0023801527,0.0171211,0.023174431,0.017334426,3.1393097e-07,0.7260579,0.0020366353,0.0011793615,0.0012809103,0.05000098,0.00012915222,0.000103949424
10227,0.16191141,0.10780611,0.007303563,0.009550302,0.23845659,0.12007487,0.0029002388,0.44759846,0.037257127,0.13612953,0.0045579826,0.0069745863,0.5643405,0.0056376625,0.0055253664,0.19828993,4.1911346e-05,0.09808578,0.23707542,0.0044399127,0.0017787208,0.48778558,0.007506644,0.00397211
10229,0.092579745,0.03317144,0.002317149,0.028759396,0.21521904,0.33504084,0.020403747,0.6433271,0.012586762,0.05077107,0.0151959555,0.012400603,0.27422822,0.008310054,0.0034508312,0.2524346,0.00023809022,0.09036499,0.12003445,0.005373927,0.0022023814,0.53773725,0.0055926587,0.006078064
10230,0.007475347,0.004856092,0.00070730294,0.0071255364,0.87276495,0.06966155,0.00090213754,0.2762653,0.018406523,0.004842955,0.0011208565,0.00056827493,0.0015922724,0.0829519,0.035021015,0.0075432532,3.984488e-06,0.3767581,0.0015622006,0.0048105973,0.024587492,0.024382904,7.364293e-05,0.00034394747
10231,0.103889555,0.100888394,0.018075347,0.06478068,0.3536618,0.015597127,0.21826267,0.35629225,0.11649578,0.013338282,9.6550306e-05,0.016564887,0.012014757,0.09862164,0.012061363,0.004441705,0.00048137616,0.04411191,0.054654174,0.006566292,0.54509974,0.023765266,0.0090782475,0.004106061
10233,0.04947037,0.019221619,0.00059754064,0.0010618423,0.87820375,0.26705813,1.7806855e-05,0.2868168,0.03477811,0.011994024,0.0013549668,0.000300678,0.0025409227,0.008472214,0.013842048,0.011620189,3.806194e-07,0.29234332,0.0020491877,0.0025219244,0.004786827,0.059330318,2.511754e-05,0.0017518828
10234,0.0021941324,0.0059781508,0.00044454896,0.0035933703,0.7215427,0.015198938,3.071508e-05,0.6390966,0.017729504,0.04244249,0.0006047696,0.0005434448,0.008834869,0.009736361,0.008102048,0.010411543,1.6152822e-07,0.6299604,0.006402204,0.00071464246,0.000649489,0.027515262,8.258879e-05,0.00012262276
10237,0.45768318,0.40085965,0.030378124,0.008774304,0.22836481,0.05810236,0.0026735123,0.3814933,0.10181981,0.26190406,0.0018309044,0.01832726,0.27805087,0.0039638365,0.009544084,0.09787508,5.920815e-05,0.12899642,0.478851,0.0058980486,0.004106117,0.37884519,0.02749454,0.0075845416
10238,0.006997354,0.012266605,0.0023946923,0.011000516,0.7380289,0.025192128,0.00092698174,0.5251032,0.03909315,0.045794964,0.0010398409,0.001400103,0.019278886,0.03637089,0.01804665,0.016111262,4.406942e-06,0.46925175,0.017659934,0.003967547,0.008137895,0.042603943,0.00041717076,0.00036206632
10241,0.13582967,0.10069206,0.0021108533,0.09595265,0.10288659,0.06569529,0.021632249,0.82464784,0.0063244402,0.007845571,0.0115284985,0.1932785,0.008822593,0.0051146615,0.006669591,0.050013643,0.00064908346,0.27572793,0.02572053,0.0027939142,0.006904122,0.19704284,0.5792508,0.007626817
10243,0.7241335,0.4529099,0.016239839,0.002509811,0.24287648,0.14840019,0.0004320057,0.22836241,0.06792751,0.19046389,0.0016095686,0.0060034,0.22806089,0.0015384883,0.0055354326,0.084760204,2.2052007e-05,0.06378708,0.40945742,0.0031266804,0.0021081192,0.52112305,0.010450446,0.011808657
10247,0.42832488,0.039208878,0.0005006813,0.0100388685,0.31975144,0.7356883,0.0017781213,0.5658554,0.0050142533,0.0070711235,0.033521835,0.0061871144,0.026038164,0.0023178326,0.003186348,0.19574656,7.004381e-05,0.099448785,0.022422833,0.003147819,0.003699503,0.6662072,0.005740784,0.007353212
10248,0.116350956,0.17552343,0.043449458,0.0047257417,0.8198081,0.10877639,0.00056865823,0.23225899,0.25917736,0.15482685,0.001357651,0.002327305,0.04991705,0.024578791,0.03796617,0.028854046,1.2445228e-05,0.23451518,0.051521998,0.019022107,0.026382383,0.08653608,0.0007166288,0.006717542
10252,0.034825396,0.049844507,0.008487433,0.0038122642,0.7963917,0.037787203,0.0005643847,0.37275332,0.12733254,0.08242545,0.00028151073,0.00073980703,0.021100817,0.016564988,0.012252743,0.00873262,2.738165e-06,0.2604677,0.05203565,0.0048350394,0.024348522,0.045742482,0.00013215811,0.0010865419
10253,0.096753076,0.11664799,0.024453323,0.017285192,0.73439443,0.1106529,0.004355716,0.43814838,0.13276494,0.08161299,0.00345309,0.009141778,0.028159348,0.035132866,0.03403296,0.035838053,6.678864e-05,0.30715513,0.0524705,0.01956777,0.04149149,0.09788851,0.0068111494,0.0076358775
10256,0.034749683,0.012918356,0.00079503714,0.004356326,0.52206117,0.16045582,0.00026140083,0.4895731,0.015693327,0.05583712,0.007963049,0.0008932315,0.3052055,0.010667678,0.00823389,0.20056842,4.4528474e-06,0.31156704,0.06671158,0.0018510179,0.0014051863,0.41560656,0.0006089856,0.0002650048
10257,0.52474177,0.3471534,0.025280794,0.0062206467,0.36033118,0.16785066,0.0016466161,0.3034501,0.102009594,0.18565501,0.0032190871,0.0084807305,0.24822982,0.0054413285,0.010903777,0.09457338,6.3996384e-05,0.08816223,0.2622675,0.00869904,0.006135847,0.4079432,0.0114642475,0.020962017
10261,0.0038589987,0.0037766243,0.00095356896,0.14081678,0.4398808,0.051215336,0.06634059,0.6812483,0.008965417,0.0015818651,0.003648784,0.019080253,0.00033086617,0.35709897,0.076407775,0.0064909626,0.0002246857,0.34086755,0.0005332352,0.0065788925,0.09351744,0.01268847,0.003175673,0.0028434629
10262,0.45196104,0.072497904,0.0016060715,0.016992413,0.3831696,0.6002196,0.004116596,0.58540666,0.012617622,0.010539485,0.021011753,0.010940454,0.02453873,0.0053350013,0.005455597,0.12337114,0.00012336693,0.12383841,0.04454849,0.004575206,0.02170984,0.5558465,0.016402878,0.01285048
10266,0.13731357,0.09509859,0.010277097,0.009736197,0.32840863,0.09748703,0.005038807,0.37731922,0.047716346,0.13192959,0.003732362,0.005683614,0.5645809,0.009714439,0.008511097,0.187523,6.8883106e-05,0.11533026,0.33794868,0.0064612944,0.0040757027,0.43902564,0.0064439187,0.001788072
10267,0.01788816,0.015499819,0.001242579,0.018263428,0.38335744,0.049600143,0.0069026873,0.6121037,0.01629186,0.03663524,0.0011981467,0.0035042493,0.2284125,0.016028652,0.0026048527,0.058686968,1.3668496e-05,0.15350112,0.0994664,0.0014093443,0.0053237653,0.1823031,0.0021783225,0.0008833786
10273,0.009645712,0.016868193,0.0011297081,0.033400517,0.4284897,0.03575802,0.0017881988,0.81637436,0.02596796,0.022464259,0.003020039,0.0074795117,0.0163297,0.02855684,0.010435894,0.01727287,1.6158554e-05,0.39409912,0.008351204,0.0015670947,0.01362261,0.04475899,0.004171858,0.0034001844
10279,0.101611905,0.02920583,0.0020083494,0.01573556,0.649637,0.22481363,0.004572898,0.5699176,0.03693292,0.018505925,0.0043758373,0.0031041855,0.024634222,0.026323898,0.010080056,0.041100938,4.3345233e-05,0.19942622,0.035452683,0.004791891,0.07898401,0.18348019,0.0022602677,0.0035472934
10282,0.3329835,0.1744276,0.0051996713,0.007711871,0.5873593,0.62821406,0.00028519146,0.2810395,0.05230513,0.020702334,0.016898792,0.0052335793,0.0086047845,0.007431,0.020451955,0.04308496,2.7594602e-05,0.09464711,0.00391715,0.0099553615,0.008895175,0.21690221,0.0012666503,0.20532283
10284,0.07536765,0.052050527,0.0050073094,0.0033652124,0.19236207,0.08699254,0.0012512238,0.24169338,0.024589274,0.1396517,0.0016437583,0.0018061546,0.83013856,0.005128856,0.003800349,0.22618952,1.497981e-05,0.045350857,0.1918702,0.0037051716,0.00027973717,0.5004099,0.00072373316,0.00093286036
10285,0.24057028,0.1938386,0.007899585,0.025930401,0.38910404,0.16747212,0.002217614,0.6628288,0.05191339,0.0562861,0.011982679,0.03319038,0.039331883,0.008256704,0.014518547,0.06407721,9.372928e-05,0.28743303,0.04734284,0.0069072586,0.018704968,0.25131053,0.055521775,0.03917443
10286,0.042162437,0.091167204,0.0058071283,0.053164274,0.27668983,0.03685852,0.0020721003,0.7943518,0.035085723,0.063128725,0.011624072,0.0668864,0.019361313,0.01440271,0.027841747,0.052486908,8.329858e-05,0.5700315,0.024391098,0.004186307,0.005658127,0.101664126,0.09508958,0.007909383
10288,0.6759881,0.532694,0.023771457,0.0018564449,0.14231299,0.029520897,0.0007753489,0.15286678,0.06823516,0.24131551,0.00019454121,0.006538648,0.30552694,0.0012801938,0.0034923737,0.05025306,1.3921607e-05,0.04240457,0.69125915,0.0023042478,0.0010117013,0.3804945,0.006460734,0.002480203
10294,0.0066179116,0.010068341,0.0008139116,0.008741193,0.65680254,0.0367606,0.00020383082,0.6671862,0.01774553,0.04244266,0.0026690268,0.0020964043,0.014160639,0.014310034,0.013089417,0.029439485,1.847042e-06,0.6198462,0.015874812,0.0015503273,0.001753331,0.07276612,0.00084067497,0.00029578304
10295,0.35929126,0.037970595,0.0012156356,0.005707196,0.5451557,0.6406541,0.0012909141,0.4102123,0.01704507,0.016097683,0.01693617,0.001998886,0.077322766,0.0068707922,0.0061475565,0.18516564,4.6810663e-05,0.10655281,0.04755637,0.0048442716,0.011226715,0.56291074,0.0018059107,0.003333529
10297,0.36480343,0.4041082,0.05180467,0.0049177813,0.3423405,0.07385763,0.00065109646,0.29494125,0.17216529,0.35662824,0.002254852,0.009455926,0.26803818,0.0054911203,0.020050367,0.10269109,2.7145094e-05,0.15787753,0.24138917,0.008878904,0.0024051825,0.289036,0.008622397,0.010102721
10303,0.20105086,0.19584419,0.044410396,0.005605532,0.8336712,0.37218556,0.0006341237,0.1816684,0.22831406,0.110023074,0.008344104,0.0041537974,0.045983557,0.026539367,0.060021207,0.090213284,5.250306e-05,0.20150651,0.026025916,0.036060967,0.02142721,0.17037553,0.0016639716,0.0149193015
10304,0.0051384587,0.0064725685,0.001005154,0.00687307,0.51769906,0.08926019,0.00026905324,0.5681202,0.020101773,0.100849986,0.007856952,0.0008739345,0.3982589,0.014757262,0.008649233,0.1706891,2.9522143e-06,0.3191225,0.027749227,0.0026663432,0.00037710025,0.2590296,0.00019547125,0.00024680258
10309,0.4130661,0.05149707,0.0012122339,0.011964846,0.5158429,0.55817133,0.0033152571,0.5354437,0.013464766,0.008398077,0.01409347,0.0063228817,0.019452,0.006171585,0.0052421307,0.098902754,7.595132e-05,0.13557702,0.04744622,0.0039212033,0.03340127,0.51691544,0.0115872715,0.0055151153
10312,0.5795907,0.23018508,0.002602949,0.017466877,0.11929852,0.2253459,0.004910802,0.5660913,0.0063147265,0.023142695,0.009403412,0.044219308,0.060318224,0.0008285543,0.0020455837,0.1499877,0.00014217242,0.108486496,0.22649832,0.0027619791,0.0016438083,0.6615395,0.17007285,0.0073687863
10314,0.0039925054,0.010385815,0.0019128096,0.005060496,0.7894527,0.020739013,9.315145e-05,0.51628274,0.030705454,0.061876874,0.0011773726,0.0011735281,0.009153503,0.02126515,0.026595257,0.017713882,8.730726e-07,0.70514476,0.011433109,0.00306868,0.0011599516,0.033853944,0.00029963607,0.00012110101
10317,0.34958416,0.040794164,0.00042354868,0.0065964703,0.19464262,0.6493453,0.00059657724,0.60044676,0.0044948296,0.02122424,0.030828902,0.003981661,0.09578095,0.0010446486,0.0020643861,0.27954346,2.8196135e-05,0.097392716,0.046009295,0.0017114294,0.0006009564,0.74802375,0.0029972713,0.0051875403
10320,0.14902847,0.014293558,0.00034933636,0.018567394,0.38050878,0.67319626,0.001811028,0.61175454,0.005265803,0.006604196,0.07830855,0.0057359193,0.03337301,0.014985285,0.011584044,0.25193036,7.843707e-05,0.22154452,0.01130726,0.0033950033,0.008314662,0.5570457,0.0026266428,0.0042890054
10325,0.14608565,0.046575386,0.001082836,0.061675537,0.15526675,0.36806262,0.017457232,0.8158109,0.008043971,0.008417219,0.028156329,0.045891136,0.022759652,0.008742543,0.005152883,0.08302736,0.0005029154,0.13768974,0.014769538,0.0029599767,0.0138882985,0.31861562,0.044899575,0.036588322
10330,0.45715344,0.28904876,0.043992437,0.0058030253,0.6520944,0.16080944,0.0027799385,0.21071753,0.19986358,0.1436684,0.0016813425,0.004804939,0.23137432,0.019477334,0.021708239,0.06436786,8.333298e-05,0.10931513,0.33340535,0.012832728,0.08030086,0.29615003,0.007861975,0.008511733
10332,0.15139115,0.0957409,0.00699989,0.023691297,0.4320733,0.19176129,0.0043965415,0.62866676,0.04863547,0.08356974,0.015500883,0.015474629,0.1567186,0.016157662,0.015674002,0.15155596,0.00011208491,0.27647156,0.12185707,0.0072969142,0.01686477,0.3751116,0.023719335,0.00928388
10333,0.064502,0.04353101,0.0073978514,0.006364595,0.6182737,0.18274459,0.0014548809,0.3331935,0.0616219,0.100082256,0.0054261405,0.001950979,0.36526647,0.021929162,0.015856579,0.14322849,2.8042536e-05,0.1768634,0.08115044,0.010304998,0.005619368,0.31258032,0.0008694001,0.0019262956
10335,0.08094601,0.046996973,0.005884296,0.009524951,0.7457671,0.14977686,0.0024789895,0.4290974,0.058730174,0.045840304,0.00374279,0.0031827071,0.053098757,0.024554549,0.018009426,0.049728822,3.1619595e-05,0.28061208,0.058258332,0.009480212,0.025258888,0.17198527,0.0028266786,0.002215919
10339,0.049593493,0.048888784,0.008210182,0.008576285,0.80185,0.09889672,0.001341102,0.37442064,0.097652376,0.06451283,0.0022517315,0.0019843585,0.037112202,0.031633135,0.024649581,0.030744176,1.6619153e-05,0.31490308,0.038072176,0.01024384,0.030624192,0.0966893,0.00081633154,0.002210206
10340,0.05478058,0.039026063,0.004328439,0.008106277,0.7116407,0.09750962,0.0016809648,0.48337355,0.06137939,0.061771158,0.0021397104,0.0020500761,0.072587065,0.019236792,0.011500835,0.038477674,1.37369325e-05,0.2788204,0.08141472,0.005041974,0.021458557,0.14932033,0.0012345533,0.001665835
10342,0.16951065,0.027975002,0.0010353087,0.014287802,0.60433936,0.4082536,0.0031302732,0.55504096,0.028224118,0.005422848,0.005224865,0.0027200435,0.0077273077,0.020864634,0.007956495,0.027571816,3.9610142e-05,0.11860896,0.009215023,0.003324827,0.15180337,0.164219,0.0012429152,0.008331226
10344,0.17332457,0.1520682,0.028060831,0.005921485,0.63316935,0.13320115,0.0017274948,0.29449975,0.16389179,0.1688801,0.0023718986,0.003007826,0.2979646,0.018474178,0.019009015,0.0822231,3.427921e-05,0.14357597,0.17449728,0.012491217,0.019687446,0.25151893,0.0022057635,0.005137864
10348,0.013315752,0.015306851,0.00087187183,0.007673721,0.61860514,0.073360786,0.0001571125,0.68221295,0.02013379,0.044768415,0.0041071493,0.0022202819,0.015208212,0.00866147,0.010694152,0.04161763,1.9736838e-06,0.5420979,0.016328368,0.0016593419,0.0017789071,0.115830235,0.0007483125,0.00071923516
10350,0.44941643,0.046972908,0.00069100456,0.00848007,0.4498149,0.70182705,0.0012049439,0.52255374,0.010280357,0.0060850047,0.015977846,0.004073233,0.012137236,0.003351551,0.0036406298,0.09299957,3.8806156e-05,0.090096354,0.016998498,0.0029321625,0.014123894,0.5104096,0.0032973625,0.010096334
10352,0.18224047,0.03697536,0.0011030795,0.0068907696,0.5838473,0.6282645,0.00029572245,0.4599507,0.01972283,0.02157793,0.034760095,0.0025892523,0.024921704,0.0072209057,0.013745132,0.19356954,1.9784744e-05,0.21646234,0.010933128,0.005088323,0.0042498466,0.44410256,0.0011800504,0.0058884113
10355,0.016463581,0.019762253,0.0032953026,0.006262853,0.60998,0.07946898,0.000509491,0.5082532,0.047460783,0.10969828,0.003228612,0.0011856558,0.23741691,0.016989036,0.011104578,0.08920041,4.599008e-06,0.29809058,0.05494488,0.004159006,0.002340894,0.19914311,0.00041535252,0.0006273633
10357,0.6449709,0.049873468,0.0004736922,0.003843471,0.30044144,0.7778771,0.000663588,0.47307315,0.006276317,0.008034301,0.011558843,0.0021900889,0.027554216,0.0010401896,0.0014412565,0.12275079,2.5000205e-05,0.0435883,0.0395667,0.0017575534,0.0035573163,0.694543,0.0016879274,0.0074431044
10361,0.06228568,0.024386952,0.0013837134,0.0037386476,0.6787072,0.31402683,0.00015271692,0.40326175,0.026163591,0.045339722,0.0113324765,0.0011476654,0.07530177,0.010673659,0.016361956,0.15245868,5.5158694e-06,0.323486,0.022744436,0.0040118517,0.0019477282,0.3162723,0.00041737876,0.0011101902
10362,0.06598965,0.011705797,0.0013008312,0.049713094,0.06706435,0.018280545,0.87579954,0.20631075,0.0009485215,0.0008021291,4.8002697e-05,0.04255472,0.0034651218,0.01136096,0.00072078797,0.01669436,0.0021073439,0.010580524,0.1252493,0.005066338,0.0057667717,0.096565194,0.020824393,3.8680395e-05
10370,0.2986242,0.14276981,0.008451339,0.006822562,0.71590245,0.2503552,0.00091142365,0.3680103,0.103985526,0.053467315,0.0035886408,0.0039473353,0.057069898,0.015466885,0.016058022,0.038259238,2.6509444e-05,0.1729994,0.06858269,0.0071802735,0.06199938,0.23216616,0.0040614433,0.020389397
10376,0.008269833,0.014234297,0.0018729853,0.010534617,0.66200984,0.060140453,0.00023019267,0.62948287,0.03295554,0.06980403,0.0067345127,0.002428778,0.026569983,0.02384536,0.026289754,0.059698638,3.8572684e-06,0.6099529,0.014138362,0.0035487062,0.0019221334,0.09140663,0.0007186305,0.0005797658
10379,0.072987355,0.03262786,0.0032618945,0.0023139247,0.6266823,0.13007429,0.0005143784,0.28043917,0.04681637,0.07716178,0.0014230873,0.0005641464,0.31862277,0.012087716,0.007949468,0.080194764,5.5218484e-06,0.13472624,0.10821902,0.0039315606,0.0041996283,0.28142434,0.00018852422,0.0005656807
10380,0.034214955,0.08411461,0.027974287,0.0011334702,0.91985744,0.019997748,0.00011035064,0.12468623,0.28035247,0.13242944,6.5771e-05,0.00020945286,0.012467687,0.018870898,0.02719722,0.0033108483,1.086409e-06,0.2656927,0.047090128,0.0081727905,0.03417943,0.019139957,1.932139e-05,0.0004721102
10381,0.5342945,0.30255857,0.00097407453,0.046773426,0.024955876,0.029889638,0.010864194,0.70594007,0.0016717939,0.0031657037,0.0017503407,0.33158532,0.0055993823,0.00035453253,0.00087196275,0.02235349,0.0003252659,0.09649265,0.040973887,0.00093928224,0.0011762241,0.2825351,0.88687795,0.007645458
10382,0.071738414,0.04429361,0.0028739353,0.0049428875,0.63291043,0.14357473,0.0005104571,0.5230139,0.044465527,0.06845947,0.0027919782,0.0017986568,0.07034495,0.0070837927,0.007407234,0.055330973,5.2621663e-06,0.24808341,0.06886214,0.0034316643,0.0052372273,0.22127604,0.00092194165,0.0019529781
10385,0.63841045,0.7445675,0.11349589,0.0036741078,0.35103244,0.037912633,0.0003334183,0.15775087,0.26399028,0.4098399,0.00046880828,0.015751157,0.08413952,0.002936278,0.017998267,0.029074358,1.7610413e-05,0.10320954,0.2737142,0.00865187,0.0027547127,0.16581535,0.013281251,0.024547344
10388,0.020402398,0.025549402,0.0028864245,0.03733992,0.41514316,0.082524896,0.0046889805,0.7534919,0.02609615,0.062095482,0.014288951,0.0146944905,0.06441769,0.023538906,0.01758898,0.10373604,7.250102e-05,0.4441316,0.043332767,0.005372897,0.004830829,0.17687541,0.0113223195,0.0024342695
10394,0.088829495,0.052014705,0.003834771,0.014846238,0.51649773,0.22506493,0.001406743,0.58311117,0.039036594,0.07089252,0.016850166,0.0067348927,0.119554505,0.015793141,0.016571732,0.15891366,3.937348e-05,0.31609064,0.056402557,0.0062394966,0.007399896,0.332968,0.0054891156,0.004707253
10405,0.3148904,0.17205866,0.02213757,0.07330866,0.2641922,0.1366841,0.13934986,0.51372194,0.055099875,0.03772224,0.0051274155,0.061709564,0.04890229,0.033227235,0.014772584,0.06163244,0.0017989537,0.098774575,0.15305471,0.019334266,0.083317675,0.23367433,0.08885878,0.018539289
10406,0.25496835,0.0941683,0.0065339846,0.005677101,0.7168327,0.4203207,0.0006198159,0.32464612,0.0688381,0.049448863,0.010331927,0.0032559186,0.061249983,0.013359654,0.020745402,0.116807066,3.0391604e-05,0.20781268,0.04427591,0.009470828,0.0176314,0.33902594,0.0027798102,0.006886689
10407,0.026755985,0.018972991,0.0021451265,0.011966408,0.5646285,0.20089555,0.00065934565,0.5325911,0.026653836,0.06811426,0.023943383,0.0033254512,0.15838541,0.027283056,0.025210237,0.22213773,2.242327e-05,0.4115394,0.031897403,0.005651488,0.0027268024,0.30824175,0.0014042798,0.0012277998
10410,0.013004781,0.004203563,0.0011993805,0.14105928,0.10900422,0.12372721,0.8055578,0.48112154,0.0014921062,0.0012770195,0.0018532615,0.084137134,0.004511004,0.06742102,0.0037702643,0.03911225,0.0057796855,0.03238084,0.012776636,0.009850912,0.0066849017,0.108136594,0.01849741,0.00092794717
10412,0.017664285,0.021851832,0.0041700164,0.010775421,0.40040004,0.099425025,0.0015891395,0.5286361,0.03370203,0.15733005,0.008026609,0.0030715857,0.5830777,0.014642155,0.010299305,0.22771138,2.1943026e-05,0.22012717,0.096334666,0.005570377,0.00086580316,0.35146335,0.0012201623,0.00080477697
10414,0.06829,0.073608585,0.0031249316,0.037705913,0.35022506,0.10041368,0.0014323207,0.7584747,0.028548798,0.036081158,0.019036772,0.031950124,0.020886434,0.015351179,0.023632847,0.06781805,6.523381e-05,0.47785205,0.01704626,0.003788368,0.011167095,0.16587664,0.046451475,0.011628176
10415,0.49127284,0.082260296,0.0026601006,0.006547677,0.54982185,0.646739,0.0013030154,0.37960076,0.026143339,0.02025805,0.015062227,0.0036103723,0.04538815,0.005325117,0.0072184005,0.14703947,6.194402e-05,0.10180877,0.052456338,0.006232777,0.014844668,0.55268353,0.0040892037,0.008069408
10416,0.2414438,0.14652424,0.0015411518,0.121533155,0.043715894,0.02482996,0.08195915,0.7889433,0.0034660557,0.0032597894,0.0022594247,0.32785553,0.006992837,0.002832037,0.0020760274,0.020822277,0.0016157882,0.1209811,0.030806715,0.0021066763,0.0071214354,0.13461252,0.84961796,0.0060036504
10417,0.5729231,0.47454187,0.024520429,0.0012917813,0.16251773,0.034774296,0.00025459443,0.1441046,0.08362248,0.30718878,0.00022794808,0.003946121,0.42491657,0.0013571216,0.0040126024,0.057328284,6.099524e-06,0.04090615,0.4850072,0.002003034,0.0004292115,0.36547345,0.0034607714,0.0037001465
10421,0.1638007,0.06229253,0.00521056,0.0028791435,0.8630387,0.38291958,0.00020741463,0.20568301,0.079554975,0.03155358,0.005683619,0.0011364146,0.023450337,0.020004435,0.029642493,0.05815025,1.1303267e-05,0.24552128,0.016175326,0.009980094,0.020737233,0.18185525,0.0004951674,0.0029179924
10429,0.020490207,0.012964466,0.00044077597,0.00884057,0.6556597,0.064511895,0.00029846485,0.6273827,0.008690841,0.0083202785,0.0026929,0.003360003,0.002620246,0.010545015,0.01160318,0.01599717,2.4108433e-06,0.54049027,0.0059320284,0.0014273648,0.0050617466,0.08141637,0.0034872133,0.000605582
10439,0.07806697,0.06366215,0.009212207,0.004905176,0.8515578,0.09619482,0.00079021946,0.28142375,0.11035257,0.060824204,0.0012215471,0.001478994,0.023221692,0.026387826,0.024966624,0.019546622,1.1733329e-05,0.32291934,0.053013287,0.008571866,0.045326043,0.08143163,0.0006477486,0.001735041
10440,0.017431322,0.014577735,0.00068687013,0.019254135,0.48448798,0.10603925,0.0007140257,0.7718085,0.01579486,0.02865344,0.010957503,0.004615084,0.03384774,0.016262699,0.010844008,0.0648467,1.1209275e-05,0.4518063,0.016854178,0.0016870549,0.0052258116,0.15759526,0.0027940325,0.0018673945
10444,0.05059477,0.018386357,0.00094978476,0.00095973455,0.8743115,0.26566714,2.296206e-05,0.24712886,0.03713743,0.023330323,0.002638513,0.00020220864,0.014861675,0.009404004,0.015021498,0.033756938,6.404477e-07,0.3160785,0.0063952887,0.0037106145,0.0028582676,0.12423974,3.298283e-05,0.000670952
10447,0.43266353,0.5256145,0.025050605,0.023857584,0.20844653,0.05992659,0.0009738179,0.57626724,0.081928015,0.13695559,0.005978301,0.092881195,0.03438374,0.0034810745,0.016870826,0.04324337,6.92884e-05,0.28163028,0.066481255,0.0064295433,0.0050749984,0.20994237,0.1848074,0.0794596
10449,0.4487784,0.028803738,0.00059987797,0.005723712,0.600721,0.78372836,0.0009009024,0.40073115,0.010029519,0.0046812557,0.020631937,0.002075728,0.013384918,0.0050930493,0.005350509,0.14172967,4.0411574e-05,0.09943255,0.016279744,0.003926925,0.017420528,0.55438703,0.0018239662,0.0029771451
10450,0.4278998,0.41487196,0.048483163,0.0075213406,0.45924452,0.11850155,0.0015768103,0.3107716,0.18164341,0.24660848,0.0023333014,0.01145805,0.13850012,0.0074630165,0.017339129,0.06647243,5.1069026e-05,0.13448295,0.22147898,0.011692509,0.009380494,0.25525898,0.010490968,0.02063123
10454,0.094493955,0.05032769,0.002182945,0.061023425,0.29431108,0.17036676,0.01635073,0.7878955,0.016674707,0.012343539,0.013440515,0.041992173,0.02476543,0.017311526,0.010065337,0.06047539,0.0003449528,0.23473075,0.024468554,0.004207121,0.03536105,0.20699827,0.08670185,0.011087761
10455,0.2973005,0.1457438,0.0020131078,0.025309805,0.19852692,0.301027,0.0019791601,0.7371078,0.021005575,0.021925326,0.017719334,0.022414051,0.036914922,0.005249546,0.0057276106,0.046572436,7.930524e-05,0.12860218,0.017590547,0.002638793,0.011297791,0.2953229,0.021418743,0.16761108
10457,0.076284856,0.07860235,0.007695123,0.020300878,0.41808078,0.114309184,0.002928926,0.66191524,0.054613527,0.12746063,0.009581158,0.01246508,0.14403585,0.011258758,0.013315985,0.1355757,5.0182516e-05,0.31533715,0.12405442,0.0059804833,0.0061117243,0.29122794,0.0128922425,0.0043794434
10459,0.0034716486,0.0072351093,0.001133901,0.042590562,0.39458385,0.029011171,0.0045368937,0.80821085,0.018460019,0.037795667,0.005066713,0.0074648047,0.037605874,0.039648138,0.012562713,0.041298885,2.9672152e-05,0.44166216,0.015828148,0.0023352536,0.003654415,0.0653832,0.003501265,0.00078641874
10460,0.0068447916,0.015658753,0.0051887752,0.050642945,0.4628903,0.028535558,0.014542985,0.6980282,0.035792004,0.083095096,0.0050973035,0.01108393,0.08546716,0.06397692,0.0254624,0.06680156,0.00010184812,0.43880782,0.05679944,0.007771325,0.0067200568,0.098169856,0.0075362665,0.0008564435
10466,0.026992844,0.017229868,0.0005797371,0.015523383,0.49227327,0.13880008,0.00059549446,0.74641645,0.013277053,0.024722362,0.011230839,0.004437709,0.027841685,0.010567478,0.008901336,0.06715049,8.7065655e-06,0.42401108,0.016944913,0.0017132944,0.004038764,0.19878116,0.002695879,0.0022812616
10470,0.01126421,0.012618418,0.0011705456,0.009742321,0.5420176,0.06904411,0.0005269512,0.6832432,0.02193423,0.078337915,0.005563529,0.0020078,0.10444817,0.0124426205,0.009552137,0.10493111,4.1250037e-06,0.46038315,0.055923495,0.0017328669,0.0016783822,0.21094598,0.0010624358,0.00036679392
10475,0.06969994,0.034815658,0.00057651283,1.3639876e-05,0.014132753,0.0055253534,1.8267197e-06,0.010791046,0.0031957105,0.21300747,2.6565694e-06,1.4252165e-05,0.99120426,6.034092e-05,0.00011868969,0.16918509,8.403161e-09,0.001826235,0.43429217,6.16619e-05,3.5500637e-08,0.6326101,6.8861726e-07,1.9716501e-06
10483,0.0195971,0.025402222,0.003944268,0.0024940239,0.8065803,0.065295756,9.888579e-05,0.3396493,0.058877565,0.09183754,0.0016458442,0.00068644615,0.06224392,0.015280641,0.0216581,0.041810285,1.4831556e-06,0.45587727,0.03177832,0.0050168405,0.0023381582,0.10292243,0.00022344789,0.0003271109
10484,0.707584,0.41943678,0.002940771,0.015318664,0.056542717,0.12042047,0.0026593467,0.5534575,0.0065491106,0.023465019,0.0042793215,0.074645095,0.050174225,0.000477671,0.0013699848,0.06459648,9.6925105e-05,0.06847747,0.14909728,0.0015339436,0.0010856935,0.5593205,0.28899804,0.028140642
10485,0.23432511,0.06255708,0.000870822,0.014644528,0.40195718,0.42711812,0.00085090485,0.6608466,0.012117052,0.010099379,0.020430358,0.00944242,0.012361863,0.005549164,0.007475421,0.06541974,2.8710976e-05,0.21580528,0.014060381,0.002705133,0.011202054,0.36339265,0.009111139,0.023214312
10486,0.12002182,0.14365631,0.026975287,0.0183624,0.50164264,0.10506029,0.004630415,0.5412308,0.13035475,0.19217195,0.006498793,0.012930948,0.19464132,0.020512873,0.023268867,0.11553336,9.323231e-05,0.2702244,0.18862285,0.012597759,0.015809983,0.24401465,0.014543443,0.0062087104
10492,0.009183531,0.0040714866,0.0002768826,0.015901087,0.6392261,0.0568209,0.0028507109,0.6760578,0.008935623,0.0054475325,0.0013648084,0.0016330199,0.0044289287,0.029581277,0.007043143,0.012282943,6.8970626e-06,0.33506572,0.0066734618,0.0013711354,0.016829276,0.05490143,0.00075058325,0.0003131662
10493,0.37454033,0.45815286,0.07834823,0.018136801,0.4014521,0.0870687,0.0037612591,0.41208473,0.20609628,0.2543657,0.004288255,0.033828255,0.10196267,0.010579899,0.02602055,0.07585024,0.00014959971,0.18881185,0.18596955,0.020566067,0.012063385,0.21389136,0.051580098,0.029766778
10494,0.0575444,0.052454583,0.0041578664,0.0050053713,0.16912213,0.052750126,0.0014954759,0.38245985,0.025940988,0.15645912,0.0013682299,0.0026707153,0.7757019,0.0038930136,0.0029342892,0.20795871,9.853616e-06,0.07313357,0.2490588,0.0021637669,0.00033868986,0.45239666,0.0014821326,0.0006354559
10495,0.10857842,0.1274671,0.008949594,0.051877245,0.3122251,0.10389477,0.0060854456,0.73774415,0.05265616,0.071246386,0.018106805,0.048975363,0.0789487,0.017891167,0.020825364,0.09545011,0.00023850055,0.33583814,0.05343965,0.007407501,0.01863963,0.21999891,0.08986534,0.021341546
10496,0.16280708,0.031108247,0.0013672803,0.0072630527,0.3955947,0.5952134,0.0011684123,0.4384708,0.012482967,0.03573015,0.03686463,0.00308766,0.15657048,0.0057867207,0.007951257,0.353034,5.6401255e-05,0.13920078,0.036070913,0.0058008106,0.0011100088,0.61992824,0.0013774142,0.0034402837
10497,0.022703731,0.0147793945,0.0010782325,0.00087347283,0.9367723,0.12752232,1.8106422e-05,0.18235214,0.04319158,0.012682777,0.00072284264,0.00018403605,0.0015617908,0.014630182,0.024813185,0.0074661854,3.3709435e-07,0.42964232,0.0019887136,0.003917311,0.0057673953,0.030853273,1.8125322e-05,0.0003277271
10500,0.62685263,0.3837347,0.010942227,0.0029762778,0.12768611,0.059094947,0.001247867,0.2114712,0.03427356,0.14542173,0.0005802363,0.006745114,0.35494834,0.001295825,0.0026516381,0.09129028,2.2834924e-05,0.044161946,0.6042345,0.0021294735,0.0010674247,0.51534253,0.008990147,0.0025168401
10501,0.0025997323,0.0060914448,0.0017767178,0.036644794,0.73710203,0.017715367,0.0029068377,0.44564182,0.024065467,0.0069272886,0.0014231246,0.0030411556,0.0010934736,0.27000046,0.099750735,0.005691323,1.7109416e-05,0.5451666,0.0010496201,0.006504346,0.037944734,0.009843125,0.00062385906,0.00066770095
10507,0.004934423,0.036951125,0.011002337,0.011108171,0.732083,0.006087151,0.00037812375,0.559312,0.13879691,0.09648108,0.00014678706,0.0020076423,0.0052003493,0.034408763,0.021579158,0.003005733,1.8512388e-06,0.4925614,0.011892688,0.0038149,0.01292161,0.0077945297,0.00034686562,0.0008590164
10508,0.38507646,0.2851785,0.015653618,0.007859729,0.41861203,0.16147444,0.0007492694,0.4083356,0.07838568,0.15790154,0.005166609,0.013544949,0.1483158,0.0047919485,0.013714789,0.0949507,3.0750954e-05,0.19473818,0.1281029,0.0077823475,0.0042651184,0.35928738,0.017031062,0.02185482
10510,0.7338618,0.09517949,0.0005181199,0.007003394,0.15507899,0.74637616,0.0009835538,0.5256119,0.0034708981,0.0063055586,0.017658437,0.008584138,0.017504273,0.0006034482,0.0014566089,0.104179434,5.0896673e-05,0.04743475,0.03180839,0.0015829145,0.0016488415,0.74962103,0.0108707445,0.024636237
10514,0.078169696,0.06117821,0.012176186,0.027702836,0.7331623,0.14021072,0.0096092345,0.42655492,0.09363826,0.038954128,0.004849074,0.007724968,0.02557581,0.07492454,0.04025058,0.038636282,0.00012669004,0.2751675,0.03082869,0.017754182,0.11647467,0.10403087,0.0051083295,0.0069184243
10518,0.022175698,0.023528827,0.0027374611,0.015345667,0.70294815,0.077565044,0.00089906296,0.56550384,0.032651745,0.039442506,0.006151021,0.0049639316,0.015153121,0.037509788,0.034359988,0.042748053,1.3617923e-05,0.56862867,0.01776676,0.0056796833,0.009712415,0.093156,0.0028719357,0.0012302095
10520,0.20031865,0.12694678,0.009786648,0.0107885515,0.7517016,0.42424706,0.00073716376,0.32528493,0.09158699,0.030019881,0.012325525,0.0062429276,0.012737372,0.024656024,0.039210152,0.051732514,3.8324382e-05,0.21461514,0.008503142,0.016327625,0.03230184,0.15937564,0.0025460084,0.03956432
10525,0.022411821,0.03143106,0.005172747,0.023901548,0.62205446,0.07067673,0.0021748552,0.6417992,0.048720665,0.064741805,0.007068937,0.007581689,0.03000237,0.0415812,0.031005617,0.05360919,3.176079e-05,0.50694036,0.030612238,0.007389767,0.012147709,0.099188834,0.0049630385,0.0020494685
10528,0.019480942,0.018757157,0.0024661266,0.09612719,0.39083025,0.09513644,0.024378607,0.75895286,0.035577632,0.010235214,0.0054288744,0.016217167,0.0064264033,0.146021,0.029202523,0.017995402,0.00022624705,0.24729371,0.0060831364,0.0047705243,0.18618843,0.046188336,0.0046938807,0.012781033
10529,0.081784174,0.36208978,0.1567217,0.0017270407,0.65040183,0.017285304,0.000111100504,0.17751229,0.49631453,0.5458915,0.00014882427,0.001499288,0.12342755,0.0077425875,0.030258294,0.01977652,1.6376297e-06,0.17798637,0.105850026,0.011968382,0.0022203708,0.044646673,0.00022031143,0.0022473275
10531,0.00096313894,0.0021459728,0.00023602757,0.0033230153,0.83378595,0.009586925,2.76796e-05,0.5246123,0.009000833,0.016169619,0.0004641518,0.0003322937,0.0017969949,0.019411655,0.017558085,0.0054905107,1.1637103e-07,0.76260895,0.0020956602,0.000979167,0.000509636,0.014421607,5.6255896e-05,2.3114555e-05
10532,0.51711905,0.09729226,0.0016023497,0.0067973635,0.45857015,0.5208495,0.0008982008,0.47969264,0.019586515,0.015154822,0.008263238,0.004653917,0.028282737,0.003524398,0.0044294605,0.06522573,2.9660467e-05,0.09731163,0.05017927,0.0029034992,0.017025594,0.48900667,0.0053958157,0.01587896
10534,0.003542266,0.0055822544,0.00020611526,0.0009844552,0.85595095,0.032133464,3.5221058e-06,0.4925288,0.014776846,0.018796809,0.00042224673,0.00017858199,0.0011741851,0.0040285727,0.00890897,0.0049469294,2.4840372e-08,0.6634853,0.0014991895,0.0008655363,0.00037214233,0.021379571,1.1417129e-05,0.000110607056
10535,0.32162687,0.2500873,0.01950546,0.0065597533,0.27338976,0.13535388,0.0013092959,0.3373403,0.08304981,0.22538254,0.004382636,0.0081898775,0.45628157,0.0044121253,0.010010566,0.1593584,4.7472222e-05,0.08924248,0.17856587,0.007823673,0.0016132141,0.4434334,0.009763235,0.013761754
10536,0.009214439,0.015269193,0.0013085902,0.018252177,0.5679679,0.034291103,0.00076134293,0.7259166,0.019944666,0.03300224,0.0033233103,0.0057721334,0.010866305,0.019849872,0.015878597,0.025653161,7.4807413e-06,0.5809527,0.014045964,0.0022394334,0.0036718585,0.05945299,0.003845095,0.0007499534
10539,0.0019236817,0.019649314,0.007321032,0.012891854,0.4796044,0.0062441877,0.00028437175,0.7271112,0.07888583,0.2720887,0.0010550261,0.0036154857,0.0726262,0.018421061,0.016769987,0.029099612,2.072925e-06,0.60603666,0.027252125,0.0027222033,0.0004962973,0.028807355,0.00067106547,0.00029339464
10543,0.1322789,0.10792213,0.001313861,0.078356236,0.110925436,0.03667206,0.0077072172,0.82906884,0.0047065583,0.00508666,0.007414245,0.19973524,0.0026890559,0.0030236177,0.00657364,0.026502987,0.00024584157,0.3728877,0.013655505,0.001834596,0.005179283,0.13823925,0.68291324,0.0056745773
10544,0.030666137,0.033071145,0.0051031467,0.15435402,0.22727166,0.042505186,0.14726906,0.7557244,0.022104856,0.009701512,0.003346004,0.077631354,0.008127948,0.09404828,0.01708426,0.018078288,0.001170462,0.194571,0.015125933,0.007176889,0.06601639,0.047887273,0.09387461,0.008340088
10552,0.0070047867,0.026706252,0.008825708,0.014284445,0.75631034,0.015586888,0.00076947996,0.49748597,0.07452683,0.083996035,0.00110511,0.0033402164,0.00938243,0.05499371,0.049950622,0.014127692,7.1700924e-06,0.6372684,0.016160391,0.007928598,0.0077785486,0.022703964,0.0010684564,0.00049460557
10554,0.0054756165,0.022080991,0.017626056,0.020488279,0.52353907,0.0071730274,0.04005668,0.38049552,0.061634768,0.10016503,0.00014051682,0.0038756654,0.04790433,0.04608947,0.013235227,0.013971256,3.219126e-05,0.18399315,0.08627021,0.013361169,0.0045739273,0.03272529,0.0004977999,0.0002458083
10555,0.05974635,0.01581618,0.0005770403,0.013838989,0.45877963,0.26512444,0.002031166,0.6838391,0.009241993,0.027646294,0.0156116905,0.0033538546,0.10336807,0.00723238,0.004500595,0.17900763,2.4534678e-05,0.2754986,0.07101181,0.0021919538,0.0031526918,0.46375084,0.0031819437,0.0009757942
10566,0.12997185,0.09519112,0.004465481,0.022255361,0.46560434,0.13979308,0.002266003,0.6588863,0.03257807,0.044969067,0.009981784,0.020276269,0.0334662,0.009012814,0.013479557,0.07410454,6.19423e-05,0.36273834,0.05742945,0.005540146,0.012447759,0.24924715,0.036673613,0.0077177966
10567,0.38984582,0.090399764,0.0013673271,0.0041334396,0.17535254,0.3299069,0.00079239375,0.38554242,0.008209937,0.040902775,0.0045618936,0.0036695404,0.32128784,0.0012487243,0.0014949491,0.18248156,1.599521e-05,0.0480772,0.16030478,0.0018457429,0.0005036978,0.68809295,0.0036260416,0.0049286177
10571,0.4930478,0.3489327,0.018480485,0.0016416248,0.14918344,0.020143542,0.0011954176,0.11833931,0.058267396,0.20537958,0.000118320066,0.003390648,0.52489644,0.0022037516,0.0036987353,0.074787214,1.2530963e-05,0.03924213,0.7589435,0.0021679816,0.0009958612,0.3725073,0.002545879,0.00044427675
10578,0.11145131,0.08808264,0.0069808867,0.015392938,0.6333858,0.10679372,0.0025695823,0.5627673,0.075333975,0.058664992,0.0030189427,0.0074165445,0.043432623,0.017898459,0.013422835,0.0330485,3.6528352e-05,0.2764731,0.073475406,0.0056320117,0.04788635,0.14755279,0.0080535915,0.007638172
10583,0.5094916,0.15466094,0.0031259896,0.0140384445,0.30557257,0.4772555,0.0024215574,0.5463793,0.021296896,0.027212003,0.014835391,0.012920734,0.04874543,0.003809084,0.0054794643,0.08926726,9.562487e-05,0.101080544,0.055910014,0.0050910898,0.009886225,0.5160997,0.015563185,0.052999992
10584,0.053858537,0.02336996,0.0012665343,0.06693503,0.31992912,0.18371841,0.021619737,0.8105538,0.015911924,0.006517193,0.008289606,0.020504195,0.008379819,0.034860115,0.009245674,0.027889986,0.00022034966,0.19539344,0.009488272,0.0032021652,0.080202304,0.10897183,0.015821317,0.012715725
10586,0.060607493,0.014834512,0.0006431025,0.005012458,0.63994527,0.3304334,0.0005323493,0.49546477,0.012542061,0.01993387,0.009660636,0.0012467284,0.05888123,0.008283031,0.007187691,0.12458692,8.208212e-06,0.24120982,0.020889077,0.0033613413,0.002183403,0.33521155,0.00062743144,0.0008171565
10587,0.27022952,0.15446578,0.009015319,0.001882393,0.15925492,0.031966485,0.0016394422,0.1260138,0.033651225,0.126116,0.00020865016,0.0018884895,0.72264457,0.0032197956,0.0027181131,0.11446861,1.20277355e-05,0.0276199,0.59716934,0.0022791417,0.00082161516,0.44518676,0.0012615126,0.00034859448
10588,0.060291965,0.01816859,0.0012820241,0.0025866886,0.8319584,0.18324444,0.00029410963,0.32448903,0.037842453,0.02114888,0.0018494654,0.0003994512,0.022724561,0.01825121,0.0113639925,0.026054837,3.6515012e-06,0.2657684,0.020661727,0.003947855,0.019790422,0.12500031,0.00010555671,0.0006668482
10592,0.29385346,0.034738213,0.0006369493,0.0036182527,0.5092402,0.6927892,0.00025627654,0.40151313,0.011673904,0.016976364,0.021705283,0.0014189768,0.05398711,0.0031873535,0.0051217126,0.18028302,1.4726211e-05,0.10588473,0.013555668,0.0038496726,0.0017119851,0.54699016,0.00068385585,0.006147082
10594,0.6147344,0.1220185,0.0012739308,0.0053956085,0.13531767,0.5598223,0.0006775984,0.44710758,0.0051165763,0.028802816,0.022260642,0.007684433,0.13562319,0.0005853709,0.0021484043,0.33732614,4.321254e-05,0.08358916,0.15814579,0.0021585082,0.0004378606,0.8290962,0.013772087,0.0041117663
10595,0.0044498364,0.0047184336,0.00021276234,0.0062244125,0.72207296,0.04195229,5.4533135e-05,0.63293815,0.008034872,0.013208544,0.0033832765,0.0011812032,0.0039440505,0.015159804,0.015988968,0.01836916,6.547788e-07,0.70084155,0.0030217308,0.0010404567,0.001339081,0.052217603,0.000422055,0.00020575829
10596,0.8134768,0.14349149,0.0007621679,0.0022310817,0.21331036,0.66473746,0.00024937704,0.33115435,0.00509195,0.013494301,0.007987934,0.0034664774,0.042684495,0.00034970103,0.0012181696,0.1339824,1.6456675e-05,0.044698395,0.11194921,0.0012786924,0.00078958145,0.80371386,0.006791703,0.0069177817
10599,0.32865158,0.2180461,0.00245496,0.025247227,0.16724029,0.28976214,0.001038634,0.72902024,0.019426396,0.025831196,0.024403475,0.03695177,0.022615476,0.0032568332,0.0069772056,0.04267966,7.510118e-05,0.15533118,0.011243804,0.0030600836,0.0047567277,0.29311365,0.032772988,0.31068054
10602,0.015085835,0.07033173,0.05976587,0.0015435904,0.63497895,0.035407,0.00016808334,0.092694834,0.23907596,0.40233865,0.00047863432,0.0005965201,0.5634326,0.02125427,0.03620606,0.076132804,4.3992577e-06,0.10788401,0.043667063,0.024762059,0.00047816418,0.105294526,3.352139e-05,0.00072091917
10604,0.58543426,0.3333918,0.0051394943,0.019886276,0.13537787,0.2459599,0.002884549,0.6022611,0.020155339,0.04619386,0.010909482,0.043185003,0.053163644,0.0016146931,0.0039842585,0.073332705,0.00012922111,0.09676226,0.08142064,0.0038833958,0.0032979345,0.49145487,0.081921965,0.1025863
10610,0.038121574,0.0019749778,4.293524e-05,0.0033450883,0.061549116,0.70324534,0.0003318989,0.39803702,0.0006899898,0.016091766,0.01834422,0.0005716507,0.5828266,0.0015599428,0.00060071616,0.5374023,8.388754e-06,0.01740057,0.00967531,0.0007025349,6.145223e-06,0.80131835,2.3620865e-05,0.0005676672
10615,0.08190848,0.13121173,0.023060882,0.0054161726,0.3859426,0.06562901,0.00064078986,0.39638156,0.12728542,0.31181613,0.0022978066,0.0038969582,0.46221593,0.007836713,0.012145363,0.11204087,1.29396985e-05,0.15158077,0.13072455,0.0069296085,0.001467588,0.2470407,0.0021200173,0.0039108894
10616,0.0022044878,0.0058017513,0.0013589988,0.0065801763,0.81329525,0.0052395053,0.00058282696,0.47801858,0.029195152,0.021326521,8.4743304e-05,0.0005508058,0.0019386341,0.033598885,0.013709373,0.001960025,8.2918876e-07,0.5257496,0.0074994285,0.001972913,0.008954751,0.008343425,8.623182e-05,7.016107e-05
10617,0.0057690637,0.013223387,0.002122161,0.0009867582,0.93435585,0.015886974,1.8556753e-05,0.23082462,0.07047468,0.041544735,0.00010054032,0.0001354465,0.0021472902,0.016077984,0.022180816,0.0025164378,1.204536e-07,0.59227705,0.005570245,0.0030913213,0.0046759173,0.010809844,9.464916e-06,9.4814764e-05
10622,0.1524564,0.10403941,0.008985755,0.003659765,0.22369382,0.06310955,0.0019621537,0.23164548,0.040929757,0.14251578,0.0008710527,0.0025574896,0.72039634,0.0052909525,0.0042928015,0.15182734,1.8816845e-05,0.04819328,0.353158,0.0036480417,0.0010876147,0.44979358,0.0017800368,0.0009948523
10624,0.72261673,0.050909348,0.00022461907,0.00305352,0.25765195,0.8090128,0.00027300257,0.47096592,0.0030504747,0.004142443,0.014097406,0.0024937666,0.013708269,0.00047116182,0.0011458604,0.12248057,1.4017967e-05,0.048080016,0.024247311,0.0010421823,0.0017310235,0.7648025,0.0030247045,0.0058760676
10627,0.37800568,0.20013496,0.011239622,0.0026417586,0.3650378,0.11996377,0.0007232244,0.25842884,0.067420684,0.1466115,0.0013938254,0.0023985056,0.44865128,0.0040818444,0.0062205875,0.10747265,1.36618755e-05,0.08153052,0.3426614,0.003600702,0.0034805667,0.44135636,0.0031185464,0.0029149088
10630,0.19784041,0.08304923,0.0020727748,0.012348428,0.27627885,0.21309446,0.0011403244,0.61417365,0.014127354,0.062284674,0.016725877,0.012602505,0.13072447,0.00270328,0.006360514,0.22036442,3.6302485e-05,0.27635396,0.1301574,0.0026375707,0.0015485407,0.5646546,0.021013297,0.0031193201
10633,0.43412653,0.10588037,0.0018602853,0.008473161,0.32126117,0.4055632,0.0015112906,0.5337626,0.014240206,0.03606441,0.012542363,0.0071047717,0.10102235,0.0021953834,0.0036439246,0.17107464,4.635454e-05,0.13012826,0.13830169,0.0031588508,0.003421154,0.6356865,0.012038712,0.006193668
10634,0.05628672,0.022393182,0.0004141427,0.014004383,0.41905537,0.20811181,0.0006410825,0.74587595,0.009353451,0.018324077,0.012987887,0.0049504354,0.033364695,0.005435129,0.004941274,0.07693118,1.0108019e-05,0.32331988,0.019727195,0.0013869266,0.0037869432,0.29346246,0.003719851,0.0035643561
10635,0.41984645,0.51002884,0.051154062,0.00024875347,0.21747711,0.0043689692,0.00012721457,0.046053015,0.19020869,0.48387074,6.1801393e-06,0.0008530359,0.4574643,0.0008600135,0.0042920373,0.023470115,9.885155e-07,0.03584987,0.84502494,0.0014428819,0.0002584986,0.15814282,0.00017342273,8.050533e-05
10636,0.104753,0.05515787,0.002917209,0.020283977,0.351921,0.20425284,0.003563545,0.6660994,0.02745524,0.06645286,0.015810652,0.009819331,0.212022,0.010668867,0.008716726,0.17997546,6.791594e-05,0.23227115,0.101361066,0.00424634,0.007231959,0.4290398,0.011056747,0.005480212
10642,0.019087767,0.01080782,0.0003998718,0.031075718,0.23762235,0.18112527,0.0029876856,0.8036673,0.0062273866,0.024919886,0.025925424,0.008667841,0.15598491,0.0092314035,0.004940219,0.19848855,4.7977945e-05,0.26292944,0.03203079,0.0012817298,0.0016634506,0.38372117,0.0060226656,0.001657945
10646,0.0045194575,0.009641453,0.0016253382,0.0151880495,0.6369311,0.02999827,0.00059031026,0.68343496,0.027543856,0.06155497,0.003637825,0.0025301378,0.024958458,0.031987064,0.021016559,0.03629756,4.92652e-06,0.6063098,0.01879345,0.0028944614,0.0028036428,0.06285521,0.0009776821,0.00034559352
10647,0.010722394,0.0089324815,0.00035268095,0.010823726,0.5746962,0.10843407,0.0001716884,0.7222882,0.009416537,0.021820372,0.010663065,0.0029776832,0.011426336,0.010869166,0.012778801,0.05702048,3.0320798e-06,0.57648623,0.0073173805,0.0014150371,0.0013277327,0.13332318,0.001064232,0.0008095156
10648,0.017608535,0.022409687,0.0027783592,0.016463937,0.6451165,0.071748085,0.00047336044,0.55718327,0.024888813,0.048532292,0.0132688405,0.008238209,0.017363869,0.037859898,0.060576156,0.08641307,1.3552663e-05,0.7089837,0.015731785,0.0051536895,0.0032167549,0.118421935,0.0055549536,0.00073723856
10653,0.035869073,0.059120953,0.018330645,0.002632682,0.35678002,0.052352175,0.0006858929,0.17353554,0.08789651,0.27725524,0.0010084469,0.0011735017,0.78653705,0.010515216,0.011618825,0.15115814,1.160989e-05,0.06747775,0.13169421,0.009577987,0.00044491736,0.29339,0.00021065415,0.0007512623
10655,0.028219977,0.026089204,0.003694162,0.008700132,0.72002447,0.06455862,0.0014622201,0.48478308,0.048835788,0.06594774,0.0021610053,0.0019048641,0.08531583,0.023228835,0.013705125,0.043129083,1.0744346e-05,0.36298257,0.07504257,0.0046161185,0.012125955,0.1330169,0.0012364703,0.0006842339
10659,0.07868212,0.065518655,0.005971756,0.03525583,0.42740193,0.14049329,0.006740308,0.6894041,0.041608933,0.07157532,0.015636882,0.020943612,0.12595792,0.021683166,0.01720995,0.132332,0.00015491174,0.32907054,0.0875726,0.007719341,0.015267321,0.2783578,0.02856198,0.0068778205
10663,0.0053722933,0.0043514166,0.0029157281,0.14065829,0.18032487,0.012585872,0.8940331,0.3240845,0.003543133,0.0012287768,0.00011081587,0.044809207,0.001024184,0.20420451,0.008934732,0.0050384463,0.0017589126,0.033396732,0.006639099,0.012848975,0.017385794,0.015877726,0.008567702,0.00033191885
10665,0.05809416,0.142188,0.058834363,0.010485143,0.8269276,0.08303597,0.0010341534,0.26451644,0.2548801,0.15855362,0.0029112827,0.00484105,0.029651418,0.056773555,0.08932151,0.037261598,2.9940078e-05,0.4028329,0.029689474,0.033148617,0.025831293,0.057161223,0.001574101,0.0053973827
10671,0.22289187,0.22702858,0.017683111,0.009105725,0.6065832,0.17387182,0.00070197904,0.47178063,0.14883764,0.12250048,0.0030851143,0.0067140725,0.04739567,0.0110825235,0.016060593,0.031779986,1.9142093e-05,0.17946522,0.05398298,0.00889462,0.020785345,0.14851709,0.003486128,0.048320025
10673,0.043519173,0.03676495,0.0045946855,0.009072575,0.77678394,0.10128195,0.001256776,0.44818482,0.069160715,0.043039493,0.0022495342,0.0020937717,0.021055628,0.025190113,0.018084716,0.025813013,1.2537239e-05,0.322552,0.027101135,0.0074478653,0.026408384,0.088225864,0.0008497867,0.0020193146
10674,0.053636465,0.021573184,0.0015413271,0.034422964,0.6092526,0.09817726,0.0060032317,0.62258506,0.03295223,0.0055340934,0.0025048212,0.0059920372,0.0031854878,0.07900197,0.02572217,0.010907706,5.6294964e-05,0.29701003,0.0067721787,0.0032797481,0.3131642,0.053183205,0.004780839,0.0039723227
10675,0.048847336,0.0223331,0.0013258456,0.006461089,0.5853398,0.13552913,0.00078624557,0.5511256,0.023939986,0.05353635,0.00444733,0.0016295236,0.14126073,0.00994329,0.006727489,0.096200824,7.555623e-06,0.29072976,0.08917678,0.0022062168,0.004376974,0.29911214,0.0012064317,0.0006841939
10676,0.41580006,0.118254036,0.0016869127,0.011815029,0.38652462,0.40865216,0.001141751,0.6019533,0.021283148,0.012843412,0.009579072,0.009535523,0.02509071,0.0039311573,0.0048872908,0.045293905,4.0283678e-05,0.11241429,0.028155902,0.0027676774,0.02527108,0.3885191,0.015005788,0.041737527
10677,0.031402294,0.022006478,0.0032941874,0.0056535657,0.15342748,0.10359773,0.005328694,0.18055972,0.010681759,0.08426509,0.0019725922,0.0026128665,0.88535416,0.009403657,0.0033339646,0.3338477,5.0873572e-05,0.028995495,0.15773007,0.005587871,0.00016858862,0.5430979,0.00042169946,0.00045144057
10681,0.021814287,0.02176039,0.00081824145,0.01706474,0.4911318,0.10394574,0.0004597543,0.7782353,0.025026787,0.020821042,0.0056295237,0.0046988875,0.011430268,0.014018513,0.009781215,0.02635942,7.347913e-06,0.3789884,0.007009037,0.001618008,0.010437465,0.084416315,0.0016506385,0.00490156
10683,0.015561849,0.008419156,0.0015202399,0.067942694,0.57788825,0.07744796,0.02995165,0.5972054,0.019188644,0.004274426,0.002940188,0.008354519,0.001739683,0.19386157,0.046194028,0.010506899,0.00012434293,0.30535507,0.0031811043,0.007425452,0.16680616,0.033041768,0.0025754,0.0030234123
10684,0.028212044,0.038896322,0.007165607,0.010019903,0.4803166,0.07381925,0.00165049,0.5346908,0.056218356,0.16955583,0.0044705244,0.0037084788,0.40435773,0.01508889,0.012044124,0.1536406,1.8956378e-05,0.28012484,0.1483931,0.005398696,0.002683796,0.27907282,0.0024284986,0.00090918544
10688,0.541836,0.8284908,0.023283755,0.013923921,0.05306071,0.013039941,6.1093735e-05,0.5895299,0.08401467,0.1970152,0.001726173,0.20033503,0.006401312,0.0005596082,0.0091366125,0.008719978,1.265117e-05,0.24497981,0.014896081,0.0017818316,0.0003515321,0.06552856,0.20177881,0.30773026
10689,0.26908427,0.16239765,0.0074802446,0.07734891,0.23123908,0.11227853,0.03013102,0.73179555,0.026638025,0.021484375,0.01064921,0.10406917,0.023903042,0.01370098,0.013443184,0.060598202,0.0008331041,0.24786024,0.076222554,0.0078054974,0.0440931,0.24933615,0.35683364,0.015242107
10699,0.34189284,0.15131858,0.0071942885,0.010267343,0.39896604,0.2808766,0.0021705732,0.51194966,0.04436161,0.083663724,0.009382227,0.00887013,0.14612237,0.0057449522,0.008656273,0.1400493,6.39477e-05,0.16165817,0.16372508,0.006674869,0.0080140745,0.48362198,0.012949482,0.011257377
10701,0.66939,0.022462467,7.3229276e-05,0.0028834548,0.20876637,0.8991857,0.00024526144,0.5094836,0.001233597,0.0023450882,0.025178196,0.0018094891,0.008762484,0.00033823214,0.0007580024,0.19422476,1.1790726e-05,0.04421765,0.011354877,0.0007982547,0.00050014537,0.81349456,0.0010559085,0.0034830119
10702,0.055939935,0.017326508,0.00027121615,0.01991011,0.17623682,0.2776323,0.0020268073,0.787099,0.0043256944,0.01952651,0.021912506,0.006774613,0.13399214,0.0025755998,0.0018440445,0.18904608,2.9420196e-05,0.16556187,0.033071794,0.00091440143,0.00084859674,0.5031769,0.00435554,0.0029490106
10703,0.3922707,0.036762524,0.0004893676,0.01099953,0.45764107,0.62026674,0.0013634299,0.5839311,0.010098978,0.0044350764,0.015750667,0.004352787,0.013971362,0.006598642,0.0048571317,0.06700879,3.8588798e-05,0.11857349,0.01599236,0.002278385,0.044614974,0.4585663,0.0041450486,0.010905927
10704,0.20559192,0.08881911,0.007408563,0.03211214,0.5631914,0.35678115,0.008842894,0.57872725,0.05847088,0.028076231,0.018062742,0.014893025,0.038155913,0.03215201,0.022102706,0.09419646,0.00024685697,0.21651883,0.04031982,0.01176233,0.1052179,0.26985887,0.018396156,0.018538563
10705,0.10972278,0.083204776,0.007633496,0.003269231,0.18721658,0.0685038,0.0011430286,0.23015127,0.03529808,0.17916256,0.0013476002,0.002256381,0.7980178,0.004414166,0.004718246,0.21145116,1.5513288e-05,0.05137959,0.2572361,0.0035562953,0.00035220248,0.48850212,0.0011451467,0.00092063984
10706,0.10601505,0.04191092,0.0014460939,0.010370438,0.34220827,0.20112215,0.0016429939,0.648855,0.014254946,0.055239238,0.0090535395,0.0049210633,0.13670601,0.0035888015,0.0040752944,0.18178742,2.214809e-05,0.23280473,0.15581141,0.002135393,0.0018686046,0.5013435,0.0054776766,0.0013059917
10716,0.04602933,0.03836535,0.0037886829,0.018912133,0.29670662,0.13026986,0.004947188,0.6185682,0.029436199,0.11566115,0.010637004,0.0070612933,0.5068536,0.011263823,0.0071455925,0.24550498,5.625917e-05,0.17902026,0.13504757,0.0045724306,0.0021977087,0.4301978,0.005332744,0.0023995233
10720,0.051631227,0.020533169,0.0004864914,0.004338104,0.123698175,0.21362214,0.00022289062,0.5155324,0.005606537,0.090442926,0.0132313715,0.0017272531,0.6480603,0.001261881,0.0020139117,0.39739284,4.6674154e-06,0.0976379,0.054892384,0.0009954352,3.0450818e-05,0.6721107,0.0006018652,0.00097622396
10722,0.44587615,0.08525085,0.00058290665,0.031588763,0.06905221,0.35547027,0.015869157,0.6634888,0.0011073237,0.0062183156,0.018304864,0.068896115,0.02809308,0.0006619495,0.0010167325,0.2053629,0.0003224602,0.10462216,0.1555608,0.0017795786,0.0007000063,0.74123335,0.1702926,0.0034883467
10723,0.0014143601,0.0024601584,6.84794e-05,0.044049315,0.24916692,0.021504052,0.00093178113,0.9101968,0.0012799315,0.0023784754,0.0047360654,0.013607259,0.00049946434,0.007288629,0.004688489,0.010351873,7.189415e-06,0.61915934,0.0011346632,0.00032773177,0.0005814869,0.027927978,0.009725937,0.00024878382
10727,0.042594437,0.038967367,0.006402738,0.06826601,0.21277992,0.12536874,0.06494385,0.6594341,0.022200378,0.07907987,0.01322521,0.040503915,0.28932354,0.025564434,0.009341118,0.22713831,0.0008553706,0.15812068,0.1841884,0.009527727,0.004747168,0.37110552,0.028044337,0.0043210424
10729,0.7315418,0.5324254,0.01739938,0.0030287176,0.1304312,0.03658102,0.0014217829,0.1718604,0.045147754,0.16131093,0.00029172582,0.01135681,0.2523802,0.0014369144,0.0029052098,0.05301431,2.7082935e-05,0.04346583,0.7133758,0.0021784187,0.0019664378,0.4482719,0.01746719,0.0037425058
10736,0.122887276,0.014837063,0.00044651324,0.011443963,0.6934365,0.35086936,0.0013692981,0.49568552,0.019095168,0.0029575403,0.0052649016,0.001646356,0.004008178,0.036639947,0.013069639,0.019845711,1.9146328e-05,0.19286369,0.0051789857,0.002150989,0.21327637,0.1364771,0.00079495984,0.0039021126
10738,0.12877466,0.011419262,0.000118061085,0.007838273,0.07395704,0.5926471,0.001073989,0.5754328,0.00081027724,0.013170536,0.030247677,0.004311864,0.20424207,0.00070792367,0.00075320894,0.47196856,2.9115326e-05,0.05840497,0.05147335,0.00083645515,3.8849113e-05,0.83490145,0.0016129237,0.00086790277
10740,0.16361828,0.044992905,0.0021976333,0.0025823496,0.50277996,0.25430775,0.00033575582,0.35074723,0.03347049,0.068110146,0.0041683195,0.00082786335,0.36663255,0.006724256,0.0060189986,0.15448968,6.586908e-06,0.12314125,0.10455484,0.0028656311,0.0028577908,0.4677097,0.00064187206,0.0013170678
10744,0.0006566733,0.0019333233,0.0004745416,0.001952821,0.96577436,0.0039021533,1.553908e-05,0.124438606,0.016370822,0.0032193933,6.446993e-05,0.000115244715,5.7841364e-05,0.112347916,0.12110353,0.0005247539,6.8566706e-08,0.81193936,0.00012480537,0.0024526347,0.0047303755,0.0013833841,9.933324e-06,1.4334088e-05
10748,0.12392367,0.1929896,0.004272409,0.07400795,0.104272366,0.03253247,0.006909941,0.81225,0.02299443,0.041655626,0.0068585626,0.16069804,0.04369386,0.004434026,0.006743948,0.04165729,0.00022014807,0.2597268,0.037170123,0.0022772243,0.006077226,0.14239565,0.3316053,0.03282261
10756,0.64947665,0.18635385,0.0024098412,0.005891518,0.14410606,0.48239094,0.0009889342,0.43452382,0.01174065,0.057911556,0.010248699,0.008608162,0.15776052,0.0009923715,0.002384888,0.1677551,5.0228195e-05,0.05168359,0.13957122,0.003062118,0.00075387926,0.7122878,0.008402717,0.03159561
10757,0.43250948,0.15271913,0.004832656,0.004375815,0.5677172,0.5560993,0.00041947028,0.28993127,0.04230398,0.039013404,0.009179782,0.0036218937,0.042353343,0.0042469697,0.009856076,0.071231745,2.6187266e-05,0.08190324,0.025191443,0.008184697,0.0039027336,0.3801424,0.0017656031,0.049056992
10761,0.6225071,0.10933851,0.00077980396,0.009628286,0.19989657,0.59974,0.0011211807,0.6061547,0.0055557415,0.010401496,0.018394426,0.010891734,0.029058391,0.0010003147,0.0021094808,0.12421942,4.519145e-05,0.089581475,0.04802676,0.0018699336,0.0029762906,0.70950264,0.020180337,0.016389789
10762,0.038414255,0.021804394,0.0022089623,0.011431055,0.4132682,0.19796531,0.0019634324,0.5312933,0.026982976,0.081503265,0.010614271,0.002401627,0.50872326,0.015703268,0.0074354005,0.21486706,2.4439496e-05,0.15869734,0.06393226,0.004894694,0.0022997523,0.425623,0.0010776446,0.00217476
10763,0.06647962,0.031459887,0.0027740966,0.0044448795,0.78369904,0.12792769,0.00064336584,0.40378332,0.06393649,0.03631155,0.0013425013,0.00081606436,0.02669963,0.016277775,0.01057674,0.023214452,6.3753682e-06,0.24924585,0.039180044,0.0043441015,0.030454218,0.12015354,0.00029633258,0.0013079148
10769,0.034079578,0.010075091,0.00033564455,0.0043459106,0.0859029,0.24327767,0.00067018607,0.34535566,0.0023720833,0.044649906,0.0069795684,0.001669502,0.79786557,0.0020432216,0.0011550604,0.47216257,1.1265322e-05,0.03857326,0.06945492,0.0011277872,1.8107425e-05,0.72598803,0.0003445586,0.0003742271
10771,0.17606851,0.11291113,0.028104033,0.027022596,0.7802446,0.2557938,0.018286489,0.19508015,0.1565948,0.021004612,0.003075858,0.0070370925,0.009230551,0.10982228,0.066079445,0.020646395,0.00026123616,0.11057379,0.010957266,0.03736345,0.34582442,0.069152944,0.0019167193,0.031654548
10777,0.019064557,0.013274317,0.0010053915,0.0047529326,0.85172373,0.13312209,8.864859e-05,0.35211813,0.022067348,0.016871184,0.006067211,0.0013577007,0.005483366,0.029527241,0.04467153,0.035038464,2.2952404e-06,0.61434907,0.0035210317,0.004426673,0.004061711,0.07687363,0.00042273788,0.0006015277
10778,0.1169476,0.05124694,0.0025977462,0.007863835,0.24737693,0.20050667,0.0015876746,0.4619936,0.01828383,0.08598028,0.008883405,0.0040006447,0.51570773,0.005056709,0.005150043,0.29466102,3.065439e-05,0.122463204,0.19237077,0.0028612022,0.0009315414,0.5944294,0.0032498024,0.0015448154
10781,0.06181285,0.040753093,0.0035596613,0.015090111,0.2413936,0.18965785,0.0035437762,0.56745493,0.024376823,0.12423517,0.0155798085,0.0065251966,0.5592822,0.008666229,0.007401206,0.33372757,6.679068e-05,0.15113483,0.12797439,0.0047204182,0.0010277266,0.53211033,0.0038512107,0.0026896582
10782,0.28150612,0.050317273,0.002775919,0.031972356,0.39973095,0.5379181,0.020291591,0.6019959,0.022069674,0.013821324,0.021563973,0.013367726,0.03744817,0.022585219,0.010332615,0.11202269,0.0004074121,0.117754355,0.04361866,0.008201916,0.065517195,0.39171612,0.00995593,0.018056905
10788,0.022360237,0.035754256,0.0061153574,0.010713001,0.372785,0.08281375,0.0013429086,0.55804753,0.04728925,0.19228305,0.006189378,0.0040107616,0.49737006,0.010288079,0.009318795,0.17949568,1.7907088e-05,0.21035525,0.0856642,0.0056505613,0.0008166116,0.29144472,0.0016028594,0.001590601
10792,0.09858279,0.032183606,0.002949518,0.010704867,0.7485732,0.14194927,0.005165903,0.42624614,0.04963999,0.015816892,0.0015123953,0.0021950554,0.0159969,0.033875767,0.012317673,0.017702444,3.3767676e-05,0.19267628,0.03232584,0.0060433396,0.1424419,0.10981051,0.0014377912,0.0027428062
10798,0.56060815,0.46184608,0.026767312,0.00846823,0.36072144,0.09465022,0.0010487699,0.34906998,0.0963199,0.17656924,0.0026764877,0.022657124,0.1353988,0.004947392,0.012731503,0.062442698,4.3099655e-05,0.16860746,0.25656387,0.006584264,0.008259988,0.33554348,0.04771057,0.030151052
10805,0.017271047,0.022693919,0.003405665,0.0109021105,0.6454739,0.082895674,0.00051169883,0.5830883,0.04157435,0.095088765,0.008046707,0.0031960825,0.08085155,0.025369216,0.025679462,0.09834534,9.53102e-06,0.53713536,0.041272264,0.004834863,0.0034327686,0.16175905,0.0014976484,0.0007602956
10806,0.21754965,0.18242212,0.02864413,0.009999046,0.73947746,0.33538502,0.0016597582,0.2722465,0.16142204,0.099960305,0.0100660445,0.0062984102,0.09421652,0.031057082,0.038986873,0.085981615,8.266664e-05,0.1646534,0.038646933,0.028242659,0.027415583,0.21141736,0.003533073,0.03740407
10807,0.16791208,0.06177681,0.0032717816,0.011428388,0.70738953,0.19845288,0.0020899186,0.44439182,0.036099114,0.01527356,0.003638828,0.006138724,0.009902879,0.01445535,0.01413504,0.027436135,2.9600309e-05,0.25095266,0.025711598,0.0057635084,0.04733535,0.1733746,0.008289645,0.0049784062
10809,0.070838526,0.01597637,0.00092232256,0.00881562,0.40968582,0.5956486,0.00070588436,0.44081843,0.009979914,0.03634751,0.07631964,0.0030216738,0.16158372,0.010776401,0.015324353,0.4788494,4.918886e-05,0.22106788,0.018906167,0.00550896,0.0006604349,0.6097217,0.00086902495,0.0017894999
10811,0.028904764,0.029509285,0.0026824423,0.010636678,0.62033224,0.101765156,0.00072755525,0.64137876,0.04041171,0.07183317,0.0049844906,0.0032332204,0.051637195,0.014391917,0.0123430155,0.06160866,8.034804e-06,0.3971982,0.040400043,0.0038351659,0.004976149,0.15631615,0.0015297704,0.0017968083
10814,0.10439161,0.01771389,0.0004839651,0.0048400643,0.20022632,0.45158097,0.00055429153,0.43093255,0.0050482424,0.038861368,0.018277373,0.0017059139,0.48556897,0.0025817247,0.0025140285,0.3981604,1.7297167e-05,0.0786324,0.04965447,0.0020861644,0.00014201239,0.7182387,0.0006505106,0.0012639525
10817,0.021993374,0.032540716,0.010798,0.07684523,0.58567,0.028877003,0.07022262,0.54081285,0.049857304,0.020758616,0.001647463,0.019454947,0.0074155475,0.14494027,0.046102628,0.013447072,0.0002696827,0.29853806,0.018398063,0.01681243,0.06715036,0.032267224,0.017279312,0.0027833262
10818,0.013519493,0.015608135,0.0019205303,0.014209908,0.7789898,0.049393885,0.0005512199,0.46059772,0.028772691,0.019008467,0.0034314,0.0028939326,0.0059583997,0.071757495,0.05413229,0.021047115,7.575218e-06,0.61067015,0.0057179667,0.0049622073,0.015950596,0.043827362,0.0015994018,0.0007556206
10819,0.0064592436,0.01414146,0.0016131803,0.003624312,0.85158455,0.021799803,7.821285e-05,0.44450465,0.050920922,0.02971876,0.00032762683,0.00056300894,0.0017712842,0.017261872,0.018876025,0.004238088,4.640368e-07,0.5543912,0.00410671,0.0030096208,0.005154963,0.015025443,7.0291724e-05,0.00033803147
10831,0.044936594,0.053241443,0.0024226995,0.04880437,0.29262117,0.08815528,0.0052199154,0.8032452,0.027298808,0.032630943,0.010994359,0.026770446,0.04789409,0.018829254,0.010893614,0.04869098,9.907598e-05,0.30240643,0.021467775,0.0033126774,0.016824977,0.14362274,0.026196506,0.021565568
10846,0.8176486,0.57437694,0.009095097,0.0010244596,0.04948957,0.014302887,0.00073416525,0.07388813,0.018257478,0.13326667,3.66546e-05,0.006103292,0.3148733,0.0004589665,0.00093215716,0.039575867,9.57391e-06,0.015743654,0.88573873,0.00073133234,0.0003082549,0.49054718,0.0049697454,0.00060448574
10852,0.17025131,0.12986828,0.0152222235,0.018443404,0.6295364,0.2328206,0.0027886278,0.5094311,0.110224366,0.08800996,0.011979207,0.010257637,0.092274666,0.028961368,0.02749423,0.093388125,8.4680374e-05,0.26021606,0.061671823,0.0142540885,0.04456466,0.24140626,0.01041111,0.01995007
10858,0.06549132,0.020048743,0.0018876889,0.011973153,0.69743633,0.15681764,0.0074482355,0.49404916,0.019402131,0.016215637,0.0034903595,0.0032208578,0.024855107,0.019214902,0.0093655335,0.04883509,5.0684044e-05,0.274602,0.05693732,0.005521121,0.020617742,0.1886723,0.003384875,0.0006000761
10860,0.1309842,0.030814726,0.00097379234,0.002548235,0.1140081,0.22289635,0.0009323233,0.24074799,0.0049567344,0.045076173,0.0017390016,0.0013177766,0.7548086,0.0020235924,0.000984498,0.24285047,9.808221e-06,0.019503117,0.1330543,0.0017591335,9.398883e-05,0.6614724,0.0003648869,0.0011663706
10861,0.59638214,0.3733321,0.007048463,0.0069285454,0.08977175,0.06107855,0.00222421,0.3344432,0.016879782,0.090796284,0.001199124,0.023782548,0.25134504,0.00093221496,0.001974169,0.106664516,3.74968e-05,0.057782713,0.47981763,0.0021627333,0.0007488322,0.55039334,0.054778602,0.004671606
10867,0.47868618,0.3294603,0.020689322,0.004041798,0.21011057,0.041779663,0.0025309199,0.20782588,0.06881475,0.17306684,0.00047556323,0.006635484,0.43833572,0.003938472,0.0054503037,0.08757312,3.2295466e-05,0.057580847,0.6109139,0.0039298316,0.0031920974,0.39433652,0.008767452,0.0019350585
10871,0.4339442,0.09157974,0.003262809,0.0049539977,0.64665467,0.50907546,0.0009006462,0.34530997,0.036611762,0.021896815,0.008049379,0.0028043773,0.04737492,0.00717519,0.00834863,0.08803516,3.595903e-05,0.11708579,0.05622598,0.005851503,0.02163135,0.42973468,0.0032874937,0.0077054924
10877,0.06920824,0.05956368,0.006811643,0.0015916828,0.18524086,0.049844846,0.00038673848,0.17127126,0.036251634,0.23664528,0.000866963,0.00093738566,0.8722194,0.0038039302,0.0049552857,0.2221543,5.4534376e-06,0.04959064,0.21973503,0.002749882,0.00012625697,0.47033507,0.00028603096,0.0003822023
10879,0.089684404,0.027976759,0.0011031601,0.008441942,0.2718144,0.3749869,0.0007091932,0.5021689,0.011353603,0.063570894,0.034939475,0.0038749143,0.33583662,0.0049311183,0.0075873923,0.39638048,2.9081999e-05,0.17792585,0.045286592,0.0033391672,0.00042161002,0.62668884,0.0017858061,0.0025187908
10882,0.8084861,0.030413914,6.846431e-05,0.0015761333,0.1368301,0.9060408,9.954475e-05,0.46093026,0.0010963784,0.002467982,0.016128557,0.0011996849,0.01108885,0.00014538407,0.0004323783,0.15937388,7.042276e-06,0.025327932,0.018546954,0.00043049507,0.00040697443,0.8578634,0.0007763754,0.003179771
10884,0.03118086,0.048784655,0.014720658,0.23069589,0.16849753,0.047512848,0.2526622,0.70685166,0.044230476,0.025276542,0.0066011087,0.15012178,0.019320533,0.17874113,0.040101044,0.037226107,0.004221597,0.17902504,0.018710399,0.01708684,0.059634104,0.056953035,0.09339462,0.01708692
10888,0.050995454,0.054920595,0.006548319,0.0083057685,0.73524046,0.109863564,0.00066531164,0.46674863,0.08956417,0.074239925,0.0029022074,0.0023812014,0.03899649,0.021286547,0.01961812,0.036484603,9.80664e-06,0.3178664,0.030844731,0.0074049244,0.017033154,0.1092964,0.00090824347,0.0037986487
10890,0.40406317,0.15686804,0.0014385546,0.023725739,0.19161417,0.46088272,0.0011111298,0.6758096,0.012390417,0.010501766,0.026898945,0.029319586,0.011031296,0.0032491274,0.0064676767,0.045782994,7.895662e-05,0.1228661,0.006643123,0.0027760125,0.0076349047,0.34914508,0.02553858,0.22616449
10891,0.6570009,0.28103638,0.012612756,0.0032622027,0.49608955,0.28449973,0.00084629346,0.2525467,0.07497353,0.086170726,0.002484553,0.0038846463,0.15603442,0.0042449175,0.007135036,0.0741719,3.8517035e-05,0.07876534,0.3180403,0.004860798,0.0168237,0.4957108,0.007962391,0.010062278
10892,0.0752896,0.31908,0.16090219,0.0076998617,0.58181936,0.030260226,0.00086939184,0.27311802,0.42922816,0.4617664,0.00094234484,0.0065722195,0.12904933,0.020257166,0.048551094,0.040407505,2.0361438e-05,0.21078818,0.07075995,0.028201241,0.0046058865,0.061871916,0.0015005806,0.008237053
10895,0.0373068,0.023041612,0.001960658,0.012879342,0.64902526,0.16033067,0.0011887255,0.60112596,0.027146133,0.044673506,0.010229201,0.0036754312,0.051803183,0.019177757,0.016027747,0.09547879,1.9812574e-05,0.4227604,0.04004498,0.004939975,0.006981221,0.21798769,0.0024282096,0.0013490804
10899,0.123285055,0.030610126,0.0008015105,0.0068680984,0.30415708,0.3024527,0.0007924991,0.610092,0.010245527,0.044009246,0.013029973,0.002383712,0.19657633,0.0030037432,0.0032204904,0.24043556,1.3855912e-05,0.17216943,0.103438266,0.0017920885,0.0010080204,0.59667194,0.002043697,0.0012318306
10902,0.013531022,0.01776597,0.002258523,0.012179227,0.8043153,0.05355817,0.00056091655,0.4218455,0.034875564,0.01729459,0.0024421667,0.0026167836,0.0037065505,0.066690914,0.052754562,0.013955179,6.3372036e-06,0.544799,0.003699974,0.006361087,0.015769094,0.032045756,0.0008856888,0.001296249
10904,0.19295014,0.06327262,0.0067104925,0.008468682,0.8177037,0.3849048,0.0017389702,0.2769623,0.089520685,0.020972699,0.005191186,0.0023933013,0.014341553,0.034353413,0.026873032,0.038280223,4.3010066e-05,0.17083858,0.016564513,0.0127835,0.10897521,0.15030769,0.00093562563,0.007985886
10906,0.099435255,0.09644174,0.00430534,0.03066723,0.33527583,0.119394735,0.0029795577,0.7583076,0.035269506,0.05552094,0.011064128,0.02645615,0.03776317,0.008296446,0.0108293425,0.06776206,7.851632e-05,0.33106995,0.05014835,0.004396093,0.0099384785,0.21401474,0.030008277,0.013102857
10909,0.03537907,0.030879175,0.0037116585,0.0004884743,0.1390105,0.016211076,0.00024500155,0.065643236,0.021083085,0.16525282,7.144299e-05,0.00020381623,0.9492946,0.0025995509,0.0018754784,0.15852936,1.1432852e-06,0.01647152,0.36298013,0.0012772257,4.8923477e-05,0.42984268,2.9730105e-05,3.181787e-05
10910,0.51038665,0.08024143,0.002473322,0.0050720954,0.5517781,0.6691094,0.00084225734,0.3531833,0.026838694,0.020104915,0.013136778,0.0025354733,0.04422902,0.0045646504,0.0060637067,0.13422401,4.61483e-05,0.084033094,0.04922846,0.0054488173,0.014198952,0.5459235,0.002276984,0.0077779563
10913,0.4825675,0.54524714,0.08655147,0.0016738214,0.42637843,0.028999664,0.0005827089,0.14078626,0.2823625,0.40330607,0.0001541,0.0041876733,0.21054934,0.0034096972,0.012802511,0.032430086,1.2613704e-05,0.087394126,0.58870184,0.0063457214,0.0040911576,0.17303275,0.0023391016,0.0022017087
10919,0.028589737,0.016638603,0.008542229,0.12995633,0.17724805,0.1123814,0.7618483,0.36244896,0.01057246,0.0076281987,0.0019178989,0.07540159,0.016316492,0.099821396,0.010693935,0.05289142,0.0070910407,0.035517212,0.027577516,0.03100721,0.016405024,0.10819243,0.013419362,0.0030375954
10920,0.10364039,0.11371678,0.015727216,0.044082325,0.557628,0.06264258,0.011808307,0.57105607,0.08603311,0.052317202,0.004111903,0.02635822,0.02730108,0.047176804,0.03565881,0.034780495,0.0001920692,0.34788218,0.05829932,0.012085153,0.075269155,0.10071627,0.04663583,0.008154674
10921,0.02655305,0.030843267,0.009374754,0.018601537,0.688791,0.05040311,0.024359835,0.4638772,0.06970379,0.04066588,0.00062859117,0.0030655817,0.026214395,0.039587222,0.0118783135,0.016259138,5.2569438e-05,0.17614041,0.058774553,0.011133143,0.04428953,0.0582817,0.0009128294,0.0012552023
10927,0.21249202,0.1055406,0.0054665986,0.018588932,0.5033711,0.30128285,0.0029308384,0.6126548,0.05705775,0.045074463,0.010815423,0.010028857,0.04452461,0.014828229,0.01242911,0.0672421,7.102698e-05,0.19387692,0.046621393,0.0073592667,0.0368628,0.2671017,0.00784285,0.029672358
10938,0.29350993,0.14533722,0.014403339,0.008604325,0.73221445,0.2639514,0.0024009198,0.3571847,0.14114952,0.059857104,0.003031622,0.0039706496,0.04895317,0.018148366,0.014668127,0.039184034,5.4692442e-05,0.14244375,0.09411507,0.010013293,0.10776875,0.203158,0.0031828238,0.013339598
10940,0.2670462,0.06556475,0.0022347025,0.026279818,0.403848,0.41569394,0.0077049206,0.6807499,0.020040175,0.01593413,0.016169362,0.01437118,0.032419994,0.009359121,0.0067544705,0.09678769,0.0001579957,0.16133486,0.04906173,0.00501134,0.037411436,0.40584683,0.021244071,0.013208611
10941,0.55510455,0.26064122,0.0015878455,0.00879585,0.12533158,0.3270061,0.00043107758,0.5970143,0.011917308,0.036848854,0.012125242,0.017341357,0.05881686,0.0007109336,0.0024654227,0.061073776,2.4291714e-05,0.07813639,0.029498609,0.0016290807,0.0008500103,0.50769603,0.02004265,0.16887872
10949,0.16560055,0.06075809,0.0013248383,0.017344085,0.2606615,0.15647915,0.00832023,0.638739,0.0051395264,0.02045807,0.006043806,0.017876275,0.06561727,0.0016165744,0.0016819725,0.13809195,9.0577814e-05,0.18886772,0.24921975,0.0022699728,0.0020590941,0.51312685,0.05707616,0.0011037572
10951,0.20211248,0.22672099,0.03551705,0.06339664,0.47429368,0.080888584,0.020343134,0.5382169,0.17970723,0.043610387,0.0026494123,0.036226936,0.015252618,0.062184658,0.034070443,0.017929338,0.00041381773,0.18248974,0.037769403,0.01400705,0.37175706,0.06669626,0.04185511,0.036047034
10952,0.013037799,0.008572089,0.00039641038,0.0063770227,0.6895652,0.06260874,0.00030009518,0.6314002,0.009728376,0.019468179,0.0023348236,0.0015512886,0.009745516,0.008082302,0.0071975524,0.02863358,1.8825411e-06,0.5342046,0.01858545,0.001308617,0.0021909392,0.11511859,0.00090013095,0.00021221145
10956,0.3452724,0.07778503,0.005680998,0.0045896093,0.71134,0.4572164,0.0011521769,0.2877409,0.07006433,0.038314912,0.006889569,0.0017200557,0.11898701,0.015478086,0.01248289,0.09957467,4.7499394e-05,0.11155169,0.07441572,0.008734151,0.04713046,0.37214386,0.0016579006,0.005430921
10963,0.16003448,0.048038058,0.0015760416,0.007723916,0.21828344,0.28164956,0.0014102565,0.5158002,0.011787154,0.059325263,0.011243427,0.0041146846,0.40462756,0.0031255407,0.0033137293,0.29570672,2.9685087e-05,0.1094277,0.15973458,0.0024108938,0.0008529432,0.64760333,0.0039156624,0.0018322688
10965,0.03622605,0.0053456565,0.00014330809,0.012520123,0.3541254,0.2962132,0.003035436,0.7612642,0.0036125153,0.0064037386,0.0068621137,0.001716063,0.016042976,0.004262282,0.0014267947,0.08039594,9.913695e-06,0.15163158,0.018230198,0.0009855044,0.0023035773,0.3208542,0.0006604273,0.00051479164
10967,0.008435311,0.0062071197,0.00066337397,0.003761186,0.759423,0.12543543,6.4730695e-05,0.41766226,0.016654486,0.04573749,0.010873021,0.0006598527,0.071236834,0.023272723,0.028375896,0.13118964,1.8134152e-06,0.60049987,0.012110142,0.0028411977,0.0008021272,0.18805937,0.00016357545,0.00012928703
10969,0.01957128,0.0132155875,0.00064440264,0.025591942,0.5122793,0.08591627,0.0023306655,0.760375,0.0124500105,0.010878407,0.005007153,0.0067739394,0.009898826,0.018798823,0.009129203,0.027663412,1.8984947e-05,0.38226816,0.010205485,0.0019355854,0.010692048,0.09502977,0.006107109,0.0016393086
10972,0.54249734,0.061442927,0.0007016389,0.0034817792,0.23070675,0.72886586,0.00032029982,0.410536,0.005620876,0.021481438,0.02696096,0.0029126839,0.10933307,0.00081129203,0.002490429,0.3091573,2.5757985e-05,0.06955751,0.0450064,0.0025663823,0.00047839212,0.79100823,0.002694773,0.005214627
10973,0.045339353,0.09765802,0.0051964903,0.017776776,0.33410093,0.044202723,0.000642335,0.73011136,0.04920279,0.11517192,0.0045403945,0.016753875,0.055936687,0.0064835553,0.01055929,0.04533544,1.2039177e-05,0.39016038,0.033385836,0.0028380575,0.002489518,0.11708739,0.009631187,0.009844268
10977,0.09217828,0.2640992,0.080903634,0.00092075835,0.8663258,0.06067962,2.7814498e-05,0.111764535,0.40200812,0.30479598,0.00026977013,0.0007897143,0.03552573,0.011182174,0.046738423,0.013703488,9.4908427e-07,0.23440303,0.031159546,0.016361317,0.0035009722,0.040381975,6.972813e-05,0.0039836927
10979,0.017811477,0.040891234,0.0073767845,0.10085795,0.33526605,0.030359212,0.021010868,0.77249765,0.04599291,0.036171578,0.005933308,0.045950983,0.015611307,0.083336025,0.035348058,0.02741782,0.00028537802,0.39567745,0.016398346,0.007758495,0.027658014,0.046532165,0.04080493,0.0069221007
10982,0.09143119,0.07224976,0.009050079,0.016794778,0.42956004,0.14793272,0.0047964915,0.52843654,0.061468452,0.1170748,0.008413765,0.0070052673,0.4361685,0.016905764,0.011314071,0.16197675,7.475685e-05,0.16125946,0.13648625,0.009079732,0.009500366,0.3655075,0.0077160834,0.0059807645
10983,0.14024201,0.046672672,0.0017213195,0.004252311,0.6861868,0.22331072,0.00028291822,0.40776023,0.028128503,0.035995994,0.004964756,0.0021553994,0.055654105,0.008802991,0.011660214,0.069268435,6.9890652e-06,0.30279103,0.04877363,0.0033300833,0.0075861746,0.29718056,0.002155141,0.002250246
10985,0.34085175,0.15936416,0.0047188285,0.007127507,0.5236349,0.45689896,0.000531142,0.4177455,0.05466459,0.0379884,0.007272039,0.005426282,0.024805466,0.0053351526,0.009020761,0.040110298,2.4735875e-05,0.10000464,0.019173203,0.0064280895,0.009645187,0.24997921,0.0020377927,0.087783225
10987,0.0039026598,0.00396037,0.0013738123,0.07849128,0.5339302,0.06332246,0.04651858,0.5941307,0.010220568,0.0058683176,0.00538129,0.01121176,0.0024976258,0.21953681,0.049979605,0.020191941,0.00018307955,0.3490728,0.0026041404,0.009412723,0.018818261,0.03437011,0.0022726064,0.0011374917
10994,0.0062492164,0.0106011,0.0016544374,0.00073455967,0.93359154,0.049298014,6.234797e-06,0.18186808,0.050279032,0.053688068,0.00070427515,0.00013340487,0.008708548,0.0160022,0.037983317,0.015500861,1.2330514e-07,0.6476748,0.004340875,0.0039793737,0.0007854114,0.031871155,1.0354246e-05,7.584891e-05
10999,0.44313756,0.023202265,0.00019424388,0.004045571,0.20054337,0.74166346,0.00059815403,0.5026723,0.0021259016,0.0076745274,0.020456735,0.001995666,0.07280343,0.00091086107,0.0011263582,0.2624989,1.7856099e-05,0.058942303,0.039711535,0.0012643707,0.00056048017,0.78400207,0.0014464987,0.0017968136
11003,0.25025967,0.17257434,0.002880317,0.046283036,0.13104753,0.03380539,0.00891447,0.67049384,0.007964511,0.013902705,0.0038663943,0.14580256,0.010620789,0.0022151107,0.006840407,0.041902076,0.00020511422,0.27178463,0.049208365,0.0032030512,0.0027100232,0.21325827,0.6214663,0.0035348008
11006,0.43686992,0.11958023,0.0019540398,0.006541703,0.42879847,0.5623181,0.00037698148,0.44199148,0.018669505,0.022406051,0.017478814,0.0068570296,0.025222963,0.0022922864,0.0068398146,0.106956996,2.239096e-05,0.12963322,0.018543879,0.004166339,0.0027975398,0.50405127,0.0064876755,0.027189616
11007,0.14657608,0.041967317,0.0025161773,0.007306529,0.6456021,0.35760128,0.001205309,0.4561135,0.038228333,0.0396651,0.010529659,0.0020784687,0.105962925,0.013592733,0.010707917,0.12404186,2.9215735e-05,0.18892914,0.04990874,0.0065512704,0.013645965,0.35990804,0.0015205772,0.003482254
11008,0.39151904,0.15815808,0.011574063,0.0031094623,0.6216556,0.26386878,0.0007885104,0.24170862,0.09598571,0.09346591,0.0028344148,0.0019343984,0.26097745,0.009973369,0.011879607,0.085610814,2.6701766e-05,0.092898,0.16992532,0.007932701,0.016640201,0.37811846,0.0019589935,0.0069280434
11009,0.45816824,0.40479842,0.025961181,0.0023070986,0.18336475,0.015020476,0.0015474284,0.15224586,0.096620865,0.22743653,8.6385146e-05,0.004899379,0.38680872,0.0025819407,0.00375434,0.041157465,1.2845138e-05,0.041337613,0.732665,0.0021479924,0.0022021485,0.26321778,0.00375955,0.001059952
11014,0.1961179,0.13823098,0.014157577,0.0020592168,0.8166462,0.18443634,0.00011455545,0.18667807,0.13707478,0.1079855,0.0021456284,0.0016132854,0.07380451,0.01424376,0.031674363,0.049584206,5.6750814e-06,0.27476802,0.059907187,0.008771568,0.010439647,0.18213014,0.0010266571,0.0038133783
11016,0.37555236,0.051755704,0.0026183748,0.0059905914,0.62608147,0.6501372,0.0018351271,0.32333875,0.030781046,0.019327147,0.014805509,0.0022746571,0.07905564,0.011865733,0.00999545,0.14255135,8.088037e-05,0.08422438,0.035548605,0.008665436,0.020239217,0.4610246,0.0015242617,0.008044203
11017,0.073794805,0.08664847,0.019149918,0.13806246,0.30322468,0.099471696,0.11479329,0.66559386,0.085376374,0.028126307,0.006245436,0.060779102,0.016337752,0.1375629,0.03750392,0.029239563,0.0014403847,0.16451316,0.018589064,0.018896326,0.1927052,0.06522458,0.03121007,0.047515057
11023,0.027281655,0.033954807,0.0044789044,0.0075287735,0.8127751,0.09629273,0.0003581726,0.42258275,0.07579031,0.055188026,0.0028781677,0.0016483901,0.013928203,0.028994758,0.029638013,0.026895562,5.9889817e-06,0.43688282,0.012125224,0.008279593,0.013248491,0.065212056,0.00036029736,0.0019239236
11027,0.037195515,0.026576214,0.0020360916,0.03923397,0.6047679,0.06881402,0.004232871,0.6410599,0.040369682,0.006237141,0.0023779722,0.007270132,0.0024612106,0.09106522,0.03355048,0.008359343,4.7040947e-05,0.3413617,0.0039311177,0.0035777364,0.26407403,0.033298116,0.004902723,0.005880877
11032,0.006784772,0.008152152,0.0006214864,0.0019253726,0.8755745,0.046148963,2.1689122e-05,0.39425474,0.024666505,0.02728728,0.00093590154,0.0003302705,0.0038304506,0.012778976,0.018940838,0.011706684,2.460571e-07,0.64288914,0.004701071,0.002031514,0.0015330082,0.036084905,4.831624e-05,0.00013792819
11038,0.37211868,0.027311675,0.00022134885,0.02287019,0.09489003,0.646402,0.010370556,0.68314755,0.00064977043,0.0031233588,0.041670308,0.027379224,0.021903627,0.0008094496,0.0009921665,0.31727648,0.00024252727,0.1024888,0.08051261,0.0015671499,0.0007029685,0.8112938,0.047812205,0.0013988914
11042,0.006908338,0.0030905132,6.5553526e-05,0.004587274,0.5015593,0.1072019,9.538927e-05,0.7416384,0.0053490726,0.017109876,0.0039871885,0.00039686452,0.042194128,0.004101758,0.0022039223,0.058764964,4.1815377e-07,0.3299888,0.009444723,0.00035440343,0.00052383705,0.19474722,8.184632e-05,0.00020503446
11046,0.03325135,0.06312535,0.008908601,0.041130215,0.5704143,0.054757286,0.0025077097,0.65454185,0.073300794,0.04224046,0.007217557,0.017939854,0.014712555,0.07257864,0.05602342,0.030285472,6.554815e-05,0.5074175,0.011827581,0.0085005695,0.045533698,0.055493053,0.018557737,0.007600631
11047,0.3715755,0.46171707,0.09576076,0.003644274,0.4755393,0.04149145,0.0011183912,0.17988098,0.29308867,0.3644174,0.00055361906,0.0057886597,0.25253686,0.007606708,0.022820512,0.054736573,2.5693804e-05,0.11455905,0.38216695,0.011885295,0.0073019555,0.18838783,0.0044275373,0.004367467
11048,0.07622826,0.048151806,0.0031342146,0.021532949,0.27077308,0.1792569,0.004838732,0.65785426,0.025222516,0.0889082,0.01520003,0.009644773,0.37468502,0.009887695,0.007389015,0.24669458,7.899653e-05,0.19289884,0.13122997,0.0039424137,0.003239415,0.47686073,0.008605863,0.003773868
11051,0.61284673,0.48752427,0.021581162,0.011697045,0.17468758,0.06927346,0.002421811,0.40753952,0.058764752,0.1756059,0.0026782064,0.03847066,0.19074592,0.002610031,0.007079703,0.09260145,7.6448196e-05,0.124638304,0.3932141,0.004977644,0.003805702,0.44999224,0.11119084,0.018281013
11054,0.29168174,0.19636437,0.0076542464,0.010508698,0.1888205,0.088191666,0.0020943056,0.5243144,0.031758193,0.1621244,0.004451964,0.017016666,0.24045096,0.0026042755,0.006060506,0.15547113,4.6000663e-05,0.19336389,0.41528368,0.0030088688,0.0014548511,0.48894808,0.02152027,0.0034644718
11055,0.29645225,0.3638437,0.0036971397,0.044080406,0.10182912,0.1303077,0.0008151298,0.77922463,0.023499789,0.024359241,0.02223277,0.11287497,0.010104119,0.0035511623,0.01050398,0.02031457,7.598247e-05,0.2075837,0.0043830895,0.0024118207,0.0051366305,0.15478975,0.14038892,0.59418786
11061,0.41877604,0.31517926,0.017951272,0.0015228181,0.1655006,0.040314663,0.0004147729,0.1612831,0.07058113,0.27957037,0.00036717212,0.002679887,0.5844519,0.001887509,0.004521549,0.09786836,7.695111e-06,0.045332115,0.47139445,0.0024040064,0.00039946949,0.41336673,0.002101375,0.0015803318
11063,0.40620968,0.10408352,0.0043699536,0.0072284336,0.44485533,0.5058926,0.001379583,0.3989097,0.033962272,0.051973503,0.015072783,0.0044462555,0.17905863,0.0060610343,0.00845177,0.19126685,6.772981e-05,0.101987645,0.08081068,0.007349033,0.0074858014,0.5648731,0.0047325697,0.01252612
11064,0.3517849,0.15092058,0.01206869,0.0049541104,0.53738236,0.18584225,0.002041483,0.29084912,0.08270677,0.09661837,0.002630966,0.003112729,0.36441693,0.012339796,0.009871169,0.100233756,4.423359e-05,0.1053284,0.2936783,0.0061772736,0.025026705,0.40831882,0.0046485593,0.004530074
11068,0.16407217,0.18110856,0.017666603,0.02498098,0.5664122,0.1469311,0.0026070834,0.5583589,0.11090171,0.08094089,0.009065213,0.021522213,0.04077376,0.024116322,0.030869877,0.05332735,8.551457e-05,0.31145287,0.037324153,0.013607311,0.0348529,0.15121117,0.022367723,0.033966497
11071,0.043269794,0.07163682,0.031710703,0.052997872,0.5206816,0.06600555,0.069357716,0.4936931,0.11900883,0.1129603,0.0032092517,0.01706891,0.1356703,0.07096032,0.0262093,0.065538794,0.00047454002,0.18006895,0.11206576,0.0272991,0.043464307,0.1303821,0.008330426,0.0055084974
11074,0.08401109,0.028458491,0.003132097,0.013490855,0.7050246,0.16267961,0.008976719,0.49401602,0.031993885,0.018418351,0.002775151,0.0035763292,0.018215196,0.027776698,0.012105557,0.037494574,4.9902388e-05,0.23343956,0.05233561,0.0070626074,0.052697547,0.16862069,0.0042770547,0.0013998356
11076,0.04735914,0.076458074,0.0047672996,0.027778214,0.23497172,0.07124976,0.0020116551,0.74915314,0.038827717,0.1109057,0.0111986315,0.020334426,0.16810027,0.0074526323,0.009575685,0.1190234,4.5649056e-05,0.29070747,0.051540002,0.0032782643,0.0025900027,0.2311208,0.018058982,0.008391726
11080,0.06655465,0.018427182,0.0005653236,0.013870246,0.23638855,0.38259852,0.0015977405,0.6653634,0.0075575057,0.038469564,0.03041638,0.004108979,0.24308826,0.0049534007,0.003910622,0.3053101,3.457086e-05,0.15844989,0.044233467,0.0020848548,0.00071956083,0.5925782,0.0017036449,0.002824455
11085,0.6371827,0.6611574,0.012190933,0.015286862,0.08382112,0.048401102,0.00041883456,0.5439503,0.041504208,0.10369734,0.0031590264,0.09902988,0.032344572,0.0010432354,0.005418171,0.02472943,3.9131624e-05,0.13586108,0.061099727,0.0021359385,0.0016986906,0.25156122,0.22550566,0.20177984
11090,0.018375454,0.019406034,0.0024091934,0.0062550763,0.7389281,0.09874873,0.00020803753,0.46197462,0.038439397,0.07031522,0.006310814,0.0015827639,0.063354194,0.025994543,0.02803684,0.07993776,4.4771864e-06,0.5354315,0.02509021,0.004489923,0.0034262901,0.14811443,0.0006119405,0.0005594818
11091,0.003593662,0.011463069,0.0020008131,0.006667203,0.6718466,0.023761008,0.000104197126,0.6363715,0.034742836,0.098420285,0.002253937,0.0014778539,0.018788747,0.015019036,0.019811273,0.032175533,9.4364384e-07,0.6572804,0.0133582065,0.0025360184,0.00060592097,0.05056472,0.00029196346,0.00020878053
11092,0.05908899,0.0840235,0.014656195,0.07811031,0.2588111,0.09203451,0.030636631,0.7263975,0.06551273,0.118146606,0.01634331,0.051467475,0.17929526,0.039694633,0.02221709,0.13394096,0.00079741457,0.25365135,0.09513156,0.012641811,0.015106574,0.21938957,0.045411833,0.015980303
11095,0.09991067,0.016550772,0.00029909748,0.0027197667,0.42554322,0.35474336,0.00010190903,0.47559777,0.0063906694,0.028771633,0.012041447,0.00080721197,0.14967261,0.0025847761,0.0038312369,0.23449138,2.7000435e-06,0.22413257,0.03961869,0.0011231364,0.00039590907,0.593447,0.00049817696,0.00046609284
11096,0.034047,0.04187755,0.03300856,0.08016103,0.47804725,0.068216145,0.33645123,0.3016521,0.06489351,0.03708725,0.0019397719,0.028070234,0.036550067,0.189006,0.044809144,0.03798057,0.0018046673,0.10034591,0.037077475,0.05689785,0.05337282,0.073498115,0.0064286413,0.0061282422
11100,0.023081932,0.010088182,0.000387307,0.006011486,0.67035025,0.14196563,0.00025886955,0.61400414,0.012222937,0.01883661,0.004446836,0.0012055408,0.01600536,0.00895561,0.0070034796,0.0433169,2.6206865e-06,0.39990187,0.013246472,0.0016618778,0.0029345348,0.15299958,0.0004456188,0.00056007167
11103,0.12229874,0.028452393,0.0010664393,0.054761447,0.18120515,0.48034215,0.025077123,0.77419543,0.0052740076,0.011861663,0.05330896,0.038015254,0.04296164,0.009225717,0.0064954814,0.22948432,0.00074516714,0.17717607,0.043790203,0.0044268244,0.0064576925,0.5295521,0.030883376,0.007898464
11104,0.8156138,0.010628853,4.2823933e-05,0.000943284,0.4514798,0.96481586,0.000110752386,0.2318915,0.0015063409,0.0004905103,0.016310615,0.00032378887,0.0022942098,0.00059502694,0.00091712695,0.1303872,9.160503e-06,0.022825686,0.0058573117,0.00060150446,0.004224308,0.7785264,0.00012770719,0.0007655655
11105,0.63786274,0.06413028,0.0003177777,0.0059148697,0.24651976,0.72417736,0.0006203417,0.5612414,0.0030605565,0.005945171,0.020589808,0.0057324865,0.016837073,0.0006223456,0.0014964753,0.1498715,2.4872455e-05,0.087036416,0.034932796,0.0014200684,0.0015110711,0.7644565,0.0095049795,0.0068161157
11106,0.016967842,0.09729627,0.059217494,0.0023252955,0.83219844,0.016070053,0.0001342001,0.20008229,0.27244368,0.29793632,0.00023177346,0.0008380656,0.03558769,0.020166341,0.047310755,0.012795482,1.4803421e-06,0.38885424,0.03758244,0.01633049,0.0027831646,0.024842883,8.3705956e-05,0.00059124915
11109,0.02974966,0.04280957,0.03314624,0.117591046,0.30112168,0.064266175,0.5257234,0.36938158,0.054426584,0.04149655,0.0022353702,0.057692084,0.054010052,0.17508669,0.031818774,0.056239575,0.0036029783,0.07583278,0.051518947,0.049229193,0.030656181,0.0902271,0.012692353,0.0065391744
11111,0.13954036,0.09848221,0.011530179,0.003990479,0.7604358,0.37222674,0.00018492328,0.23016283,0.11071958,0.091307774,0.011639313,0.0022085074,0.06849968,0.01655337,0.04044357,0.14209718,1.6106998e-05,0.25357378,0.018556418,0.014416184,0.005515953,0.25231114,0.00087590533,0.0057642
11112,0.22801812,0.20545942,0.022741402,0.007599336,0.26504883,0.07918348,0.002698026,0.3407343,0.09134034,0.24713176,0.0025874933,0.0079051405,0.53391385,0.0067833173,0.010028945,0.14864731,5.2828404e-05,0.09320058,0.28036132,0.007487144,0.00211594,0.3893872,0.0072478554,0.00544494
11118,0.00035401576,0.0016483063,0.00023173194,0.005618763,0.866025,0.0018891188,4.103326e-05,0.4697517,0.009702748,0.0033908433,5.3360898e-05,0.00038695993,4.9224433e-05,0.05279471,0.035483368,0.00037435602,8.2822645e-08,0.7901791,0.00014264522,0.000986731,0.0025910758,0.0011327058,4.2817726e-05,2.567453e-05
11119,0.015408804,0.015433801,0.0014900509,0.007677865,0.7783253,0.05931021,0.00035650047,0.5187465,0.032017045,0.030616773,0.0021043578,0.0015160188,0.009143756,0.023458274,0.019184656,0.019903576,3.4845598e-06,0.5217458,0.013304943,0.0035360022,0.008104675,0.06205922,0.0005467606,0.0005872219
11122,0.39263794,0.16890812,0.0047900905,0.007661436,0.1482574,0.1409122,0.003446343,0.3796232,0.016999621,0.07504361,0.0026360971,0.009489357,0.36098525,0.0021288453,0.0024101608,0.15880872,4.6334826e-05,0.0604185,0.41936705,0.0026794744,0.0014226572,0.60361207,0.012270113,0.0034650678
11125,0.042285506,0.02731675,0.0021877205,0.005121542,0.59390086,0.19824374,0.0001663386,0.44207042,0.029239168,0.077601105,0.013148269,0.0019416071,0.12664776,0.012453541,0.021769166,0.1926513,6.456858e-06,0.41208425,0.032504853,0.003954558,0.0013743363,0.32543844,0.00092768774,0.0008521755
11127,0.68418694,0.16050613,0.0031118088,0.007749297,0.2684502,0.51094687,0.00234307,0.4498366,0.017495222,0.028388198,0.008694691,0.007856759,0.06774502,0.0018831985,0.0029837633,0.12000094,8.442744e-05,0.06376047,0.18146469,0.0036321778,0.008060783,0.6618045,0.014049346,0.012626852
11129,0.045097817,0.03158811,0.0043705935,0.0069853216,0.2687255,0.110103585,0.0039691264,0.3050695,0.023399996,0.09895576,0.0026950303,0.0025904868,0.7916506,0.011692989,0.0048537725,0.2336847,3.650053e-05,0.059994888,0.16899802,0.005570408,0.00097426795,0.4726389,0.00091303815,0.00093267293
11139,0.0054104966,0.014518785,0.0025552963,0.009950943,0.76916707,0.029761445,0.000117016934,0.49654698,0.03507647,0.043554615,0.004096093,0.0028358772,0.0035638479,0.046036355,0.07218885,0.023205793,2.3890907e-06,0.7687353,0.0038479085,0.0049628816,0.002272323,0.029453512,0.000822085,0.00037860725
11143,0.0041385368,0.0061207796,0.00050588214,0.006168132,0.66863245,0.027658565,0.00022541592,0.664169,0.016845236,0.037579928,0.0010185445,0.00081357744,0.017230675,0.011385086,0.0065646344,0.018669032,7.987001e-07,0.4951174,0.014168781,0.001092066,0.0013987762,0.05624095,0.00018376707,0.00017940666
11145,0.44787312,0.34204632,0.006153021,0.050662413,0.088451095,0.038121566,0.010070873,0.6778052,0.0135498475,0.018902926,0.0037442571,0.20969814,0.011758334,0.0021408193,0.0052787196,0.0356509,0.00037838533,0.19604626,0.06797674,0.0037527387,0.005030788,0.23522128,0.7107674,0.012244556
11153,0.043826595,0.023348207,0.0026729363,0.011858227,0.7226497,0.10092425,0.0034480416,0.4925574,0.04604405,0.032566853,0.0022633171,0.001917856,0.044370282,0.031815685,0.012214436,0.032006007,2.1377056e-05,0.2726999,0.048954595,0.005122281,0.04243916,0.12739678,0.0010117872,0.0013245369
11155,0.016420651,0.04987171,0.0045103836,0.012879342,0.44686806,0.041718815,0.000179167,0.6956168,0.044266533,0.13357373,0.0076546455,0.009531781,0.03309138,0.008365859,0.021821868,0.06741284,4.994032e-06,0.59836113,0.017808449,0.003417532,0.0008209898,0.09833586,0.0039679348,0.0020617424
11157,0.2604741,0.011278994,0.00032311786,0.0061793085,0.6784332,0.84425354,0.0013573886,0.3584556,0.008207438,0.0020946995,0.022125326,0.0014067703,0.0053989133,0.012992269,0.007548027,0.1026238,4.2802294e-05,0.08521084,0.0030893849,0.00485919,0.02001034,0.35355186,0.0003289858,0.0035595377
11158,0.20812877,0.015483705,0.00019848395,0.015000284,0.21368165,0.7107611,0.0025158133,0.6728945,0.0018689639,0.0065701655,0.06571096,0.0070723053,0.037630327,0.0024253689,0.0026298275,0.31329313,8.360202e-05,0.14500257,0.025555177,0.0019944687,0.0011374343,0.7274444,0.004167255,0.0025742145
11165,0.6136135,0.09111669,0.004992483,0.0140303625,0.4608115,0.5877243,0.01888852,0.36682034,0.02836085,0.012517442,0.007485249,0.007707395,0.030669034,0.010610141,0.0062508755,0.09715976,0.00036741808,0.060698837,0.1275032,0.008442368,0.09216349,0.5054685,0.009282267,0.006954723
11166,0.008493952,0.012076008,0.0014462812,0.009404336,0.5439004,0.06503209,0.00047888144,0.6736259,0.02726718,0.0979385,0.0048460765,0.0017266785,0.12790102,0.013553442,0.009283131,0.098012395,3.661914e-06,0.42812517,0.042708185,0.0021047625,0.0012539279,0.17825489,0.0005394711,0.0004235777
11172,0.41809925,0.006560462,2.057877e-05,0.002044266,0.38416347,0.9167758,8.2658284e-05,0.5260495,0.0010905233,0.00068460504,0.021900043,0.00049934746,0.0021921187,0.00077822845,0.0009100083,0.08958587,3.0104186e-06,0.048330642,0.0016354391,0.0005548926,0.001332231,0.6187772,0.00012290935,0.0025677108
11175,0.0013735349,0.006150497,0.001603479,0.0084257005,0.8051168,0.0076392125,0.00015474111,0.50121796,0.026464533,0.031730797,0.00057279924,0.0010797189,0.002098948,0.042635523,0.04066355,0.0060792854,6.915426e-07,0.7373255,0.0027783422,0.0035345743,0.0015379552,0.010334672,0.00019752808,8.5504704e-05
11180,0.78337586,0.14810802,0.001200933,0.0076911985,0.101531036,0.41124168,0.0064537376,0.3593662,0.002962457,0.007018255,0.0037004997,0.015983637,0.037835598,0.0005872087,0.00070696796,0.12691787,0.00012140416,0.032878514,0.31413504,0.0016880559,0.0024292923,0.76415294,0.038185585,0.002262979
11182,0.1849847,0.09136581,0.003947459,0.002215602,0.13762239,0.061147768,0.00097390375,0.19140106,0.0177675,0.10352035,0.000601926,0.0017526586,0.7680893,0.0026024426,0.0020586199,0.18188187,8.582709e-06,0.034430172,0.43412575,0.0015409508,0.00031899643,0.5448725,0.0011133738,0.0004167669
11193,0.09955387,0.042796765,0.001772475,0.069478266,0.20606567,0.2524064,0.02137527,0.8106247,0.011565775,0.013916649,0.024264691,0.050895877,0.0318098,0.015002877,0.008670279,0.099290006,0.0005749001,0.21027301,0.02905835,0.004074698,0.01862452,0.29399276,0.0641961,0.014857631
11197,0.18611479,0.0147181135,0.0003443789,0.011159216,0.12891762,0.68553656,0.0032869843,0.53361356,0.0018682524,0.012919669,0.038709484,0.005680931,0.1410869,0.0022268146,0.0017626439,0.45466578,0.00010186705,0.06796066,0.062411387,0.0021232844,0.00030983798,0.79520845,0.0025157211,0.001289813
11199,0.13500948,0.09330205,0.004580588,0.0046450812,0.78301126,0.26266527,0.00016525335,0.35161543,0.075644575,0.03186012,0.0043091904,0.0026611963,0.0108158365,0.0126650445,0.021838628,0.026592877,5.388495e-06,0.25643355,0.008847124,0.006779132,0.01476978,0.11474763,0.00094592053,0.015535566
11201,0.4574355,0.36476576,0.007357707,0.03506729,0.1465874,0.09807215,0.003260346,0.6833108,0.027980438,0.048468832,0.009412416,0.099183835,0.03681345,0.0030824156,0.008159613,0.057466645,0.00013073227,0.22324544,0.07327239,0.003687832,0.007763757,0.3335512,0.27672988,0.062242635
11202,0.2629394,0.19136302,0.023049233,0.0059493375,0.34256467,0.123621136,0.0031686255,0.20878135,0.0842547,0.15954794,0.0024224413,0.0059895436,0.5706637,0.00907814,0.012146603,0.16802174,7.927832e-05,0.06228792,0.2317285,0.012398594,0.0033748073,0.44026822,0.005943027,0.004969335
11204,0.07680706,0.21304521,0.16580178,0.03193636,0.40641484,0.03661318,0.07924246,0.19716358,0.26276413,0.2901765,0.0013663046,0.021288803,0.3086198,0.06655579,0.052443434,0.09327378,0.0008996439,0.08429858,0.1700286,0.086376056,0.010664187,0.12565045,0.0042233295,0.006739978
11213,0.54176366,0.022620661,9.814919e-05,0.005647259,0.19503039,0.8606809,0.00044820132,0.5861348,0.0011984834,0.0028160615,0.05319643,0.0037981274,0.01338485,0.000610343,0.0013840457,0.27452943,2.5372927e-05,0.08482217,0.012790934,0.0010885617,0.0006491741,0.8181582,0.0031365259,0.00314076
11216,0.22047205,0.0036705802,1.2636291e-05,0.0124892285,0.07051642,0.8797008,0.0012689518,0.75357556,0.00012934573,0.0009189743,0.12516084,0.0054104323,0.010010976,0.00055364706,0.0005858134,0.43986222,3.9255792e-05,0.095089965,0.009484822,0.00038376183,0.00011455775,0.87692547,0.0023890643,0.00050328305
11217,0.5075645,0.07621602,0.002391128,0.0065734186,0.5643363,0.6752995,0.001272627,0.3686556,0.025906352,0.017089289,0.013018749,0.0032018593,0.03526104,0.0057604546,0.0070150164,0.12472381,5.778386e-05,0.08985897,0.04261994,0.006190526,0.019167002,0.5241797,0.0028975345,0.009286153
11218,0.056011304,0.035068877,0.0017541667,0.030594328,0.47601703,0.11798025,0.0057271346,0.7420473,0.024275135,0.016200677,0.004779945,0.0113695115,0.019848792,0.01715181,0.008035125,0.031531315,5.751607e-05,0.25702053,0.022617288,0.0030540426,0.032498732,0.12674128,0.014003105,0.005857639
11219,0.021064553,0.021781376,0.0033806744,0.01748309,0.63728565,0.05426349,0.0040834015,0.6172527,0.042590767,0.057974,0.0023830829,0.0035893093,0.051519193,0.029425541,0.013080113,0.038624465,2.2522905e-05,0.37677795,0.07080011,0.0040505505,0.017105965,0.11183968,0.002032004,0.0008441032
11220,0.53304195,0.1680727,0.00327166,0.00742497,0.25846228,0.43273106,0.0011174439,0.49208364,0.02044519,0.056472935,0.014416023,0.008375058,0.14299953,0.0016197268,0.004224603,0.1948493,5.4253032e-05,0.0999558,0.119278796,0.004087373,0.0023022636,0.6623526,0.01417809,0.014420122
11222,0.1776175,0.29173878,0.020846859,0.031040203,0.25675854,0.08035782,0.0011039022,0.61834294,0.0795933,0.16990365,0.017220844,0.067672364,0.06608698,0.009621676,0.034299225,0.09812283,9.705607e-05,0.39503908,0.040046453,0.008591779,0.0037385626,0.20442823,0.06996969,0.046687454
11223,0.22151355,0.05114376,0.003520821,0.003378352,0.6965791,0.48342827,0.0005624088,0.28477564,0.04973681,0.039336864,0.009007199,0.0010784267,0.12974389,0.011567884,0.012004093,0.12377607,2.4096751e-05,0.11253323,0.034894288,0.00958113,0.010153548,0.3755438,0.0005893054,0.004386868
11226,0.5653985,0.17308407,0.0027509895,0.0036295196,0.24918818,0.3153828,0.0005660547,0.37385294,0.01656101,0.05475847,0.005118861,0.004244607,0.19339785,0.0012975923,0.0028399783,0.1578351,1.938619e-05,0.084837355,0.2511237,0.002092886,0.0015325499,0.6684725,0.0072570355,0.0047013704
11228,0.17053124,0.12461043,0.0087238485,0.004504414,0.32686043,0.06163344,0.001674781,0.35901728,0.054028574,0.1469252,0.0010299104,0.0032125895,0.44294465,0.0047246614,0.0046770563,0.102256544,1.4892693e-05,0.10658168,0.44731414,0.002426465,0.0029797195,0.3661151,0.003594147,0.0010528609
11230,0.3692682,0.39051613,0.019003773,0.041565623,0.20452313,0.046462465,0.0053326054,0.6347785,0.057777554,0.0703311,0.004395173,0.1215276,0.032965865,0.0061774263,0.014458545,0.04188409,0.00022525799,0.25805372,0.092314415,0.0072649033,0.014543667,0.19316925,0.3701194,0.028703557
11232,0.17821799,0.47775996,0.0182524,0.054927442,0.12417053,0.017163662,0.00065565883,0.7629436,0.06580962,0.099681064,0.0057581826,0.26631093,0.004887045,0.003884185,0.026349163,0.01764303,6.490555e-05,0.5195776,0.011993754,0.004621656,0.002897908,0.055181235,0.3333628,0.07720317
11242,0.05205229,0.028802631,0.003178872,0.0029436904,0.89701974,0.1211799,0.00027341206,0.22119893,0.099528074,0.02393845,0.0007560603,0.00036885226,0.010294936,0.034840528,0.021174105,0.010225142,3.5235973e-06,0.25276017,0.010315795,0.0060894387,0.0812112,0.04871958,5.8276702e-05,0.0014133954
11244,0.004823453,0.007315285,0.00043212163,0.0037700136,0.7593127,0.034168556,2.3680182e-05,0.57893705,0.012678122,0.03072358,0.0020729534,0.0010335023,0.0049611228,0.009590882,0.016676709,0.020456232,3.3071186e-07,0.74164236,0.005949307,0.0011646675,0.0006456647,0.05266297,0.00028412786,0.00013473982
11246,0.12910663,0.0577805,0.0034088334,0.004623874,0.2744937,0.18389367,0.0008573302,0.35267216,0.023495791,0.10550169,0.0050875763,0.0025277394,0.63221306,0.005492172,0.005306477,0.24739683,1.7743421e-05,0.09459911,0.1443951,0.003525384,0.000718163,0.55320334,0.0017096812,0.0018402317
11247,0.20386307,0.021671753,0.0005919449,0.016014813,0.49750802,0.56130904,0.0032197786,0.61796385,0.0141029805,0.006642481,0.016893461,0.0036526986,0.017466353,0.018226989,0.007820032,0.08265357,5.389532e-05,0.14467227,0.014859314,0.0032028484,0.054196652,0.3394858,0.0017452774,0.007460245
11252,0.386478,0.16052982,0.013466665,0.05520591,0.37956098,0.14917532,0.047450952,0.53209233,0.06677569,0.020945294,0.0031002464,0.036835827,0.023931826,0.038114443,0.015023671,0.029589873,0.00069109513,0.123004176,0.10899408,0.008563815,0.35144016,0.1946391,0.07384734,0.01762908
11253,0.0865152,0.035284076,0.0013865154,0.007875783,0.52801335,0.22316763,0.00074662716,0.59875643,0.022246547,0.0469399,0.0072497623,0.0030171478,0.08051666,0.006220414,0.006499218,0.10728363,1.0398162e-05,0.26428518,0.061756775,0.0027898652,0.0039051126,0.35716894,0.0021170313,0.0021945888
11254,0.06974137,0.027385993,0.00152819,0.007801514,0.6985136,0.2130398,0.0009222444,0.5241443,0.032699935,0.025573682,0.004603356,0.0019213523,0.020551773,0.0138377,0.0103502115,0.04384735,1.0206404e-05,0.266964,0.024716532,0.0040826276,0.014598436,0.17391689,0.0007856472,0.0023339177
11257,0.34463853,0.043525223,0.00043726308,0.009016708,0.11905344,0.5633999,0.0015802694,0.61924344,0.0026511576,0.016013158,0.019300785,0.0071157496,0.10748209,0.00081705325,0.0011048906,0.26220214,4.0115996e-05,0.07115163,0.080770954,0.0013384753,0.00041931294,0.76413506,0.0062979036,0.0041350145
11258,0.014581968,0.012612324,0.00105275,0.0057711615,0.1276923,0.1363673,0.00039920377,0.46016937,0.009407713,0.16798207,0.015758337,0.0017368143,0.87007856,0.0040009413,0.0046075964,0.531284,9.193716e-06,0.118186265,0.06143601,0.0018517907,2.5932264e-05,0.6223004,0.00038061664,0.0004544179
11259,0.017109461,0.014616033,0.0021511577,0.016752344,0.82659864,0.051710732,0.0018316879,0.34055284,0.027813694,0.0051119374,0.0015560685,0.0031986558,0.0008862164,0.099552244,0.06843201,0.006981426,1.137507e-05,0.45390895,0.0013515553,0.00937753,0.036500473,0.020331591,0.0015888512,0.0012908442
11260,0.30859008,0.2248763,0.003224396,0.032249592,0.13461813,0.17223395,0.0023892475,0.7275076,0.020453705,0.03943398,0.016459735,0.052569408,0.06431315,0.0034056,0.0055310163,0.05944573,0.00011501484,0.14594893,0.030255362,0.0028025366,0.004856187,0.32939756,0.07068723,0.15887451
11262,0.021849409,0.01838475,0.0020069678,0.023756092,0.72866964,0.031124441,0.003534391,0.5005456,0.04702747,0.007292001,0.0005591465,0.0023764567,0.0021008654,0.10004722,0.028166715,0.0038834452,1.8639139e-05,0.32944337,0.005039958,0.0030912727,0.29929537,0.01840272,0.0009989814,0.0017401633
11263,0.73739934,0.0415304,0.00019028228,0.0030555152,0.18935318,0.801012,0.00041499437,0.5189085,0.0026036438,0.004244968,0.012892316,0.0021192369,0.01670276,0.00037549768,0.00068897364,0.15024853,1.36931685e-05,0.04251032,0.054596916,0.000661012,0.0018076176,0.802141,0.0023616,0.002254763
11265,0.01588679,0.025574941,0.0070040245,0.044472918,0.5766715,0.049273886,0.013721235,0.6416605,0.05024995,0.05462426,0.0043440475,0.0105411215,0.029566523,0.07206831,0.030803766,0.04022726,9.404155e-05,0.39786053,0.034422573,0.01070352,0.020981377,0.078047425,0.0063176774,0.0020593482
11269,0.06989179,0.079678066,0.017494813,0.007901309,0.77795094,0.2305008,0.000621466,0.30056146,0.13287517,0.11217294,0.00988545,0.003246792,0.07952872,0.035928514,0.051344495,0.1039899,2.7817363e-05,0.3096807,0.024353968,0.022272762,0.010985098,0.16774727,0.0010806477,0.0058357106
11270,0.2831613,0.35126397,0.07594811,0.0035689028,0.71932304,0.14797357,0.00040553414,0.17004958,0.2937546,0.24789323,0.002121106,0.0043429323,0.13956927,0.014015351,0.040085718,0.063995905,2.0325158e-05,0.16748475,0.10150811,0.018941013,0.011719572,0.17684393,0.002667376,0.012310899
11275,0.5307455,0.43213776,0.05013864,0.0014035719,0.35170805,0.018200807,0.0025090459,0.06936775,0.15714978,0.1787237,3.6135418e-05,0.0020976567,0.3503376,0.0056923865,0.0063451747,0.027772656,1.8877743e-05,0.026998224,0.77197516,0.004346218,0.01102728,0.21046406,0.00135925,0.0006430985
